,PNM
2023-01-01 00:00:00+00:00,0.0
2023-01-01 01:00:00+00:00,0.0
2023-01-01 02:00:00+00:00,0.0
2023-01-01 03:00:00+00:00,0.0
2023-01-01 04:00:00+00:00,0.0
2023-01-01 05:00:00+00:00,0.0
2023-01-01 06:00:00+00:00,0.0
2023-01-01 07:00:00+00:00,0.0
2023-01-01 08:00:00+00:00,0.0
2023-01-01 09:00:00+00:00,0.0
2023-01-01 10:00:00+00:00,0.0
2023-01-01 11:00:00+00:00,0.0
2023-01-01 12:00:00+00:00,0.0
2023-01-01 13:00:00+00:00,0.0
2023-01-01 14:00:00+00:00,0.0
2023-01-01 15:00:00+00:00,311.0376362558407
2023-01-01 16:00:00+00:00,210.92630810423358
2023-01-01 17:00:00+00:00,0.0
2023-01-01 18:00:00+00:00,297.8580020709326
2023-01-01 19:00:00+00:00,310.30895868800167
2023-01-01 20:00:00+00:00,318.59253688716075
2023-01-01 21:00:00+00:00,289.46314291241896
2023-01-01 22:00:00+00:00,166.55903930876434
2023-01-01 23:00:00+00:00,59.08296697665711
2023-01-02 00:00:00+00:00,0.0
2023-01-02 01:00:00+00:00,0.0
2023-01-02 02:00:00+00:00,0.0
2023-01-02 03:00:00+00:00,0.0
2023-01-02 04:00:00+00:00,0.0
2023-01-02 05:00:00+00:00,0.0
2023-01-02 06:00:00+00:00,0.0
2023-01-02 07:00:00+00:00,0.0
2023-01-02 08:00:00+00:00,0.0
2023-01-02 09:00:00+00:00,0.0
2023-01-02 10:00:00+00:00,0.0
2023-01-02 11:00:00+00:00,0.0
2023-01-02 12:00:00+00:00,0.0
2023-01-02 13:00:00+00:00,0.0
2023-01-02 14:00:00+00:00,0.0
2023-01-02 15:00:00+00:00,545.9497100508785
2023-01-02 16:00:00+00:00,329.7463824493142
2023-01-02 17:00:00+00:00,0.0
2023-01-02 18:00:00+00:00,539.8098220316641
2023-01-02 19:00:00+00:00,505.835047062139
2023-01-02 20:00:00+00:00,450.6338644883981
2023-01-02 21:00:00+00:00,375.7447312287061
2023-01-02 22:00:00+00:00,271.8368818493005
2023-01-02 23:00:00+00:00,101.55855413843786
2023-01-03 00:00:00+00:00,0.0
2023-01-03 01:00:00+00:00,0.0
2023-01-03 02:00:00+00:00,0.0
2023-01-03 03:00:00+00:00,0.0
2023-01-03 04:00:00+00:00,0.0
2023-01-03 05:00:00+00:00,0.0
2023-01-03 06:00:00+00:00,0.0
2023-01-03 07:00:00+00:00,0.0
2023-01-03 08:00:00+00:00,0.0
2023-01-03 09:00:00+00:00,0.0
2023-01-03 10:00:00+00:00,0.0
2023-01-03 11:00:00+00:00,0.0
2023-01-03 12:00:00+00:00,0.0
2023-01-03 13:00:00+00:00,0.0
2023-01-03 14:00:00+00:00,0.0
2023-01-03 15:00:00+00:00,549.3094390877222
2023-01-03 16:00:00+00:00,335.67297041153
2023-01-03 17:00:00+00:00,0.0
2023-01-03 18:00:00+00:00,470.2252284629205
2023-01-03 19:00:00+00:00,462.7786147269339
2023-01-03 20:00:00+00:00,415.1206793075001
2023-01-03 21:00:00+00:00,344.2314700092008
2023-01-03 22:00:00+00:00,240.51445098304825
2023-01-03 23:00:00+00:00,95.94301671601517
2023-01-04 00:00:00+00:00,0.0
2023-01-04 01:00:00+00:00,0.0
2023-01-04 02:00:00+00:00,0.0
2023-01-04 03:00:00+00:00,0.0
2023-01-04 04:00:00+00:00,0.0
2023-01-04 05:00:00+00:00,0.0
2023-01-04 06:00:00+00:00,0.0
2023-01-04 07:00:00+00:00,0.0
2023-01-04 08:00:00+00:00,0.0
2023-01-04 09:00:00+00:00,0.0
2023-01-04 10:00:00+00:00,0.0
2023-01-04 11:00:00+00:00,0.0
2023-01-04 12:00:00+00:00,0.0
2023-01-04 13:00:00+00:00,0.0
2023-01-04 14:00:00+00:00,0.0
2023-01-04 15:00:00+00:00,534.4769744312988
2023-01-04 16:00:00+00:00,327.0718751769611
2023-01-04 17:00:00+00:00,0.0
2023-01-04 18:00:00+00:00,489.78569771987804
2023-01-04 19:00:00+00:00,461.7015388975801
2023-01-04 20:00:00+00:00,400.08856361192335
2023-01-04 21:00:00+00:00,312.7610331765477
2023-01-04 22:00:00+00:00,212.06832123253977
2023-01-04 23:00:00+00:00,75.35868891746611
2023-01-05 00:00:00+00:00,0.0
2023-01-05 01:00:00+00:00,0.0
2023-01-05 02:00:00+00:00,0.0
2023-01-05 03:00:00+00:00,0.0
2023-01-05 04:00:00+00:00,0.0
2023-01-05 05:00:00+00:00,0.0
2023-01-05 06:00:00+00:00,0.0
2023-01-05 07:00:00+00:00,0.0
2023-01-05 08:00:00+00:00,0.0
2023-01-05 09:00:00+00:00,0.0
2023-01-05 10:00:00+00:00,0.0
2023-01-05 11:00:00+00:00,0.0
2023-01-05 12:00:00+00:00,0.0
2023-01-05 13:00:00+00:00,0.0
2023-01-05 14:00:00+00:00,0.0
2023-01-05 15:00:00+00:00,494.0677987912465
2023-01-05 16:00:00+00:00,326.4685759913358
2023-01-05 17:00:00+00:00,0.0
2023-01-05 18:00:00+00:00,475.88067268270123
2023-01-05 19:00:00+00:00,416.5521055433026
2023-01-05 20:00:00+00:00,380.46774004842104
2023-01-05 21:00:00+00:00,356.1761542044803
2023-01-05 22:00:00+00:00,237.51162771582392
2023-01-05 23:00:00+00:00,66.68936503649932
2023-01-06 00:00:00+00:00,0.0
2023-01-06 01:00:00+00:00,0.0
2023-01-06 02:00:00+00:00,0.0
2023-01-06 03:00:00+00:00,0.0
2023-01-06 04:00:00+00:00,0.0
2023-01-06 05:00:00+00:00,0.0
2023-01-06 06:00:00+00:00,0.0
2023-01-06 07:00:00+00:00,0.0
2023-01-06 08:00:00+00:00,0.0
2023-01-06 09:00:00+00:00,0.0
2023-01-06 10:00:00+00:00,0.0
2023-01-06 11:00:00+00:00,0.0
2023-01-06 12:00:00+00:00,0.0
2023-01-06 13:00:00+00:00,0.0
2023-01-06 14:00:00+00:00,0.0
2023-01-06 15:00:00+00:00,538.7279928710434
2023-01-06 16:00:00+00:00,333.2817707103973
2023-01-06 17:00:00+00:00,0.0
2023-01-06 18:00:00+00:00,524.6717198982119
2023-01-06 19:00:00+00:00,502.36596658602247
2023-01-06 20:00:00+00:00,452.19415698020475
2023-01-06 21:00:00+00:00,400.16890210603316
2023-01-06 22:00:00+00:00,296.6725996900295
2023-01-06 23:00:00+00:00,119.47039089662172
2023-01-07 00:00:00+00:00,0.0
2023-01-07 01:00:00+00:00,0.0
2023-01-07 02:00:00+00:00,0.0
2023-01-07 03:00:00+00:00,0.0
2023-01-07 04:00:00+00:00,0.0
2023-01-07 05:00:00+00:00,0.0
2023-01-07 06:00:00+00:00,0.0
2023-01-07 07:00:00+00:00,0.0
2023-01-07 08:00:00+00:00,0.0
2023-01-07 09:00:00+00:00,0.0
2023-01-07 10:00:00+00:00,0.0
2023-01-07 11:00:00+00:00,0.0
2023-01-07 12:00:00+00:00,0.0
2023-01-07 13:00:00+00:00,0.0
2023-01-07 14:00:00+00:00,0.0
2023-01-07 15:00:00+00:00,549.0488869060063
2023-01-07 16:00:00+00:00,350.34629623090837
2023-01-07 17:00:00+00:00,0.0
2023-01-07 18:00:00+00:00,536.4859910497913
2023-01-07 19:00:00+00:00,507.9331685092994
2023-01-07 20:00:00+00:00,467.6723319616506
2023-01-07 21:00:00+00:00,405.36209334331807
2023-01-07 22:00:00+00:00,302.055103931451
2023-01-07 23:00:00+00:00,122.67091337444789
2023-01-08 00:00:00+00:00,0.0
2023-01-08 01:00:00+00:00,0.0
2023-01-08 02:00:00+00:00,0.0
2023-01-08 03:00:00+00:00,0.0
2023-01-08 04:00:00+00:00,0.0
2023-01-08 05:00:00+00:00,0.0
2023-01-08 06:00:00+00:00,0.0
2023-01-08 07:00:00+00:00,0.0
2023-01-08 08:00:00+00:00,0.0
2023-01-08 09:00:00+00:00,0.0
2023-01-08 10:00:00+00:00,0.0
2023-01-08 11:00:00+00:00,0.0
2023-01-08 12:00:00+00:00,0.0
2023-01-08 13:00:00+00:00,0.0
2023-01-08 14:00:00+00:00,0.0
2023-01-08 15:00:00+00:00,448.4229600552083
2023-01-08 16:00:00+00:00,323.977490989406
2023-01-08 17:00:00+00:00,0.0
2023-01-08 18:00:00+00:00,531.3991440918458
2023-01-08 19:00:00+00:00,502.52221670519316
2023-01-08 20:00:00+00:00,452.32088072039886
2023-01-08 21:00:00+00:00,374.0534558529291
2023-01-08 22:00:00+00:00,245.34234240739136
2023-01-08 23:00:00+00:00,96.46647092407433
2023-01-09 00:00:00+00:00,0.0
2023-01-09 01:00:00+00:00,0.0
2023-01-09 02:00:00+00:00,0.0
2023-01-09 03:00:00+00:00,0.0
2023-01-09 04:00:00+00:00,0.0
2023-01-09 05:00:00+00:00,0.0
2023-01-09 06:00:00+00:00,0.0
2023-01-09 07:00:00+00:00,0.0
2023-01-09 08:00:00+00:00,0.0
2023-01-09 09:00:00+00:00,0.0
2023-01-09 10:00:00+00:00,0.0
2023-01-09 11:00:00+00:00,0.0
2023-01-09 12:00:00+00:00,0.0
2023-01-09 13:00:00+00:00,0.0
2023-01-09 14:00:00+00:00,0.0
2023-01-09 15:00:00+00:00,362.16851433122514
2023-01-09 16:00:00+00:00,234.31231086588915
2023-01-09 17:00:00+00:00,0.0
2023-01-09 18:00:00+00:00,315.15364518174687
2023-01-09 19:00:00+00:00,251.83264907535423
2023-01-09 20:00:00+00:00,236.67817724099726
2023-01-09 21:00:00+00:00,175.22077899300078
2023-01-09 22:00:00+00:00,132.60892537207394
2023-01-09 23:00:00+00:00,53.919015450360895
2023-01-10 00:00:00+00:00,0.0
2023-01-10 01:00:00+00:00,0.0
2023-01-10 02:00:00+00:00,0.0
2023-01-10 03:00:00+00:00,0.0
2023-01-10 04:00:00+00:00,0.0
2023-01-10 05:00:00+00:00,0.0
2023-01-10 06:00:00+00:00,0.0
2023-01-10 07:00:00+00:00,0.0
2023-01-10 08:00:00+00:00,0.0
2023-01-10 09:00:00+00:00,0.0
2023-01-10 10:00:00+00:00,0.0
2023-01-10 11:00:00+00:00,0.0
2023-01-10 12:00:00+00:00,0.0
2023-01-10 13:00:00+00:00,0.0
2023-01-10 14:00:00+00:00,0.0
2023-01-10 15:00:00+00:00,400.21919163658913
2023-01-10 16:00:00+00:00,263.3824682606969
2023-01-10 17:00:00+00:00,0.0
2023-01-10 18:00:00+00:00,371.9262251427399
2023-01-10 19:00:00+00:00,345.7940151687231
2023-01-10 20:00:00+00:00,311.62171531220787
2023-01-10 21:00:00+00:00,267.12711189508224
2023-01-10 22:00:00+00:00,192.19601656720138
2023-01-10 23:00:00+00:00,84.623655335852
2023-01-11 00:00:00+00:00,0.0
2023-01-11 01:00:00+00:00,0.0
2023-01-11 02:00:00+00:00,0.0
2023-01-11 03:00:00+00:00,0.0
2023-01-11 04:00:00+00:00,0.0
2023-01-11 05:00:00+00:00,0.0
2023-01-11 06:00:00+00:00,0.0
2023-01-11 07:00:00+00:00,0.0
2023-01-11 08:00:00+00:00,0.0
2023-01-11 09:00:00+00:00,0.0
2023-01-11 10:00:00+00:00,0.0
2023-01-11 11:00:00+00:00,0.0
2023-01-11 12:00:00+00:00,0.0
2023-01-11 13:00:00+00:00,0.0
2023-01-11 14:00:00+00:00,0.0
2023-01-11 15:00:00+00:00,538.710783446308
2023-01-11 16:00:00+00:00,347.5343435450029
2023-01-11 17:00:00+00:00,0.0
2023-01-11 18:00:00+00:00,479.2922859897283
2023-01-11 19:00:00+00:00,470.6628641442303
2023-01-11 20:00:00+00:00,449.5306988274943
2023-01-11 21:00:00+00:00,389.35339355314903
2023-01-11 22:00:00+00:00,295.1464822304962
2023-01-11 23:00:00+00:00,100.62196239626887
2023-01-12 00:00:00+00:00,0.0
2023-01-12 01:00:00+00:00,0.0
2023-01-12 02:00:00+00:00,0.0
2023-01-12 03:00:00+00:00,0.0
2023-01-12 04:00:00+00:00,0.0
2023-01-12 05:00:00+00:00,0.0
2023-01-12 06:00:00+00:00,0.0
2023-01-12 07:00:00+00:00,0.0
2023-01-12 08:00:00+00:00,0.0
2023-01-12 09:00:00+00:00,0.0
2023-01-12 10:00:00+00:00,0.0
2023-01-12 11:00:00+00:00,0.0
2023-01-12 12:00:00+00:00,0.0
2023-01-12 13:00:00+00:00,0.0
2023-01-12 14:00:00+00:00,0.0
2023-01-12 15:00:00+00:00,581.5560024033433
2023-01-12 16:00:00+00:00,386.3492091843362
2023-01-12 17:00:00+00:00,0.0
2023-01-12 18:00:00+00:00,546.0313280424309
2023-01-12 19:00:00+00:00,518.2933634191593
2023-01-12 20:00:00+00:00,482.74122293688407
2023-01-12 21:00:00+00:00,424.44987241467953
2023-01-12 22:00:00+00:00,324.00172873010507
2023-01-12 23:00:00+00:00,145.06671251095347
2023-01-13 00:00:00+00:00,0.0
2023-01-13 01:00:00+00:00,0.0
2023-01-13 02:00:00+00:00,0.0
2023-01-13 03:00:00+00:00,0.0
2023-01-13 04:00:00+00:00,0.0
2023-01-13 05:00:00+00:00,0.0
2023-01-13 06:00:00+00:00,0.0
2023-01-13 07:00:00+00:00,0.0
2023-01-13 08:00:00+00:00,0.0
2023-01-13 09:00:00+00:00,0.0
2023-01-13 10:00:00+00:00,0.0
2023-01-13 11:00:00+00:00,0.0
2023-01-13 12:00:00+00:00,0.0
2023-01-13 13:00:00+00:00,0.0
2023-01-13 14:00:00+00:00,0.0
2023-01-13 15:00:00+00:00,568.884597731235
2023-01-13 16:00:00+00:00,377.82650301205587
2023-01-13 17:00:00+00:00,0.0
2023-01-13 18:00:00+00:00,534.8080366934828
2023-01-13 19:00:00+00:00,507.34109483318224
2023-01-13 20:00:00+00:00,466.50188389435334
2023-01-13 21:00:00+00:00,406.69143216027277
2023-01-13 22:00:00+00:00,307.42155734729823
2023-01-13 23:00:00+00:00,130.83661311079433
2023-01-14 00:00:00+00:00,0.0
2023-01-14 01:00:00+00:00,0.0
2023-01-14 02:00:00+00:00,0.0
2023-01-14 03:00:00+00:00,0.0
2023-01-14 04:00:00+00:00,0.0
2023-01-14 05:00:00+00:00,0.0
2023-01-14 06:00:00+00:00,0.0
2023-01-14 07:00:00+00:00,0.0
2023-01-14 08:00:00+00:00,0.0
2023-01-14 09:00:00+00:00,0.0
2023-01-14 10:00:00+00:00,0.0
2023-01-14 11:00:00+00:00,0.0
2023-01-14 12:00:00+00:00,0.0
2023-01-14 13:00:00+00:00,0.0
2023-01-14 14:00:00+00:00,0.0
2023-01-14 15:00:00+00:00,460.1420091451366
2023-01-14 16:00:00+00:00,327.23459324857123
2023-01-14 17:00:00+00:00,0.0
2023-01-14 18:00:00+00:00,477.91754046212037
2023-01-14 19:00:00+00:00,465.5750788108424
2023-01-14 20:00:00+00:00,432.17844313136175
2023-01-14 21:00:00+00:00,365.9275535880086
2023-01-14 22:00:00+00:00,271.5503182196925
2023-01-14 23:00:00+00:00,109.75792834465665
2023-01-15 00:00:00+00:00,0.0
2023-01-15 01:00:00+00:00,0.0
2023-01-15 02:00:00+00:00,0.0
2023-01-15 03:00:00+00:00,0.0
2023-01-15 04:00:00+00:00,0.0
2023-01-15 05:00:00+00:00,0.0
2023-01-15 06:00:00+00:00,0.0
2023-01-15 07:00:00+00:00,0.0
2023-01-15 08:00:00+00:00,0.0
2023-01-15 09:00:00+00:00,0.0
2023-01-15 10:00:00+00:00,0.0
2023-01-15 11:00:00+00:00,0.0
2023-01-15 12:00:00+00:00,0.0
2023-01-15 13:00:00+00:00,0.0
2023-01-15 14:00:00+00:00,0.0
2023-01-15 15:00:00+00:00,565.8745902928158
2023-01-15 16:00:00+00:00,388.4923654465369
2023-01-15 17:00:00+00:00,0.0
2023-01-15 18:00:00+00:00,547.2025969006322
2023-01-15 19:00:00+00:00,516.7299334057174
2023-01-15 20:00:00+00:00,469.4712800396662
2023-01-15 21:00:00+00:00,408.6739809860662
2023-01-15 22:00:00+00:00,296.5427199047464
2023-01-15 23:00:00+00:00,122.1235222745026
2023-01-16 00:00:00+00:00,0.0
2023-01-16 01:00:00+00:00,0.0
2023-01-16 02:00:00+00:00,0.0
2023-01-16 03:00:00+00:00,0.0
2023-01-16 04:00:00+00:00,0.0
2023-01-16 05:00:00+00:00,0.0
2023-01-16 06:00:00+00:00,0.0
2023-01-16 07:00:00+00:00,0.0
2023-01-16 08:00:00+00:00,0.0
2023-01-16 09:00:00+00:00,0.0
2023-01-16 10:00:00+00:00,0.0
2023-01-16 11:00:00+00:00,0.0
2023-01-16 12:00:00+00:00,0.0
2023-01-16 13:00:00+00:00,0.0
2023-01-16 14:00:00+00:00,0.0
2023-01-16 15:00:00+00:00,474.17245115105607
2023-01-16 16:00:00+00:00,321.4592132755441
2023-01-16 17:00:00+00:00,0.0
2023-01-16 18:00:00+00:00,470.2596355924698
2023-01-16 19:00:00+00:00,436.49336852177044
2023-01-16 20:00:00+00:00,419.98986522171253
2023-01-16 21:00:00+00:00,365.61850667457657
2023-01-16 22:00:00+00:00,282.31120930163326
2023-01-16 23:00:00+00:00,142.1483333441325
2023-01-17 00:00:00+00:00,0.0
2023-01-17 01:00:00+00:00,0.0
2023-01-17 02:00:00+00:00,0.0
2023-01-17 03:00:00+00:00,0.0
2023-01-17 04:00:00+00:00,0.0
2023-01-17 05:00:00+00:00,0.0
2023-01-17 06:00:00+00:00,0.0
2023-01-17 07:00:00+00:00,0.0
2023-01-17 08:00:00+00:00,0.0
2023-01-17 09:00:00+00:00,0.0
2023-01-17 10:00:00+00:00,0.0
2023-01-17 11:00:00+00:00,0.0
2023-01-17 12:00:00+00:00,0.0
2023-01-17 13:00:00+00:00,0.0
2023-01-17 14:00:00+00:00,0.0
2023-01-17 15:00:00+00:00,532.8882015090866
2023-01-17 16:00:00+00:00,353.0127731343776
2023-01-17 17:00:00+00:00,0.0
2023-01-17 18:00:00+00:00,503.5151815760266
2023-01-17 19:00:00+00:00,448.01883312579315
2023-01-17 20:00:00+00:00,412.52864622986294
2023-01-17 21:00:00+00:00,325.80540146650225
2023-01-17 22:00:00+00:00,248.18121886840495
2023-01-17 23:00:00+00:00,101.5084363037916
2023-01-18 00:00:00+00:00,0.0
2023-01-18 01:00:00+00:00,0.0
2023-01-18 02:00:00+00:00,0.0
2023-01-18 03:00:00+00:00,0.0
2023-01-18 04:00:00+00:00,0.0
2023-01-18 05:00:00+00:00,0.0
2023-01-18 06:00:00+00:00,0.0
2023-01-18 07:00:00+00:00,0.0
2023-01-18 08:00:00+00:00,0.0
2023-01-18 09:00:00+00:00,0.0
2023-01-18 10:00:00+00:00,0.0
2023-01-18 11:00:00+00:00,0.0
2023-01-18 12:00:00+00:00,0.0
2023-01-18 13:00:00+00:00,0.0
2023-01-18 14:00:00+00:00,0.0
2023-01-18 15:00:00+00:00,497.6690143318819
2023-01-18 16:00:00+00:00,325.3012028851876
2023-01-18 17:00:00+00:00,0.0
2023-01-18 18:00:00+00:00,460.5496808505641
2023-01-18 19:00:00+00:00,338.2398214784351
2023-01-18 20:00:00+00:00,298.04428490131346
2023-01-18 21:00:00+00:00,240.16646669407191
2023-01-18 22:00:00+00:00,198.63692660614754
2023-01-18 23:00:00+00:00,97.10476623312134
2023-01-19 00:00:00+00:00,0.0
2023-01-19 01:00:00+00:00,0.0
2023-01-19 02:00:00+00:00,0.0
2023-01-19 03:00:00+00:00,0.0
2023-01-19 04:00:00+00:00,0.0
2023-01-19 05:00:00+00:00,0.0
2023-01-19 06:00:00+00:00,0.0
2023-01-19 07:00:00+00:00,0.0
2023-01-19 08:00:00+00:00,0.0
2023-01-19 09:00:00+00:00,0.0
2023-01-19 10:00:00+00:00,0.0
2023-01-19 11:00:00+00:00,0.0
2023-01-19 12:00:00+00:00,0.0
2023-01-19 13:00:00+00:00,0.0
2023-01-19 14:00:00+00:00,0.0
2023-01-19 15:00:00+00:00,376.85163235961136
2023-01-19 16:00:00+00:00,253.75966352477107
2023-01-19 17:00:00+00:00,0.0
2023-01-19 18:00:00+00:00,279.2654421604547
2023-01-19 19:00:00+00:00,244.62039055354498
2023-01-19 20:00:00+00:00,223.50993104443003
2023-01-19 21:00:00+00:00,200.59273882754724
2023-01-19 22:00:00+00:00,107.52254959831451
2023-01-19 23:00:00+00:00,36.618697013796954
2023-01-20 00:00:00+00:00,0.0
2023-01-20 01:00:00+00:00,0.0
2023-01-20 02:00:00+00:00,0.0
2023-01-20 03:00:00+00:00,0.0
2023-01-20 04:00:00+00:00,0.0
2023-01-20 05:00:00+00:00,0.0
2023-01-20 06:00:00+00:00,0.0
2023-01-20 07:00:00+00:00,0.0
2023-01-20 08:00:00+00:00,0.0
2023-01-20 09:00:00+00:00,0.0
2023-01-20 10:00:00+00:00,0.0
2023-01-20 11:00:00+00:00,0.0
2023-01-20 12:00:00+00:00,0.0
2023-01-20 13:00:00+00:00,0.0
2023-01-20 14:00:00+00:00,0.0
2023-01-20 15:00:00+00:00,185.7550320631099
2023-01-20 16:00:00+00:00,151.58789497221235
2023-01-20 17:00:00+00:00,0.0
2023-01-20 18:00:00+00:00,432.23450038572815
2023-01-20 19:00:00+00:00,427.2312853899489
2023-01-20 20:00:00+00:00,383.2307002558009
2023-01-20 21:00:00+00:00,360.58145983848084
2023-01-20 22:00:00+00:00,284.8951082341358
2023-01-20 23:00:00+00:00,137.30598278552498
2023-01-21 00:00:00+00:00,0.0
2023-01-21 01:00:00+00:00,0.0
2023-01-21 02:00:00+00:00,0.0
2023-01-21 03:00:00+00:00,0.0
2023-01-21 04:00:00+00:00,0.0
2023-01-21 05:00:00+00:00,0.0
2023-01-21 06:00:00+00:00,0.0
2023-01-21 07:00:00+00:00,0.0
2023-01-21 08:00:00+00:00,0.0
2023-01-21 09:00:00+00:00,0.0
2023-01-21 10:00:00+00:00,0.0
2023-01-21 11:00:00+00:00,0.0
2023-01-21 12:00:00+00:00,0.0
2023-01-21 13:00:00+00:00,0.0
2023-01-21 14:00:00+00:00,0.0
2023-01-21 15:00:00+00:00,550.9516210520654
2023-01-21 16:00:00+00:00,386.59184081840095
2023-01-21 17:00:00+00:00,0.0
2023-01-21 18:00:00+00:00,533.2046381650233
2023-01-21 19:00:00+00:00,472.9596905903108
2023-01-21 20:00:00+00:00,391.082476755668
2023-01-21 21:00:00+00:00,342.1246294127877
2023-01-21 22:00:00+00:00,257.8406396907567
2023-01-21 23:00:00+00:00,123.03505123438606
2023-01-22 00:00:00+00:00,0.0
2023-01-22 01:00:00+00:00,0.0
2023-01-22 02:00:00+00:00,0.0
2023-01-22 03:00:00+00:00,0.0
2023-01-22 04:00:00+00:00,0.0
2023-01-22 05:00:00+00:00,0.0
2023-01-22 06:00:00+00:00,0.0
2023-01-22 07:00:00+00:00,0.0
2023-01-22 08:00:00+00:00,0.0
2023-01-22 09:00:00+00:00,0.0
2023-01-22 10:00:00+00:00,0.0
2023-01-22 11:00:00+00:00,0.0
2023-01-22 12:00:00+00:00,0.0
2023-01-22 13:00:00+00:00,0.0
2023-01-22 14:00:00+00:00,0.0
2023-01-22 15:00:00+00:00,456.5991605425913
2023-01-22 16:00:00+00:00,314.0028447926795
2023-01-22 17:00:00+00:00,0.0
2023-01-22 18:00:00+00:00,432.09117397668973
2023-01-22 19:00:00+00:00,401.9092082108145
2023-01-22 20:00:00+00:00,350.83749468886845
2023-01-22 21:00:00+00:00,354.68743739293876
2023-01-22 22:00:00+00:00,236.01663551252133
2023-01-22 23:00:00+00:00,101.78744109811983
2023-01-23 00:00:00+00:00,0.0
2023-01-23 01:00:00+00:00,0.0
2023-01-23 02:00:00+00:00,0.0
2023-01-23 03:00:00+00:00,0.0
2023-01-23 04:00:00+00:00,0.0
2023-01-23 05:00:00+00:00,0.0
2023-01-23 06:00:00+00:00,0.0
2023-01-23 07:00:00+00:00,0.0
2023-01-23 08:00:00+00:00,0.0
2023-01-23 09:00:00+00:00,0.0
2023-01-23 10:00:00+00:00,0.0
2023-01-23 11:00:00+00:00,0.0
2023-01-23 12:00:00+00:00,0.0
2023-01-23 13:00:00+00:00,0.0
2023-01-23 14:00:00+00:00,0.0
2023-01-23 15:00:00+00:00,459.5114711864731
2023-01-23 16:00:00+00:00,354.28270484647055
2023-01-23 17:00:00+00:00,20.815459163490022
2023-01-23 18:00:00+00:00,408.0209789784902
2023-01-23 19:00:00+00:00,390.7325054754119
2023-01-23 20:00:00+00:00,328.7117278049348
2023-01-23 21:00:00+00:00,225.21292034770758
2023-01-23 22:00:00+00:00,178.66635240573603
2023-01-23 23:00:00+00:00,60.44807952977096
2023-01-24 00:00:00+00:00,0.0
2023-01-24 01:00:00+00:00,0.0
2023-01-24 02:00:00+00:00,0.0
2023-01-24 03:00:00+00:00,0.0
2023-01-24 04:00:00+00:00,0.0
2023-01-24 05:00:00+00:00,0.0
2023-01-24 06:00:00+00:00,0.0
2023-01-24 07:00:00+00:00,0.0
2023-01-24 08:00:00+00:00,0.0
2023-01-24 09:00:00+00:00,0.0
2023-01-24 10:00:00+00:00,0.0
2023-01-24 11:00:00+00:00,0.0
2023-01-24 12:00:00+00:00,0.0
2023-01-24 13:00:00+00:00,0.0
2023-01-24 14:00:00+00:00,0.0
2023-01-24 15:00:00+00:00,517.7896680011085
2023-01-24 16:00:00+00:00,417.8058683359109
2023-01-24 17:00:00+00:00,66.99435406141454
2023-01-24 18:00:00+00:00,478.49796240436564
2023-01-24 19:00:00+00:00,458.70371641157504
2023-01-24 20:00:00+00:00,387.61965399810225
2023-01-24 21:00:00+00:00,367.1240546274889
2023-01-24 22:00:00+00:00,274.0073355445202
2023-01-24 23:00:00+00:00,136.75263224474756
2023-01-25 00:00:00+00:00,0.0
2023-01-25 01:00:00+00:00,0.0
2023-01-25 02:00:00+00:00,0.0
2023-01-25 03:00:00+00:00,0.0
2023-01-25 04:00:00+00:00,0.0
2023-01-25 05:00:00+00:00,0.0
2023-01-25 06:00:00+00:00,0.0
2023-01-25 07:00:00+00:00,0.0
2023-01-25 08:00:00+00:00,0.0
2023-01-25 09:00:00+00:00,0.0
2023-01-25 10:00:00+00:00,0.0
2023-01-25 11:00:00+00:00,0.0
2023-01-25 12:00:00+00:00,0.0
2023-01-25 13:00:00+00:00,0.0
2023-01-25 14:00:00+00:00,0.0
2023-01-25 15:00:00+00:00,589.2596622662994
2023-01-25 16:00:00+00:00,402.8595758733258
2023-01-25 17:00:00+00:00,70.75696131444924
2023-01-25 18:00:00+00:00,469.8535580785524
2023-01-25 19:00:00+00:00,438.4931970272896
2023-01-25 20:00:00+00:00,403.1255485138845
2023-01-25 21:00:00+00:00,344.226357866964
2023-01-25 22:00:00+00:00,264.89816337466146
2023-01-25 23:00:00+00:00,135.93749112550026
2023-01-26 00:00:00+00:00,0.0
2023-01-26 01:00:00+00:00,0.0
2023-01-26 02:00:00+00:00,0.0
2023-01-26 03:00:00+00:00,0.0
2023-01-26 04:00:00+00:00,0.0
2023-01-26 05:00:00+00:00,0.0
2023-01-26 06:00:00+00:00,0.0
2023-01-26 07:00:00+00:00,0.0
2023-01-26 08:00:00+00:00,0.0
2023-01-26 09:00:00+00:00,0.0
2023-01-26 10:00:00+00:00,0.0
2023-01-26 11:00:00+00:00,0.0
2023-01-26 12:00:00+00:00,0.0
2023-01-26 13:00:00+00:00,0.0
2023-01-26 14:00:00+00:00,0.0
2023-01-26 15:00:00+00:00,394.34597153227986
2023-01-26 16:00:00+00:00,407.1202381077448
2023-01-26 17:00:00+00:00,87.51439371399078
2023-01-26 18:00:00+00:00,478.2369236539577
2023-01-26 19:00:00+00:00,444.8620094574433
2023-01-26 20:00:00+00:00,394.3271574931287
2023-01-26 21:00:00+00:00,323.5979775704895
2023-01-26 22:00:00+00:00,263.3488764542522
2023-01-26 23:00:00+00:00,143.49950596957862
2023-01-27 00:00:00+00:00,0.0
2023-01-27 01:00:00+00:00,0.0
2023-01-27 02:00:00+00:00,0.0
2023-01-27 03:00:00+00:00,0.0
2023-01-27 04:00:00+00:00,0.0
2023-01-27 05:00:00+00:00,0.0
2023-01-27 06:00:00+00:00,0.0
2023-01-27 07:00:00+00:00,0.0
2023-01-27 08:00:00+00:00,0.0
2023-01-27 09:00:00+00:00,0.0
2023-01-27 10:00:00+00:00,0.0
2023-01-27 11:00:00+00:00,0.0
2023-01-27 12:00:00+00:00,0.0
2023-01-27 13:00:00+00:00,0.0
2023-01-27 14:00:00+00:00,0.0
2023-01-27 15:00:00+00:00,544.6752998644602
2023-01-27 16:00:00+00:00,430.3560731163937
2023-01-27 17:00:00+00:00,92.61113025263711
2023-01-27 18:00:00+00:00,459.12342164635083
2023-01-27 19:00:00+00:00,449.1183861176059
2023-01-27 20:00:00+00:00,438.30816781328303
2023-01-27 21:00:00+00:00,372.010764565141
2023-01-27 22:00:00+00:00,304.59512052291535
2023-01-27 23:00:00+00:00,162.83492463416167
2023-01-28 00:00:00+00:00,0.0
2023-01-28 01:00:00+00:00,0.0
2023-01-28 02:00:00+00:00,0.0
2023-01-28 03:00:00+00:00,0.0
2023-01-28 04:00:00+00:00,0.0
2023-01-28 05:00:00+00:00,0.0
2023-01-28 06:00:00+00:00,0.0
2023-01-28 07:00:00+00:00,0.0
2023-01-28 08:00:00+00:00,0.0
2023-01-28 09:00:00+00:00,0.0
2023-01-28 10:00:00+00:00,0.0
2023-01-28 11:00:00+00:00,0.0
2023-01-28 12:00:00+00:00,0.0
2023-01-28 13:00:00+00:00,0.0
2023-01-28 14:00:00+00:00,0.0
2023-01-28 15:00:00+00:00,355.41110444258055
2023-01-28 16:00:00+00:00,353.63073858396956
2023-01-28 17:00:00+00:00,77.9265199674192
2023-01-28 18:00:00+00:00,374.5883460449479
2023-01-28 19:00:00+00:00,368.11416996254974
2023-01-28 20:00:00+00:00,373.5513934028498
2023-01-28 21:00:00+00:00,328.9354411857726
2023-01-28 22:00:00+00:00,302.0647476668375
2023-01-28 23:00:00+00:00,188.01948660013235
2023-01-29 00:00:00+00:00,0.0
2023-01-29 01:00:00+00:00,0.0
2023-01-29 02:00:00+00:00,0.0
2023-01-29 03:00:00+00:00,0.0
2023-01-29 04:00:00+00:00,0.0
2023-01-29 05:00:00+00:00,0.0
2023-01-29 06:00:00+00:00,0.0
2023-01-29 07:00:00+00:00,0.0
2023-01-29 08:00:00+00:00,0.0
2023-01-29 09:00:00+00:00,0.0
2023-01-29 10:00:00+00:00,0.0
2023-01-29 11:00:00+00:00,0.0
2023-01-29 12:00:00+00:00,0.0
2023-01-29 13:00:00+00:00,0.0
2023-01-29 14:00:00+00:00,0.0
2023-01-29 15:00:00+00:00,404.32138418043206
2023-01-29 16:00:00+00:00,407.19560333450886
2023-01-29 17:00:00+00:00,103.5751601298157
2023-01-29 18:00:00+00:00,426.80799796524894
2023-01-29 19:00:00+00:00,388.2251161119124
2023-01-29 20:00:00+00:00,354.82682948931125
2023-01-29 21:00:00+00:00,342.0052499321378
2023-01-29 22:00:00+00:00,294.7600656928667
2023-01-29 23:00:00+00:00,175.12893879142803
2023-01-30 00:00:00+00:00,0.0
2023-01-30 01:00:00+00:00,0.0
2023-01-30 02:00:00+00:00,0.0
2023-01-30 03:00:00+00:00,0.0
2023-01-30 04:00:00+00:00,0.0
2023-01-30 05:00:00+00:00,0.0
2023-01-30 06:00:00+00:00,0.0
2023-01-30 07:00:00+00:00,0.0
2023-01-30 08:00:00+00:00,0.0
2023-01-30 09:00:00+00:00,0.0
2023-01-30 10:00:00+00:00,0.0
2023-01-30 11:00:00+00:00,0.0
2023-01-30 12:00:00+00:00,0.0
2023-01-30 13:00:00+00:00,0.0
2023-01-30 14:00:00+00:00,0.0
2023-01-30 15:00:00+00:00,381.14670828748257
2023-01-30 16:00:00+00:00,342.83351858843463
2023-01-30 17:00:00+00:00,66.50180392818882
2023-01-30 18:00:00+00:00,302.27471076317266
2023-01-30 19:00:00+00:00,293.8015737110448
2023-01-30 20:00:00+00:00,237.68592129182593
2023-01-30 21:00:00+00:00,207.36935240829803
2023-01-30 22:00:00+00:00,153.3416611625937
2023-01-30 23:00:00+00:00,81.6535724435249
2023-01-31 00:00:00+00:00,0.0
2023-01-31 01:00:00+00:00,0.0
2023-01-31 02:00:00+00:00,0.0
2023-01-31 03:00:00+00:00,0.0
2023-01-31 04:00:00+00:00,0.0
2023-01-31 05:00:00+00:00,0.0
2023-01-31 06:00:00+00:00,0.0
2023-01-31 07:00:00+00:00,0.0
2023-01-31 08:00:00+00:00,0.0
2023-01-31 09:00:00+00:00,0.0
2023-01-31 10:00:00+00:00,0.0
2023-01-31 11:00:00+00:00,0.0
2023-01-31 12:00:00+00:00,0.0
2023-01-31 13:00:00+00:00,0.0
2023-01-31 14:00:00+00:00,0.0
2023-01-31 15:00:00+00:00,592.0359277918981
2023-01-31 16:00:00+00:00,538.8071163188896
2023-01-31 17:00:00+00:00,150.7169294932586
2023-01-31 18:00:00+00:00,545.7501852117016
2023-01-31 19:00:00+00:00,514.0279311519304
2023-01-31 20:00:00+00:00,482.24062897502586
2023-01-31 21:00:00+00:00,426.2269535447908
2023-01-31 22:00:00+00:00,343.0227741842739
2023-01-31 23:00:00+00:00,181.41617909345368
2023-02-01 00:00:00+00:00,0.0
2023-02-01 01:00:00+00:00,0.0
2023-02-01 02:00:00+00:00,0.0
2023-02-01 03:00:00+00:00,0.0
2023-02-01 04:00:00+00:00,0.0
2023-02-01 05:00:00+00:00,0.0
2023-02-01 06:00:00+00:00,0.0
2023-02-01 07:00:00+00:00,0.0
2023-02-01 08:00:00+00:00,0.0
2023-02-01 09:00:00+00:00,0.0
2023-02-01 10:00:00+00:00,0.0
2023-02-01 11:00:00+00:00,0.0
2023-02-01 12:00:00+00:00,0.0
2023-02-01 13:00:00+00:00,0.0
2023-02-01 14:00:00+00:00,0.0
2023-02-01 15:00:00+00:00,380.30911402030284
2023-02-01 16:00:00+00:00,380.60185014346183
2023-02-01 17:00:00+00:00,106.10257544773594
2023-02-01 18:00:00+00:00,352.6229026974038
2023-02-01 19:00:00+00:00,321.6760674788338
2023-02-01 20:00:00+00:00,285.38922646695937
2023-02-01 21:00:00+00:00,211.63760463464962
2023-02-01 22:00:00+00:00,139.96070564580398
2023-02-01 23:00:00+00:00,61.16058785700114
2023-02-02 00:00:00+00:00,0.0
2023-02-02 01:00:00+00:00,0.0
2023-02-02 02:00:00+00:00,0.0
2023-02-02 03:00:00+00:00,0.0
2023-02-02 04:00:00+00:00,0.0
2023-02-02 05:00:00+00:00,0.0
2023-02-02 06:00:00+00:00,0.0
2023-02-02 07:00:00+00:00,0.0
2023-02-02 08:00:00+00:00,0.0
2023-02-02 09:00:00+00:00,0.0
2023-02-02 10:00:00+00:00,0.0
2023-02-02 11:00:00+00:00,0.0
2023-02-02 12:00:00+00:00,0.0
2023-02-02 13:00:00+00:00,0.0
2023-02-02 14:00:00+00:00,0.0
2023-02-02 15:00:00+00:00,61.643934936253835
2023-02-02 16:00:00+00:00,175.32900883319607
2023-02-02 17:00:00+00:00,58.55632607494348
2023-02-02 18:00:00+00:00,179.98399408380325
2023-02-02 19:00:00+00:00,150.79032447635728
2023-02-02 20:00:00+00:00,103.05866337908913
2023-02-02 21:00:00+00:00,80.32269667203111
2023-02-02 22:00:00+00:00,83.13834735483044
2023-02-02 23:00:00+00:00,51.84928280460821
2023-02-03 00:00:00+00:00,0.0
2023-02-03 01:00:00+00:00,0.0
2023-02-03 02:00:00+00:00,0.0
2023-02-03 03:00:00+00:00,0.0
2023-02-03 04:00:00+00:00,0.0
2023-02-03 05:00:00+00:00,0.0
2023-02-03 06:00:00+00:00,0.0
2023-02-03 07:00:00+00:00,0.0
2023-02-03 08:00:00+00:00,0.0
2023-02-03 09:00:00+00:00,0.0
2023-02-03 10:00:00+00:00,0.0
2023-02-03 11:00:00+00:00,0.0
2023-02-03 12:00:00+00:00,0.0
2023-02-03 13:00:00+00:00,0.0
2023-02-03 14:00:00+00:00,0.0
2023-02-03 15:00:00+00:00,248.42962638832054
2023-02-03 16:00:00+00:00,306.8132389074408
2023-02-03 17:00:00+00:00,107.90969370301856
2023-02-03 18:00:00+00:00,391.0519518762878
2023-02-03 19:00:00+00:00,359.5007716604555
2023-02-03 20:00:00+00:00,329.8955396152384
2023-02-03 21:00:00+00:00,312.70426788533564
2023-02-03 22:00:00+00:00,230.14731061824432
2023-02-03 23:00:00+00:00,138.8316698629572
2023-02-04 00:00:00+00:00,0.0
2023-02-04 01:00:00+00:00,0.0
2023-02-04 02:00:00+00:00,0.0
2023-02-04 03:00:00+00:00,0.0
2023-02-04 04:00:00+00:00,0.0
2023-02-04 05:00:00+00:00,0.0
2023-02-04 06:00:00+00:00,0.0
2023-02-04 07:00:00+00:00,0.0
2023-02-04 08:00:00+00:00,0.0
2023-02-04 09:00:00+00:00,0.0
2023-02-04 10:00:00+00:00,0.0
2023-02-04 11:00:00+00:00,0.0
2023-02-04 12:00:00+00:00,0.0
2023-02-04 13:00:00+00:00,0.0
2023-02-04 14:00:00+00:00,0.0
2023-02-04 15:00:00+00:00,507.16379771687906
2023-02-04 16:00:00+00:00,440.5384403430641
2023-02-04 17:00:00+00:00,163.45507131395962
2023-02-04 18:00:00+00:00,504.5154043084596
2023-02-04 19:00:00+00:00,452.45202574505464
2023-02-04 20:00:00+00:00,450.0243718863844
2023-02-04 21:00:00+00:00,419.4585767542398
2023-02-04 22:00:00+00:00,343.7587912337804
2023-02-04 23:00:00+00:00,205.84257878189388
2023-02-05 00:00:00+00:00,0.0
2023-02-05 01:00:00+00:00,0.0
2023-02-05 02:00:00+00:00,0.0
2023-02-05 03:00:00+00:00,0.0
2023-02-05 04:00:00+00:00,0.0
2023-02-05 05:00:00+00:00,0.0
2023-02-05 06:00:00+00:00,0.0
2023-02-05 07:00:00+00:00,0.0
2023-02-05 08:00:00+00:00,0.0
2023-02-05 09:00:00+00:00,0.0
2023-02-05 10:00:00+00:00,0.0
2023-02-05 11:00:00+00:00,0.0
2023-02-05 12:00:00+00:00,0.0
2023-02-05 13:00:00+00:00,0.0
2023-02-05 14:00:00+00:00,0.0
2023-02-05 15:00:00+00:00,593.0849599692438
2023-02-05 16:00:00+00:00,552.998953971217
2023-02-05 17:00:00+00:00,210.61927705151643
2023-02-05 18:00:00+00:00,550.7079410479722
2023-02-05 19:00:00+00:00,512.0158466912944
2023-02-05 20:00:00+00:00,442.71387547801936
2023-02-05 21:00:00+00:00,393.9777826184893
2023-02-05 22:00:00+00:00,308.88612920197704
2023-02-05 23:00:00+00:00,188.3865847979125
2023-02-06 00:00:00+00:00,0.0
2023-02-06 01:00:00+00:00,0.0
2023-02-06 02:00:00+00:00,0.0
2023-02-06 03:00:00+00:00,0.0
2023-02-06 04:00:00+00:00,0.0
2023-02-06 05:00:00+00:00,0.0
2023-02-06 06:00:00+00:00,0.0
2023-02-06 07:00:00+00:00,0.0
2023-02-06 08:00:00+00:00,0.0
2023-02-06 09:00:00+00:00,0.0
2023-02-06 10:00:00+00:00,0.0
2023-02-06 11:00:00+00:00,0.0
2023-02-06 12:00:00+00:00,0.0
2023-02-06 13:00:00+00:00,0.0
2023-02-06 14:00:00+00:00,0.0
2023-02-06 15:00:00+00:00,581.5016097320381
2023-02-06 16:00:00+00:00,540.1079460817227
2023-02-06 17:00:00+00:00,202.9072765040802
2023-02-06 18:00:00+00:00,452.02118107637347
2023-02-06 19:00:00+00:00,324.3900998836412
2023-02-06 20:00:00+00:00,289.5346784065189
2023-02-06 21:00:00+00:00,263.16714050764995
2023-02-06 22:00:00+00:00,192.44764609075503
2023-02-06 23:00:00+00:00,132.23260839489572
2023-02-07 00:00:00+00:00,0.0
2023-02-07 01:00:00+00:00,0.0
2023-02-07 02:00:00+00:00,0.0
2023-02-07 03:00:00+00:00,0.0
2023-02-07 04:00:00+00:00,0.0
2023-02-07 05:00:00+00:00,0.0
2023-02-07 06:00:00+00:00,0.0
2023-02-07 07:00:00+00:00,0.0
2023-02-07 08:00:00+00:00,0.0
2023-02-07 09:00:00+00:00,0.0
2023-02-07 10:00:00+00:00,0.0
2023-02-07 11:00:00+00:00,0.0
2023-02-07 12:00:00+00:00,0.0
2023-02-07 13:00:00+00:00,0.0
2023-02-07 14:00:00+00:00,0.0
2023-02-07 15:00:00+00:00,507.34748319897636
2023-02-07 16:00:00+00:00,495.08228572221077
2023-02-07 17:00:00+00:00,180.3602350174357
2023-02-07 18:00:00+00:00,437.78650766349983
2023-02-07 19:00:00+00:00,407.6228593407013
2023-02-07 20:00:00+00:00,382.3062207109465
2023-02-07 21:00:00+00:00,345.1037346667233
2023-02-07 22:00:00+00:00,310.7360470141604
2023-02-07 23:00:00+00:00,155.26452527723185
2023-02-08 00:00:00+00:00,0.0
2023-02-08 01:00:00+00:00,0.0
2023-02-08 02:00:00+00:00,0.0
2023-02-08 03:00:00+00:00,0.0
2023-02-08 04:00:00+00:00,0.0
2023-02-08 05:00:00+00:00,0.0
2023-02-08 06:00:00+00:00,0.0
2023-02-08 07:00:00+00:00,0.0
2023-02-08 08:00:00+00:00,0.0
2023-02-08 09:00:00+00:00,0.0
2023-02-08 10:00:00+00:00,0.0
2023-02-08 11:00:00+00:00,0.0
2023-02-08 12:00:00+00:00,0.0
2023-02-08 13:00:00+00:00,0.0
2023-02-08 14:00:00+00:00,0.0
2023-02-08 15:00:00+00:00,567.1941685922228
2023-02-08 16:00:00+00:00,541.1662180397806
2023-02-08 17:00:00+00:00,224.33186022064285
2023-02-08 18:00:00+00:00,509.46830607866724
2023-02-08 19:00:00+00:00,434.5106936504939
2023-02-08 20:00:00+00:00,388.493833054664
2023-02-08 21:00:00+00:00,339.461167496165
2023-02-08 22:00:00+00:00,253.71137296457096
2023-02-08 23:00:00+00:00,175.8064128804139
2023-02-09 00:00:00+00:00,0.0
2023-02-09 01:00:00+00:00,0.0
2023-02-09 02:00:00+00:00,0.0
2023-02-09 03:00:00+00:00,0.0
2023-02-09 04:00:00+00:00,0.0
2023-02-09 05:00:00+00:00,0.0
2023-02-09 06:00:00+00:00,0.0
2023-02-09 07:00:00+00:00,0.0
2023-02-09 08:00:00+00:00,0.0
2023-02-09 09:00:00+00:00,0.0
2023-02-09 10:00:00+00:00,0.0
2023-02-09 11:00:00+00:00,0.0
2023-02-09 12:00:00+00:00,0.0
2023-02-09 13:00:00+00:00,0.0
2023-02-09 14:00:00+00:00,0.0
2023-02-09 15:00:00+00:00,584.4528362189965
2023-02-09 16:00:00+00:00,558.1752013956598
2023-02-09 17:00:00+00:00,241.17322617246577
2023-02-09 18:00:00+00:00,532.1206643375566
2023-02-09 19:00:00+00:00,468.0786260774817
2023-02-09 20:00:00+00:00,403.5615094761024
2023-02-09 21:00:00+00:00,347.6996769922724
2023-02-09 22:00:00+00:00,253.63540771779492
2023-02-09 23:00:00+00:00,147.24426511404974
2023-02-10 00:00:00+00:00,0.0
2023-02-10 01:00:00+00:00,0.0
2023-02-10 02:00:00+00:00,0.0
2023-02-10 03:00:00+00:00,0.0
2023-02-10 04:00:00+00:00,0.0
2023-02-10 05:00:00+00:00,0.0
2023-02-10 06:00:00+00:00,0.0
2023-02-10 07:00:00+00:00,0.0
2023-02-10 08:00:00+00:00,0.0
2023-02-10 09:00:00+00:00,0.0
2023-02-10 10:00:00+00:00,0.0
2023-02-10 11:00:00+00:00,0.0
2023-02-10 12:00:00+00:00,0.0
2023-02-10 13:00:00+00:00,0.0
2023-02-10 14:00:00+00:00,0.0
2023-02-10 15:00:00+00:00,482.3628624879491
2023-02-10 16:00:00+00:00,479.0133538713433
2023-02-10 17:00:00+00:00,220.09742888955475
2023-02-10 18:00:00+00:00,480.46274646944056
2023-02-10 19:00:00+00:00,436.4437581707589
2023-02-10 20:00:00+00:00,405.179695344358
2023-02-10 21:00:00+00:00,365.3247413758983
2023-02-10 22:00:00+00:00,300.8086025348255
2023-02-10 23:00:00+00:00,152.1329290294432
2023-02-11 00:00:00+00:00,0.0
2023-02-11 01:00:00+00:00,0.0
2023-02-11 02:00:00+00:00,0.0
2023-02-11 03:00:00+00:00,0.0
2023-02-11 04:00:00+00:00,0.0
2023-02-11 05:00:00+00:00,0.0
2023-02-11 06:00:00+00:00,0.0
2023-02-11 07:00:00+00:00,0.0
2023-02-11 08:00:00+00:00,0.0
2023-02-11 09:00:00+00:00,0.0
2023-02-11 10:00:00+00:00,0.0
2023-02-11 11:00:00+00:00,0.0
2023-02-11 12:00:00+00:00,0.0
2023-02-11 13:00:00+00:00,0.0
2023-02-11 14:00:00+00:00,0.0
2023-02-11 15:00:00+00:00,570.2314271131698
2023-02-11 16:00:00+00:00,550.992512057766
2023-02-11 17:00:00+00:00,250.25117852049627
2023-02-11 18:00:00+00:00,524.6456997000411
2023-02-11 19:00:00+00:00,484.07943593473163
2023-02-11 20:00:00+00:00,448.84050519228634
2023-02-11 21:00:00+00:00,402.77292785570495
2023-02-11 22:00:00+00:00,298.76531203449406
2023-02-11 23:00:00+00:00,186.45404849988518
2023-02-12 00:00:00+00:00,0.0
2023-02-12 01:00:00+00:00,0.0
2023-02-12 02:00:00+00:00,0.0
2023-02-12 03:00:00+00:00,0.0
2023-02-12 04:00:00+00:00,0.0
2023-02-12 05:00:00+00:00,0.0
2023-02-12 06:00:00+00:00,0.0
2023-02-12 07:00:00+00:00,0.0
2023-02-12 08:00:00+00:00,0.0
2023-02-12 09:00:00+00:00,0.0
2023-02-12 10:00:00+00:00,0.0
2023-02-12 11:00:00+00:00,0.0
2023-02-12 12:00:00+00:00,0.0
2023-02-12 13:00:00+00:00,0.0
2023-02-12 14:00:00+00:00,0.0
2023-02-12 15:00:00+00:00,439.8745292456826
2023-02-12 16:00:00+00:00,441.35776102517246
2023-02-12 17:00:00+00:00,197.3837953392841
2023-02-12 18:00:00+00:00,364.1411091868155
2023-02-12 19:00:00+00:00,306.16501877783236
2023-02-12 20:00:00+00:00,316.619143800247
2023-02-12 21:00:00+00:00,323.00804509862087
2023-02-12 22:00:00+00:00,283.14207385318105
2023-02-12 23:00:00+00:00,177.27516600413375
2023-02-13 00:00:00+00:00,0.0
2023-02-13 01:00:00+00:00,0.0
2023-02-13 02:00:00+00:00,0.0
2023-02-13 03:00:00+00:00,0.0
2023-02-13 04:00:00+00:00,0.0
2023-02-13 05:00:00+00:00,0.0
2023-02-13 06:00:00+00:00,0.0
2023-02-13 07:00:00+00:00,0.0
2023-02-13 08:00:00+00:00,0.0
2023-02-13 09:00:00+00:00,0.0
2023-02-13 10:00:00+00:00,0.0
2023-02-13 11:00:00+00:00,0.0
2023-02-13 12:00:00+00:00,0.0
2023-02-13 13:00:00+00:00,0.0
2023-02-13 14:00:00+00:00,0.0
2023-02-13 15:00:00+00:00,586.0848831740769
2023-02-13 16:00:00+00:00,496.1090994457038
2023-02-13 17:00:00+00:00,236.76006682873617
2023-02-13 18:00:00+00:00,463.4193046438333
2023-02-13 19:00:00+00:00,434.9609585602046
2023-02-13 20:00:00+00:00,402.95687252129784
2023-02-13 21:00:00+00:00,363.4071790771143
2023-02-13 22:00:00+00:00,306.80385431520926
2023-02-13 23:00:00+00:00,196.2313076611887
2023-02-14 00:00:00+00:00,10.380715263937223
2023-02-14 01:00:00+00:00,0.0
2023-02-14 02:00:00+00:00,0.0
2023-02-14 03:00:00+00:00,0.0
2023-02-14 04:00:00+00:00,0.0
2023-02-14 05:00:00+00:00,0.0
2023-02-14 06:00:00+00:00,0.0
2023-02-14 07:00:00+00:00,0.0
2023-02-14 08:00:00+00:00,0.0
2023-02-14 09:00:00+00:00,0.0
2023-02-14 10:00:00+00:00,0.0
2023-02-14 11:00:00+00:00,0.0
2023-02-14 12:00:00+00:00,0.0
2023-02-14 13:00:00+00:00,0.0
2023-02-14 14:00:00+00:00,0.0
2023-02-14 15:00:00+00:00,593.1396166331888
2023-02-14 16:00:00+00:00,505.3674020858716
2023-02-14 17:00:00+00:00,247.7468963542403
2023-02-14 18:00:00+00:00,452.0536496358815
2023-02-14 19:00:00+00:00,418.1667384461552
2023-02-14 20:00:00+00:00,392.3641110597837
2023-02-14 21:00:00+00:00,353.895589805508
2023-02-14 22:00:00+00:00,292.96000291458785
2023-02-14 23:00:00+00:00,185.03657070351994
2023-02-15 00:00:00+00:00,9.46662960748351
2023-02-15 01:00:00+00:00,0.0
2023-02-15 02:00:00+00:00,0.0
2023-02-15 03:00:00+00:00,0.0
2023-02-15 04:00:00+00:00,0.0
2023-02-15 05:00:00+00:00,0.0
2023-02-15 06:00:00+00:00,0.0
2023-02-15 07:00:00+00:00,0.0
2023-02-15 08:00:00+00:00,0.0
2023-02-15 09:00:00+00:00,0.0
2023-02-15 10:00:00+00:00,0.0
2023-02-15 11:00:00+00:00,0.0
2023-02-15 12:00:00+00:00,0.0
2023-02-15 13:00:00+00:00,0.0
2023-02-15 14:00:00+00:00,0.0
2023-02-15 15:00:00+00:00,518.6555087303658
2023-02-15 16:00:00+00:00,535.2075653530773
2023-02-15 17:00:00+00:00,276.23646509207106
2023-02-15 18:00:00+00:00,529.2714149583522
2023-02-15 19:00:00+00:00,489.74527863926943
2023-02-15 20:00:00+00:00,464.83438030135693
2023-02-15 21:00:00+00:00,419.2937274961541
2023-02-15 22:00:00+00:00,341.8772450156932
2023-02-15 23:00:00+00:00,200.78758477574283
2023-02-16 00:00:00+00:00,10.853200636459801
2023-02-16 01:00:00+00:00,0.0
2023-02-16 02:00:00+00:00,0.0
2023-02-16 03:00:00+00:00,0.0
2023-02-16 04:00:00+00:00,0.0
2023-02-16 05:00:00+00:00,0.0
2023-02-16 06:00:00+00:00,0.0
2023-02-16 07:00:00+00:00,0.0
2023-02-16 08:00:00+00:00,0.0
2023-02-16 09:00:00+00:00,0.0
2023-02-16 10:00:00+00:00,0.0
2023-02-16 11:00:00+00:00,0.0
2023-02-16 12:00:00+00:00,0.0
2023-02-16 13:00:00+00:00,0.0
2023-02-16 14:00:00+00:00,133.8030029252867
2023-02-16 15:00:00+00:00,582.5181649680441
2023-02-16 16:00:00+00:00,567.3755800527969
2023-02-16 17:00:00+00:00,302.9956559471881
2023-02-16 18:00:00+00:00,537.1989754453858
2023-02-16 19:00:00+00:00,485.5427103365394
2023-02-16 20:00:00+00:00,417.6416353710761
2023-02-16 21:00:00+00:00,318.009038023121
2023-02-16 22:00:00+00:00,217.92795919133752
2023-02-16 23:00:00+00:00,115.69264566850195
2023-02-17 00:00:00+00:00,24.179173696590862
2023-02-17 01:00:00+00:00,0.0
2023-02-17 02:00:00+00:00,0.0
2023-02-17 03:00:00+00:00,0.0
2023-02-17 04:00:00+00:00,0.0
2023-02-17 05:00:00+00:00,0.0
2023-02-17 06:00:00+00:00,0.0
2023-02-17 07:00:00+00:00,0.0
2023-02-17 08:00:00+00:00,0.0
2023-02-17 09:00:00+00:00,0.0
2023-02-17 10:00:00+00:00,0.0
2023-02-17 11:00:00+00:00,0.0
2023-02-17 12:00:00+00:00,0.0
2023-02-17 13:00:00+00:00,0.0
2023-02-17 14:00:00+00:00,132.73632654373836
2023-02-17 15:00:00+00:00,358.9464185453149
2023-02-17 16:00:00+00:00,341.4759125496119
2023-02-17 17:00:00+00:00,149.72297692655476
2023-02-17 18:00:00+00:00,307.96577831713427
2023-02-17 19:00:00+00:00,304.76585986692515
2023-02-17 20:00:00+00:00,297.3596426106825
2023-02-17 21:00:00+00:00,285.7967686852932
2023-02-17 22:00:00+00:00,192.09187718410774
2023-02-17 23:00:00+00:00,125.64205600611568
2023-02-18 00:00:00+00:00,11.487924944430043
2023-02-18 01:00:00+00:00,0.0
2023-02-18 02:00:00+00:00,0.0
2023-02-18 03:00:00+00:00,0.0
2023-02-18 04:00:00+00:00,0.0
2023-02-18 05:00:00+00:00,0.0
2023-02-18 06:00:00+00:00,0.0
2023-02-18 07:00:00+00:00,0.0
2023-02-18 08:00:00+00:00,0.0
2023-02-18 09:00:00+00:00,0.0
2023-02-18 10:00:00+00:00,0.0
2023-02-18 11:00:00+00:00,0.0
2023-02-18 12:00:00+00:00,0.0
2023-02-18 13:00:00+00:00,0.0
2023-02-18 14:00:00+00:00,266.14670078043264
2023-02-18 15:00:00+00:00,583.2371463032513
2023-02-18 16:00:00+00:00,514.0268841807673
2023-02-18 17:00:00+00:00,295.6670475094296
2023-02-18 18:00:00+00:00,441.3641198741778
2023-02-18 19:00:00+00:00,430.8000880466703
2023-02-18 20:00:00+00:00,390.34018860083756
2023-02-18 21:00:00+00:00,368.9972604292387
2023-02-18 22:00:00+00:00,280.5656838381733
2023-02-18 23:00:00+00:00,175.85531767145812
2023-02-19 00:00:00+00:00,12.167070446466111
2023-02-19 01:00:00+00:00,0.0
2023-02-19 02:00:00+00:00,0.0
2023-02-19 03:00:00+00:00,0.0
2023-02-19 04:00:00+00:00,0.0
2023-02-19 05:00:00+00:00,0.0
2023-02-19 06:00:00+00:00,0.0
2023-02-19 07:00:00+00:00,0.0
2023-02-19 08:00:00+00:00,0.0
2023-02-19 09:00:00+00:00,0.0
2023-02-19 10:00:00+00:00,0.0
2023-02-19 11:00:00+00:00,0.0
2023-02-19 12:00:00+00:00,0.0
2023-02-19 13:00:00+00:00,0.0
2023-02-19 14:00:00+00:00,264.6575253000415
2023-02-19 15:00:00+00:00,555.9507529107368
2023-02-19 16:00:00+00:00,491.9681165208447
2023-02-19 17:00:00+00:00,297.6864824932796
2023-02-19 18:00:00+00:00,456.5995704472269
2023-02-19 19:00:00+00:00,431.88909496483933
2023-02-19 20:00:00+00:00,399.7829717274997
2023-02-19 21:00:00+00:00,373.08754912838396
2023-02-19 22:00:00+00:00,308.38968591897265
2023-02-19 23:00:00+00:00,197.37947614064672
2023-02-20 00:00:00+00:00,0.0
2023-02-20 01:00:00+00:00,0.0
2023-02-20 02:00:00+00:00,0.0
2023-02-20 03:00:00+00:00,0.0
2023-02-20 04:00:00+00:00,0.0
2023-02-20 05:00:00+00:00,0.0
2023-02-20 06:00:00+00:00,0.0
2023-02-20 07:00:00+00:00,0.0
2023-02-20 08:00:00+00:00,0.0
2023-02-20 09:00:00+00:00,0.0
2023-02-20 10:00:00+00:00,0.0
2023-02-20 11:00:00+00:00,0.0
2023-02-20 12:00:00+00:00,0.0
2023-02-20 13:00:00+00:00,0.0
2023-02-20 14:00:00+00:00,265.86631915109757
2023-02-20 15:00:00+00:00,590.753465225935
2023-02-20 16:00:00+00:00,527.6211529307817
2023-02-20 17:00:00+00:00,326.85300779624737
2023-02-20 18:00:00+00:00,507.4505502893085
2023-02-20 19:00:00+00:00,450.53540240992317
2023-02-20 20:00:00+00:00,397.46476691253025
2023-02-20 21:00:00+00:00,351.04041858187185
2023-02-20 22:00:00+00:00,260.7566985022916
2023-02-20 23:00:00+00:00,156.6155978794067
2023-02-21 00:00:00+00:00,12.483413837300837
2023-02-21 01:00:00+00:00,0.0
2023-02-21 02:00:00+00:00,0.0
2023-02-21 03:00:00+00:00,0.0
2023-02-21 04:00:00+00:00,0.0
2023-02-21 05:00:00+00:00,0.0
2023-02-21 06:00:00+00:00,0.0
2023-02-21 07:00:00+00:00,0.0
2023-02-21 08:00:00+00:00,0.0
2023-02-21 09:00:00+00:00,0.0
2023-02-21 10:00:00+00:00,0.0
2023-02-21 11:00:00+00:00,0.0
2023-02-21 12:00:00+00:00,0.0
2023-02-21 13:00:00+00:00,0.0
2023-02-21 14:00:00+00:00,156.40120729204958
2023-02-21 15:00:00+00:00,264.8852263462053
2023-02-21 16:00:00+00:00,435.1757436673067
2023-02-21 17:00:00+00:00,254.75155595023998
2023-02-21 18:00:00+00:00,445.3034710334864
2023-02-21 19:00:00+00:00,400.0418842431461
2023-02-21 20:00:00+00:00,384.67807506701473
2023-02-21 21:00:00+00:00,344.9300377202653
2023-02-21 22:00:00+00:00,258.1470240948524
2023-02-21 23:00:00+00:00,154.99737074178526
2023-02-22 00:00:00+00:00,12.594788223715716
2023-02-22 01:00:00+00:00,0.0
2023-02-22 02:00:00+00:00,0.0
2023-02-22 03:00:00+00:00,0.0
2023-02-22 04:00:00+00:00,0.0
2023-02-22 05:00:00+00:00,0.0
2023-02-22 06:00:00+00:00,0.0
2023-02-22 07:00:00+00:00,0.0
2023-02-22 08:00:00+00:00,0.0
2023-02-22 09:00:00+00:00,0.0
2023-02-22 10:00:00+00:00,0.0
2023-02-22 11:00:00+00:00,0.0
2023-02-22 12:00:00+00:00,0.0
2023-02-22 13:00:00+00:00,0.0
2023-02-22 14:00:00+00:00,266.80919477376466
2023-02-22 15:00:00+00:00,449.5683537339233
2023-02-22 16:00:00+00:00,475.5837194919962
2023-02-22 17:00:00+00:00,280.5694922319272
2023-02-22 18:00:00+00:00,426.09504612705047
2023-02-22 19:00:00+00:00,368.45613887983023
2023-02-22 20:00:00+00:00,325.90642728463405
2023-02-22 21:00:00+00:00,276.4297191748317
2023-02-22 22:00:00+00:00,216.13398308677952
2023-02-22 23:00:00+00:00,147.60214453358915
2023-02-23 00:00:00+00:00,13.877781367482092
2023-02-23 01:00:00+00:00,0.0
2023-02-23 02:00:00+00:00,0.0
2023-02-23 03:00:00+00:00,0.0
2023-02-23 04:00:00+00:00,0.0
2023-02-23 05:00:00+00:00,0.0
2023-02-23 06:00:00+00:00,0.0
2023-02-23 07:00:00+00:00,0.0
2023-02-23 08:00:00+00:00,0.0
2023-02-23 09:00:00+00:00,0.0
2023-02-23 10:00:00+00:00,0.0
2023-02-23 11:00:00+00:00,0.0
2023-02-23 12:00:00+00:00,0.0
2023-02-23 13:00:00+00:00,0.0
2023-02-23 14:00:00+00:00,390.3496829677502
2023-02-23 15:00:00+00:00,558.57576997547
2023-02-23 16:00:00+00:00,558.1996031540515
2023-02-23 17:00:00+00:00,349.22010446626155
2023-02-23 18:00:00+00:00,493.0795666932149
2023-02-23 19:00:00+00:00,449.54665424928174
2023-02-23 20:00:00+00:00,426.9928415381168
2023-02-23 21:00:00+00:00,377.73622879533264
2023-02-23 22:00:00+00:00,295.3975309255754
2023-02-23 23:00:00+00:00,197.17818233707007
2023-02-24 00:00:00+00:00,29.76784526117142
2023-02-24 01:00:00+00:00,0.0
2023-02-24 02:00:00+00:00,0.0
2023-02-24 03:00:00+00:00,0.0
2023-02-24 04:00:00+00:00,0.0
2023-02-24 05:00:00+00:00,0.0
2023-02-24 06:00:00+00:00,0.0
2023-02-24 07:00:00+00:00,0.0
2023-02-24 08:00:00+00:00,0.0
2023-02-24 09:00:00+00:00,0.0
2023-02-24 10:00:00+00:00,0.0
2023-02-24 11:00:00+00:00,0.0
2023-02-24 12:00:00+00:00,0.0
2023-02-24 13:00:00+00:00,0.0
2023-02-24 14:00:00+00:00,372.67195863861133
2023-02-24 15:00:00+00:00,568.1830565743493
2023-02-24 16:00:00+00:00,587.4287999119975
2023-02-24 17:00:00+00:00,346.53399425222665
2023-02-24 18:00:00+00:00,465.0846892905208
2023-02-24 19:00:00+00:00,434.35632296763947
2023-02-24 20:00:00+00:00,408.0816308339611
2023-02-24 21:00:00+00:00,368.88238956187587
2023-02-24 22:00:00+00:00,302.38726106468226
2023-02-24 23:00:00+00:00,190.98599899893614
2023-02-25 00:00:00+00:00,33.65693933941882
2023-02-25 01:00:00+00:00,0.0
2023-02-25 02:00:00+00:00,0.0
2023-02-25 03:00:00+00:00,0.0
2023-02-25 04:00:00+00:00,0.0
2023-02-25 05:00:00+00:00,0.0
2023-02-25 06:00:00+00:00,0.0
2023-02-25 07:00:00+00:00,0.0
2023-02-25 08:00:00+00:00,0.0
2023-02-25 09:00:00+00:00,0.0
2023-02-25 10:00:00+00:00,0.0
2023-02-25 11:00:00+00:00,0.0
2023-02-25 12:00:00+00:00,0.0
2023-02-25 13:00:00+00:00,0.0
2023-02-25 14:00:00+00:00,343.37332828379687
2023-02-25 15:00:00+00:00,394.87505564498775
2023-02-25 16:00:00+00:00,466.45481289719424
2023-02-25 17:00:00+00:00,309.92403512688367
2023-02-25 18:00:00+00:00,461.3248994406719
2023-02-25 19:00:00+00:00,385.99124118085996
2023-02-25 20:00:00+00:00,357.54269361176574
2023-02-25 21:00:00+00:00,318.67201262531745
2023-02-25 22:00:00+00:00,296.64637451354906
2023-02-25 23:00:00+00:00,220.71398363596904
2023-02-26 00:00:00+00:00,29.487407768639912
2023-02-26 01:00:00+00:00,0.0
2023-02-26 02:00:00+00:00,0.0
2023-02-26 03:00:00+00:00,0.0
2023-02-26 04:00:00+00:00,0.0
2023-02-26 05:00:00+00:00,0.0
2023-02-26 06:00:00+00:00,0.0
2023-02-26 07:00:00+00:00,0.0
2023-02-26 08:00:00+00:00,0.0
2023-02-26 09:00:00+00:00,0.0
2023-02-26 10:00:00+00:00,0.0
2023-02-26 11:00:00+00:00,0.0
2023-02-26 12:00:00+00:00,0.0
2023-02-26 13:00:00+00:00,0.0
2023-02-26 14:00:00+00:00,528.8490756923138
2023-02-26 15:00:00+00:00,579.0184592070169
2023-02-26 16:00:00+00:00,505.8133191001362
2023-02-26 17:00:00+00:00,311.2904417330067
2023-02-26 18:00:00+00:00,478.84660567766923
2023-02-26 19:00:00+00:00,463.81262691248713
2023-02-26 20:00:00+00:00,429.9005498588869
2023-02-26 21:00:00+00:00,375.4014511051743
2023-02-26 22:00:00+00:00,314.9302427607227
2023-02-26 23:00:00+00:00,208.4583581278777
2023-02-27 00:00:00+00:00,43.911752722447694
2023-02-27 01:00:00+00:00,0.0
2023-02-27 02:00:00+00:00,0.0
2023-02-27 03:00:00+00:00,0.0
2023-02-27 04:00:00+00:00,0.0
2023-02-27 05:00:00+00:00,0.0
2023-02-27 06:00:00+00:00,0.0
2023-02-27 07:00:00+00:00,0.0
2023-02-27 08:00:00+00:00,0.0
2023-02-27 09:00:00+00:00,0.0
2023-02-27 10:00:00+00:00,0.0
2023-02-27 11:00:00+00:00,0.0
2023-02-27 12:00:00+00:00,0.0
2023-02-27 13:00:00+00:00,0.0
2023-02-27 14:00:00+00:00,526.3789554155315
2023-02-27 15:00:00+00:00,497.8262043731108
2023-02-27 16:00:00+00:00,547.1710245570077
2023-02-27 17:00:00+00:00,346.3290642153599
2023-02-27 18:00:00+00:00,488.4650185036168
2023-02-27 19:00:00+00:00,412.6679611376823
2023-02-27 20:00:00+00:00,383.154783836462
2023-02-27 21:00:00+00:00,332.0169517748455
2023-02-27 22:00:00+00:00,263.99551894840147
2023-02-27 23:00:00+00:00,145.25269124361535
2023-02-28 00:00:00+00:00,10.926410994507336
2023-02-28 01:00:00+00:00,0.0
2023-02-28 02:00:00+00:00,0.0
2023-02-28 03:00:00+00:00,0.0
2023-02-28 04:00:00+00:00,0.0
2023-02-28 05:00:00+00:00,0.0
2023-02-28 06:00:00+00:00,0.0
2023-02-28 07:00:00+00:00,0.0
2023-02-28 08:00:00+00:00,0.0
2023-02-28 09:00:00+00:00,0.0
2023-02-28 10:00:00+00:00,0.0
2023-02-28 11:00:00+00:00,0.0
2023-02-28 12:00:00+00:00,0.0
2023-02-28 13:00:00+00:00,0.0
2023-02-28 14:00:00+00:00,84.05548971441654
2023-02-28 15:00:00+00:00,61.911240007038515
2023-02-28 16:00:00+00:00,160.34254165289204
2023-02-28 17:00:00+00:00,81.08799895691239
2023-02-28 18:00:00+00:00,88.01950635725699
2023-02-28 19:00:00+00:00,82.26720984062361
2023-02-28 20:00:00+00:00,135.00965159529386
2023-02-28 21:00:00+00:00,116.91256420310783
2023-02-28 22:00:00+00:00,98.13760639337075
2023-02-28 23:00:00+00:00,60.59447236794492
2023-03-01 00:00:00+00:00,13.534619272566196
2023-03-01 01:00:00+00:00,0.0
2023-03-01 02:00:00+00:00,0.0
2023-03-01 03:00:00+00:00,0.0
2023-03-01 04:00:00+00:00,0.0
2023-03-01 05:00:00+00:00,0.0
2023-03-01 06:00:00+00:00,0.0
2023-03-01 07:00:00+00:00,0.0
2023-03-01 08:00:00+00:00,0.0
2023-03-01 09:00:00+00:00,0.0
2023-03-01 10:00:00+00:00,0.0
2023-03-01 11:00:00+00:00,0.0
2023-03-01 12:00:00+00:00,0.0
2023-03-01 13:00:00+00:00,0.0
2023-03-01 14:00:00+00:00,594.1140106989274
2023-03-01 15:00:00+00:00,512.8064711290602
2023-03-01 16:00:00+00:00,461.30206896454933
2023-03-01 17:00:00+00:00,326.8629656223223
2023-03-01 18:00:00+00:00,452.1880330852553
2023-03-01 19:00:00+00:00,417.6852502463574
2023-03-01 20:00:00+00:00,383.95842511367124
2023-03-01 21:00:00+00:00,334.138578614157
2023-03-01 22:00:00+00:00,260.3852818532241
2023-03-01 23:00:00+00:00,167.69657511803766
2023-03-02 00:00:00+00:00,35.7205709810054
2023-03-02 01:00:00+00:00,0.0
2023-03-02 02:00:00+00:00,0.0
2023-03-02 03:00:00+00:00,0.0
2023-03-02 04:00:00+00:00,0.0
2023-03-02 05:00:00+00:00,0.0
2023-03-02 06:00:00+00:00,0.0
2023-03-02 07:00:00+00:00,0.0
2023-03-02 08:00:00+00:00,0.0
2023-03-02 09:00:00+00:00,0.0
2023-03-02 10:00:00+00:00,0.0
2023-03-02 11:00:00+00:00,0.0
2023-03-02 12:00:00+00:00,0.0
2023-03-02 13:00:00+00:00,0.0
2023-03-02 14:00:00+00:00,660.0485249015047
2023-03-02 15:00:00+00:00,580.4299087198011
2023-03-02 16:00:00+00:00,566.8480316853656
2023-03-02 17:00:00+00:00,386.3045605740569
2023-03-02 18:00:00+00:00,481.8189562469003
2023-03-02 19:00:00+00:00,409.90585235073496
2023-03-02 20:00:00+00:00,404.8306061641272
2023-03-02 21:00:00+00:00,346.89694710824955
2023-03-02 22:00:00+00:00,254.75850341235068
2023-03-02 23:00:00+00:00,156.10783776664078
2023-03-03 00:00:00+00:00,25.205629270629853
2023-03-03 01:00:00+00:00,0.0
2023-03-03 02:00:00+00:00,0.0
2023-03-03 03:00:00+00:00,0.0
2023-03-03 04:00:00+00:00,0.0
2023-03-03 05:00:00+00:00,0.0
2023-03-03 06:00:00+00:00,0.0
2023-03-03 07:00:00+00:00,0.0
2023-03-03 08:00:00+00:00,0.0
2023-03-03 09:00:00+00:00,0.0
2023-03-03 10:00:00+00:00,0.0
2023-03-03 11:00:00+00:00,0.0
2023-03-03 12:00:00+00:00,0.0
2023-03-03 13:00:00+00:00,0.0
2023-03-03 14:00:00+00:00,653.6002836541519
2023-03-03 15:00:00+00:00,558.3496163485586
2023-03-03 16:00:00+00:00,482.808753116815
2023-03-03 17:00:00+00:00,282.05828823090496
2023-03-03 18:00:00+00:00,337.3099202243641
2023-03-03 19:00:00+00:00,286.271487322095
2023-03-03 20:00:00+00:00,288.3492790663758
2023-03-03 21:00:00+00:00,244.0014552365789
2023-03-03 22:00:00+00:00,209.00324952214575
2023-03-03 23:00:00+00:00,145.93442773274583
2023-03-04 00:00:00+00:00,30.147908633880117
2023-03-04 01:00:00+00:00,0.0
2023-03-04 02:00:00+00:00,0.0
2023-03-04 03:00:00+00:00,0.0
2023-03-04 04:00:00+00:00,0.0
2023-03-04 05:00:00+00:00,0.0
2023-03-04 06:00:00+00:00,0.0
2023-03-04 07:00:00+00:00,0.0
2023-03-04 08:00:00+00:00,0.0
2023-03-04 09:00:00+00:00,0.0
2023-03-04 10:00:00+00:00,0.0
2023-03-04 11:00:00+00:00,0.0
2023-03-04 12:00:00+00:00,0.0
2023-03-04 13:00:00+00:00,0.0
2023-03-04 14:00:00+00:00,511.8401948775983
2023-03-04 15:00:00+00:00,464.3288996055646
2023-03-04 16:00:00+00:00,538.865158312141
2023-03-04 17:00:00+00:00,400.1855277636308
2023-03-04 18:00:00+00:00,0.0
2023-03-04 19:00:00+00:00,443.1763236982525
2023-03-04 20:00:00+00:00,410.83098598022747
2023-03-04 21:00:00+00:00,360.9434422549905
2023-03-04 22:00:00+00:00,312.56581944637094
2023-03-04 23:00:00+00:00,224.1007715352923
2023-03-05 00:00:00+00:00,49.76964168018436
2023-03-05 01:00:00+00:00,0.0
2023-03-05 02:00:00+00:00,0.0
2023-03-05 03:00:00+00:00,0.0
2023-03-05 04:00:00+00:00,0.0
2023-03-05 05:00:00+00:00,0.0
2023-03-05 06:00:00+00:00,0.0
2023-03-05 07:00:00+00:00,0.0
2023-03-05 08:00:00+00:00,0.0
2023-03-05 09:00:00+00:00,0.0
2023-03-05 10:00:00+00:00,0.0
2023-03-05 11:00:00+00:00,0.0
2023-03-05 12:00:00+00:00,0.0
2023-03-05 13:00:00+00:00,0.0
2023-03-05 14:00:00+00:00,661.4411462330836
2023-03-05 15:00:00+00:00,533.0594846170032
2023-03-05 16:00:00+00:00,552.3465812985256
2023-03-05 17:00:00+00:00,364.41187792459414
2023-03-05 18:00:00+00:00,0.0
2023-03-05 19:00:00+00:00,380.56831531557833
2023-03-05 20:00:00+00:00,342.71812574021163
2023-03-05 21:00:00+00:00,300.9397988945306
2023-03-05 22:00:00+00:00,225.0367675178567
2023-03-05 23:00:00+00:00,150.4357995535006
2023-03-06 00:00:00+00:00,9.440611382945876
2023-03-06 01:00:00+00:00,0.0
2023-03-06 02:00:00+00:00,0.0
2023-03-06 03:00:00+00:00,0.0
2023-03-06 04:00:00+00:00,0.0
2023-03-06 05:00:00+00:00,0.0
2023-03-06 06:00:00+00:00,0.0
2023-03-06 07:00:00+00:00,0.0
2023-03-06 08:00:00+00:00,0.0
2023-03-06 09:00:00+00:00,0.0
2023-03-06 10:00:00+00:00,0.0
2023-03-06 11:00:00+00:00,0.0
2023-03-06 12:00:00+00:00,0.0
2023-03-06 13:00:00+00:00,0.0
2023-03-06 14:00:00+00:00,646.2227252876318
2023-03-06 15:00:00+00:00,563.6923886824587
2023-03-06 16:00:00+00:00,572.9407547339255
2023-03-06 17:00:00+00:00,380.1838005498814
2023-03-06 18:00:00+00:00,0.0
2023-03-06 19:00:00+00:00,408.04710548683244
2023-03-06 20:00:00+00:00,374.69338623261
2023-03-06 21:00:00+00:00,329.96441043872335
2023-03-06 22:00:00+00:00,308.6204101501876
2023-03-06 23:00:00+00:00,221.1881792489941
2023-03-07 00:00:00+00:00,48.23848457549462
2023-03-07 01:00:00+00:00,0.0
2023-03-07 02:00:00+00:00,0.0
2023-03-07 03:00:00+00:00,0.0
2023-03-07 04:00:00+00:00,0.0
2023-03-07 05:00:00+00:00,0.0
2023-03-07 06:00:00+00:00,0.0
2023-03-07 07:00:00+00:00,0.0
2023-03-07 08:00:00+00:00,0.0
2023-03-07 09:00:00+00:00,0.0
2023-03-07 10:00:00+00:00,0.0
2023-03-07 11:00:00+00:00,0.0
2023-03-07 12:00:00+00:00,0.0
2023-03-07 13:00:00+00:00,0.0
2023-03-07 14:00:00+00:00,646.0076647658344
2023-03-07 15:00:00+00:00,551.4618939942443
2023-03-07 16:00:00+00:00,588.2377520571825
2023-03-07 17:00:00+00:00,401.41507148546475
2023-03-07 18:00:00+00:00,0.0
2023-03-07 19:00:00+00:00,361.6118391551213
2023-03-07 20:00:00+00:00,344.4865408310943
2023-03-07 21:00:00+00:00,308.83964280658057
2023-03-07 22:00:00+00:00,274.77639639927884
2023-03-07 23:00:00+00:00,141.53030165257152
2023-03-08 00:00:00+00:00,18.471700804051338
2023-03-08 01:00:00+00:00,0.0
2023-03-08 02:00:00+00:00,0.0
2023-03-08 03:00:00+00:00,0.0
2023-03-08 04:00:00+00:00,0.0
2023-03-08 05:00:00+00:00,0.0
2023-03-08 06:00:00+00:00,0.0
2023-03-08 07:00:00+00:00,0.0
2023-03-08 08:00:00+00:00,0.0
2023-03-08 09:00:00+00:00,0.0
2023-03-08 10:00:00+00:00,0.0
2023-03-08 11:00:00+00:00,0.0
2023-03-08 12:00:00+00:00,0.0
2023-03-08 13:00:00+00:00,0.0
2023-03-08 14:00:00+00:00,291.32190724734113
2023-03-08 15:00:00+00:00,303.7363206843045
2023-03-08 16:00:00+00:00,352.7122877017621
2023-03-08 17:00:00+00:00,221.0220391704605
2023-03-08 18:00:00+00:00,0.0
2023-03-08 19:00:00+00:00,213.93589125003004
2023-03-08 20:00:00+00:00,169.51466433873296
2023-03-08 21:00:00+00:00,240.16286938893873
2023-03-08 22:00:00+00:00,182.40717291255228
2023-03-08 23:00:00+00:00,120.01338905090505
2023-03-09 00:00:00+00:00,39.81246616139189
2023-03-09 01:00:00+00:00,0.0
2023-03-09 02:00:00+00:00,0.0
2023-03-09 03:00:00+00:00,0.0
2023-03-09 04:00:00+00:00,0.0
2023-03-09 05:00:00+00:00,0.0
2023-03-09 06:00:00+00:00,0.0
2023-03-09 07:00:00+00:00,0.0
2023-03-09 08:00:00+00:00,0.0
2023-03-09 09:00:00+00:00,0.0
2023-03-09 10:00:00+00:00,0.0
2023-03-09 11:00:00+00:00,0.0
2023-03-09 12:00:00+00:00,0.0
2023-03-09 13:00:00+00:00,0.0
2023-03-09 14:00:00+00:00,335.5282192842475
2023-03-09 15:00:00+00:00,362.449583130928
2023-03-09 16:00:00+00:00,349.12878654393825
2023-03-09 17:00:00+00:00,255.31603066277785
2023-03-09 18:00:00+00:00,0.0
2023-03-09 19:00:00+00:00,351.06572609116853
2023-03-09 20:00:00+00:00,347.64248463923303
2023-03-09 21:00:00+00:00,270.3058961935724
2023-03-09 22:00:00+00:00,214.02429822138802
2023-03-09 23:00:00+00:00,124.09677549753853
2023-03-10 00:00:00+00:00,15.637909442408182
2023-03-10 01:00:00+00:00,0.0
2023-03-10 02:00:00+00:00,0.0
2023-03-10 03:00:00+00:00,0.0
2023-03-10 04:00:00+00:00,0.0
2023-03-10 05:00:00+00:00,0.0
2023-03-10 06:00:00+00:00,0.0
2023-03-10 07:00:00+00:00,0.0
2023-03-10 08:00:00+00:00,0.0
2023-03-10 09:00:00+00:00,0.0
2023-03-10 10:00:00+00:00,0.0
2023-03-10 11:00:00+00:00,0.0
2023-03-10 12:00:00+00:00,0.0
2023-03-10 13:00:00+00:00,0.0
2023-03-10 14:00:00+00:00,550.3747431733295
2023-03-10 15:00:00+00:00,544.0559204442449
2023-03-10 16:00:00+00:00,490.19244284718974
2023-03-10 17:00:00+00:00,345.95298008634654
2023-03-10 18:00:00+00:00,0.0
2023-03-10 19:00:00+00:00,327.4289759062315
2023-03-10 20:00:00+00:00,297.6648763507954
2023-03-10 21:00:00+00:00,240.19583328111457
2023-03-10 22:00:00+00:00,160.31195587772143
2023-03-10 23:00:00+00:00,113.28493826704961
2023-03-11 00:00:00+00:00,33.25581282364997
2023-03-11 01:00:00+00:00,0.0
2023-03-11 02:00:00+00:00,0.0
2023-03-11 03:00:00+00:00,0.0
2023-03-11 04:00:00+00:00,0.0
2023-03-11 05:00:00+00:00,0.0
2023-03-11 06:00:00+00:00,0.0
2023-03-11 07:00:00+00:00,0.0
2023-03-11 08:00:00+00:00,0.0
2023-03-11 09:00:00+00:00,0.0
2023-03-11 10:00:00+00:00,0.0
2023-03-11 11:00:00+00:00,0.0
2023-03-11 12:00:00+00:00,0.0
2023-03-11 13:00:00+00:00,0.0
2023-03-11 14:00:00+00:00,505.8111156852513
2023-03-11 15:00:00+00:00,525.9322753433913
2023-03-11 16:00:00+00:00,507.60221527648974
2023-03-11 17:00:00+00:00,358.49004198434096
2023-03-11 18:00:00+00:00,0.0
2023-03-11 19:00:00+00:00,366.285969060778
2023-03-11 20:00:00+00:00,300.5224781634194
2023-03-11 21:00:00+00:00,277.5522001994544
2023-03-11 22:00:00+00:00,234.14447943650995
2023-03-11 23:00:00+00:00,158.96123049003538
2023-03-12 00:00:00+00:00,55.01441807390419
2023-03-12 01:00:00+00:00,0.0
2023-03-12 02:00:00+00:00,0.0
2023-03-12 03:00:00+00:00,0.0
2023-03-12 04:00:00+00:00,0.0
2023-03-12 05:00:00+00:00,0.0
2023-03-12 06:00:00+00:00,0.0
2023-03-12 07:00:00+00:00,0.0
2023-03-12 08:00:00+00:00,0.0
2023-03-12 09:00:00+00:00,0.0
2023-03-12 10:00:00+00:00,0.0
2023-03-12 11:00:00+00:00,0.0
2023-03-12 12:00:00+00:00,0.0
2023-03-12 13:00:00+00:00,0.0
2023-03-12 14:00:00+00:00,477.00199535531783
2023-03-12 15:00:00+00:00,445.1580520110137
2023-03-12 16:00:00+00:00,388.69656576021094
2023-03-12 17:00:00+00:00,285.074315297961
2023-03-12 18:00:00+00:00,0.0
2023-03-12 19:00:00+00:00,301.52197946039115
2023-03-12 20:00:00+00:00,299.3289655523622
2023-03-12 21:00:00+00:00,261.2922828731386
2023-03-12 22:00:00+00:00,217.07191152798623
2023-03-12 23:00:00+00:00,159.55995492987336
2023-03-13 00:00:00+00:00,39.18725216743264
2023-03-13 01:00:00+00:00,0.0
2023-03-13 02:00:00+00:00,0.0
2023-03-13 03:00:00+00:00,0.0
2023-03-13 04:00:00+00:00,0.0
2023-03-13 05:00:00+00:00,0.0
2023-03-13 06:00:00+00:00,0.0
2023-03-13 07:00:00+00:00,0.0
2023-03-13 08:00:00+00:00,0.0
2023-03-13 09:00:00+00:00,0.0
2023-03-13 10:00:00+00:00,0.0
2023-03-13 11:00:00+00:00,0.0
2023-03-13 12:00:00+00:00,0.0
2023-03-13 13:00:00+00:00,0.0
2023-03-13 14:00:00+00:00,621.5057169790348
2023-03-13 15:00:00+00:00,601.860699693609
2023-03-13 16:00:00+00:00,521.3034943322759
2023-03-13 17:00:00+00:00,328.5486436812252
2023-03-13 18:00:00+00:00,0.0
2023-03-13 19:00:00+00:00,314.4872290484547
2023-03-13 20:00:00+00:00,312.15198376015775
2023-03-13 21:00:00+00:00,310.9728334171686
2023-03-13 22:00:00+00:00,270.14814842847
2023-03-13 23:00:00+00:00,187.5369895623122
2023-03-14 00:00:00+00:00,44.96316447247698
2023-03-14 01:00:00+00:00,0.0
2023-03-14 02:00:00+00:00,0.0
2023-03-14 03:00:00+00:00,0.0
2023-03-14 04:00:00+00:00,0.0
2023-03-14 05:00:00+00:00,0.0
2023-03-14 06:00:00+00:00,0.0
2023-03-14 07:00:00+00:00,0.0
2023-03-14 08:00:00+00:00,0.0
2023-03-14 09:00:00+00:00,0.0
2023-03-14 10:00:00+00:00,0.0
2023-03-14 11:00:00+00:00,0.0
2023-03-14 12:00:00+00:00,0.0
2023-03-14 13:00:00+00:00,0.0
2023-03-14 14:00:00+00:00,519.710970196824
2023-03-14 15:00:00+00:00,547.2147372996508
2023-03-14 16:00:00+00:00,519.0359119315426
2023-03-14 17:00:00+00:00,374.2266432417541
2023-03-14 18:00:00+00:00,0.0
2023-03-14 19:00:00+00:00,361.7780924833576
2023-03-14 20:00:00+00:00,352.1836064728421
2023-03-14 21:00:00+00:00,285.88520195146276
2023-03-14 22:00:00+00:00,231.26251538655092
2023-03-14 23:00:00+00:00,197.47474937537467
2023-03-15 00:00:00+00:00,51.32964379482641
2023-03-15 01:00:00+00:00,0.0
2023-03-15 02:00:00+00:00,0.0
2023-03-15 03:00:00+00:00,0.0
2023-03-15 04:00:00+00:00,0.0
2023-03-15 05:00:00+00:00,0.0
2023-03-15 06:00:00+00:00,0.0
2023-03-15 07:00:00+00:00,0.0
2023-03-15 08:00:00+00:00,0.0
2023-03-15 09:00:00+00:00,0.0
2023-03-15 10:00:00+00:00,0.0
2023-03-15 11:00:00+00:00,0.0
2023-03-15 12:00:00+00:00,0.0
2023-03-15 13:00:00+00:00,0.0
2023-03-15 14:00:00+00:00,634.8011648058355
2023-03-15 15:00:00+00:00,587.6648620352365
2023-03-15 16:00:00+00:00,544.8519512038653
2023-03-15 17:00:00+00:00,387.77250544041505
2023-03-15 18:00:00+00:00,0.0
2023-03-15 19:00:00+00:00,399.030549601024
2023-03-15 20:00:00+00:00,386.5835820957186
2023-03-15 21:00:00+00:00,339.09319386873443
2023-03-15 22:00:00+00:00,239.45670110021618
2023-03-15 23:00:00+00:00,153.20754414127362
2023-03-16 00:00:00+00:00,47.72201036298943
2023-03-16 01:00:00+00:00,0.0
2023-03-16 02:00:00+00:00,0.0
2023-03-16 03:00:00+00:00,0.0
2023-03-16 04:00:00+00:00,0.0
2023-03-16 05:00:00+00:00,0.0
2023-03-16 06:00:00+00:00,0.0
2023-03-16 07:00:00+00:00,0.0
2023-03-16 08:00:00+00:00,0.0
2023-03-16 09:00:00+00:00,0.0
2023-03-16 10:00:00+00:00,0.0
2023-03-16 11:00:00+00:00,0.0
2023-03-16 12:00:00+00:00,0.0
2023-03-16 13:00:00+00:00,0.0
2023-03-16 14:00:00+00:00,369.9122995499069
2023-03-16 15:00:00+00:00,458.8036873152128
2023-03-16 16:00:00+00:00,413.24501052640034
2023-03-16 17:00:00+00:00,310.51540877834066
2023-03-16 18:00:00+00:00,0.0
2023-03-16 19:00:00+00:00,344.8074966041066
2023-03-16 20:00:00+00:00,308.18612823024483
2023-03-16 21:00:00+00:00,295.21205224608656
2023-03-16 22:00:00+00:00,266.9486120053055
2023-03-16 23:00:00+00:00,174.3942808288738
2023-03-17 00:00:00+00:00,43.31055879074007
2023-03-17 01:00:00+00:00,0.0
2023-03-17 02:00:00+00:00,0.0
2023-03-17 03:00:00+00:00,0.0
2023-03-17 04:00:00+00:00,0.0
2023-03-17 05:00:00+00:00,0.0
2023-03-17 06:00:00+00:00,0.0
2023-03-17 07:00:00+00:00,0.0
2023-03-17 08:00:00+00:00,0.0
2023-03-17 09:00:00+00:00,0.0
2023-03-17 10:00:00+00:00,0.0
2023-03-17 11:00:00+00:00,0.0
2023-03-17 12:00:00+00:00,0.0
2023-03-17 13:00:00+00:00,0.0
2023-03-17 14:00:00+00:00,501.32219211171315
2023-03-17 15:00:00+00:00,423.6384357295529
2023-03-17 16:00:00+00:00,350.98829251780836
2023-03-17 17:00:00+00:00,228.945126549227
2023-03-17 18:00:00+00:00,0.0
2023-03-17 19:00:00+00:00,243.00477863259607
2023-03-17 20:00:00+00:00,237.74089087523075
2023-03-17 21:00:00+00:00,264.0186067726789
2023-03-17 22:00:00+00:00,211.77142321948705
2023-03-17 23:00:00+00:00,152.64560840137608
2023-03-18 00:00:00+00:00,32.217336532369394
2023-03-18 01:00:00+00:00,0.0
2023-03-18 02:00:00+00:00,0.0
2023-03-18 03:00:00+00:00,0.0
2023-03-18 04:00:00+00:00,0.0
2023-03-18 05:00:00+00:00,0.0
2023-03-18 06:00:00+00:00,0.0
2023-03-18 07:00:00+00:00,0.0
2023-03-18 08:00:00+00:00,0.0
2023-03-18 09:00:00+00:00,0.0
2023-03-18 10:00:00+00:00,0.0
2023-03-18 11:00:00+00:00,0.0
2023-03-18 12:00:00+00:00,0.0
2023-03-18 13:00:00+00:00,0.0
2023-03-18 14:00:00+00:00,504.77041215774324
2023-03-18 15:00:00+00:00,466.8218255146437
2023-03-18 16:00:00+00:00,465.1197516382311
2023-03-18 17:00:00+00:00,324.8869962834504
2023-03-18 18:00:00+00:00,0.0
2023-03-18 19:00:00+00:00,332.23009390655255
2023-03-18 20:00:00+00:00,289.22727074933954
2023-03-18 21:00:00+00:00,229.03728899377325
2023-03-18 22:00:00+00:00,206.6953464509354
2023-03-18 23:00:00+00:00,154.03809960414594
2023-03-19 00:00:00+00:00,44.231912886152635
2023-03-19 01:00:00+00:00,0.0
2023-03-19 02:00:00+00:00,0.0
2023-03-19 03:00:00+00:00,0.0
2023-03-19 04:00:00+00:00,0.0
2023-03-19 05:00:00+00:00,0.0
2023-03-19 06:00:00+00:00,0.0
2023-03-19 07:00:00+00:00,0.0
2023-03-19 08:00:00+00:00,0.0
2023-03-19 09:00:00+00:00,0.0
2023-03-19 10:00:00+00:00,0.0
2023-03-19 11:00:00+00:00,0.0
2023-03-19 12:00:00+00:00,0.0
2023-03-19 13:00:00+00:00,0.0
2023-03-19 14:00:00+00:00,570.3180673715057
2023-03-19 15:00:00+00:00,556.5562790356399
2023-03-19 16:00:00+00:00,524.9571226272295
2023-03-19 17:00:00+00:00,391.12511024513316
2023-03-19 18:00:00+00:00,0.0
2023-03-19 19:00:00+00:00,402.4137256285331
2023-03-19 20:00:00+00:00,374.21107570836426
2023-03-19 21:00:00+00:00,317.81750890413383
2023-03-19 22:00:00+00:00,243.79631703382847
2023-03-19 23:00:00+00:00,160.44847163321936
2023-03-20 00:00:00+00:00,52.08351017997277
2023-03-20 01:00:00+00:00,0.0
2023-03-20 02:00:00+00:00,0.0
2023-03-20 03:00:00+00:00,0.0
2023-03-20 04:00:00+00:00,0.0
2023-03-20 05:00:00+00:00,0.0
2023-03-20 06:00:00+00:00,0.0
2023-03-20 07:00:00+00:00,0.0
2023-03-20 08:00:00+00:00,0.0
2023-03-20 09:00:00+00:00,0.0
2023-03-20 10:00:00+00:00,0.0
2023-03-20 11:00:00+00:00,0.0
2023-03-20 12:00:00+00:00,0.0
2023-03-20 13:00:00+00:00,0.0
2023-03-20 14:00:00+00:00,500.9486567660761
2023-03-20 15:00:00+00:00,560.8758114199187
2023-03-20 16:00:00+00:00,483.66192518322333
2023-03-20 17:00:00+00:00,365.7010652784233
2023-03-20 18:00:00+00:00,0.0
2023-03-20 19:00:00+00:00,334.4693811547889
2023-03-20 20:00:00+00:00,312.99855736783417
2023-03-20 21:00:00+00:00,287.0735046029699
2023-03-20 22:00:00+00:00,209.5256978900792
2023-03-20 23:00:00+00:00,144.4256092625983
2023-03-21 00:00:00+00:00,49.212496403719065
2023-03-21 01:00:00+00:00,0.0
2023-03-21 02:00:00+00:00,0.0
2023-03-21 03:00:00+00:00,0.0
2023-03-21 04:00:00+00:00,0.0
2023-03-21 05:00:00+00:00,0.0
2023-03-21 06:00:00+00:00,0.0
2023-03-21 07:00:00+00:00,0.0
2023-03-21 08:00:00+00:00,0.0
2023-03-21 09:00:00+00:00,0.0
2023-03-21 10:00:00+00:00,0.0
2023-03-21 11:00:00+00:00,0.0
2023-03-21 12:00:00+00:00,0.0
2023-03-21 13:00:00+00:00,0.0
2023-03-21 14:00:00+00:00,391.55144463208813
2023-03-21 15:00:00+00:00,431.5713872176084
2023-03-21 16:00:00+00:00,409.37002194550524
2023-03-21 17:00:00+00:00,308.61389154500495
2023-03-21 18:00:00+00:00,0.0
2023-03-21 19:00:00+00:00,258.2528644211598
2023-03-21 20:00:00+00:00,222.71027471593268
2023-03-21 21:00:00+00:00,195.41103708292803
2023-03-21 22:00:00+00:00,177.73230233128416
2023-03-21 23:00:00+00:00,124.75328626969527
2023-03-22 00:00:00+00:00,56.38929486970633
2023-03-22 01:00:00+00:00,0.0
2023-03-22 02:00:00+00:00,0.0
2023-03-22 03:00:00+00:00,0.0
2023-03-22 04:00:00+00:00,0.0
2023-03-22 05:00:00+00:00,0.0
2023-03-22 06:00:00+00:00,0.0
2023-03-22 07:00:00+00:00,0.0
2023-03-22 08:00:00+00:00,0.0
2023-03-22 09:00:00+00:00,0.0
2023-03-22 10:00:00+00:00,0.0
2023-03-22 11:00:00+00:00,0.0
2023-03-22 12:00:00+00:00,0.0
2023-03-22 13:00:00+00:00,0.0
2023-03-22 14:00:00+00:00,303.25825360435647
2023-03-22 15:00:00+00:00,386.04952276153625
2023-03-22 16:00:00+00:00,415.4140706587268
2023-03-22 17:00:00+00:00,308.70682588122105
2023-03-22 18:00:00+00:00,0.0
2023-03-22 19:00:00+00:00,267.1680975817761
2023-03-22 20:00:00+00:00,267.80172594148974
2023-03-22 21:00:00+00:00,223.67664067435115
2023-03-22 22:00:00+00:00,171.24672772907698
2023-03-22 23:00:00+00:00,102.86930007369256
2023-03-23 00:00:00+00:00,11.734305286168869
2023-03-23 01:00:00+00:00,0.0
2023-03-23 02:00:00+00:00,0.0
2023-03-23 03:00:00+00:00,0.0
2023-03-23 04:00:00+00:00,0.0
2023-03-23 05:00:00+00:00,0.0
2023-03-23 06:00:00+00:00,0.0
2023-03-23 07:00:00+00:00,0.0
2023-03-23 08:00:00+00:00,0.0
2023-03-23 09:00:00+00:00,0.0
2023-03-23 10:00:00+00:00,0.0
2023-03-23 11:00:00+00:00,0.0
2023-03-23 12:00:00+00:00,0.0
2023-03-23 13:00:00+00:00,0.0
2023-03-23 14:00:00+00:00,458.20974509264596
2023-03-23 15:00:00+00:00,503.0495861763872
2023-03-23 16:00:00+00:00,461.3856293419817
2023-03-23 17:00:00+00:00,349.06588167936144
2023-03-23 18:00:00+00:00,0.0
2023-03-23 19:00:00+00:00,352.31776342288185
2023-03-23 20:00:00+00:00,316.7171410898872
2023-03-23 21:00:00+00:00,244.24334611537014
2023-03-23 22:00:00+00:00,200.07073368299555
2023-03-23 23:00:00+00:00,161.3399626792098
2023-03-24 00:00:00+00:00,63.37129368141191
2023-03-24 01:00:00+00:00,0.0
2023-03-24 02:00:00+00:00,0.0
2023-03-24 03:00:00+00:00,0.0
2023-03-24 04:00:00+00:00,0.0
2023-03-24 05:00:00+00:00,0.0
2023-03-24 06:00:00+00:00,0.0
2023-03-24 07:00:00+00:00,0.0
2023-03-24 08:00:00+00:00,0.0
2023-03-24 09:00:00+00:00,0.0
2023-03-24 10:00:00+00:00,0.0
2023-03-24 11:00:00+00:00,0.0
2023-03-24 12:00:00+00:00,0.0
2023-03-24 13:00:00+00:00,0.0
2023-03-24 14:00:00+00:00,612.3360554425249
2023-03-24 15:00:00+00:00,643.4831974642731
2023-03-24 16:00:00+00:00,565.2517007073045
2023-03-24 17:00:00+00:00,402.0494398071858
2023-03-24 18:00:00+00:00,0.0
2023-03-24 19:00:00+00:00,371.90361728325547
2023-03-24 20:00:00+00:00,347.8682591747661
2023-03-24 21:00:00+00:00,311.19693426514084
2023-03-24 22:00:00+00:00,275.2285751428877
2023-03-24 23:00:00+00:00,183.79802336014495
2023-03-25 00:00:00+00:00,78.76989846468108
2023-03-25 01:00:00+00:00,0.0
2023-03-25 02:00:00+00:00,0.0
2023-03-25 03:00:00+00:00,0.0
2023-03-25 04:00:00+00:00,0.0
2023-03-25 05:00:00+00:00,0.0
2023-03-25 06:00:00+00:00,0.0
2023-03-25 07:00:00+00:00,0.0
2023-03-25 08:00:00+00:00,0.0
2023-03-25 09:00:00+00:00,0.0
2023-03-25 10:00:00+00:00,0.0
2023-03-25 11:00:00+00:00,0.0
2023-03-25 12:00:00+00:00,0.0
2023-03-25 13:00:00+00:00,0.0
2023-03-25 14:00:00+00:00,499.6942195337743
2023-03-25 15:00:00+00:00,549.7225790820304
2023-03-25 16:00:00+00:00,514.9669983313071
2023-03-25 17:00:00+00:00,407.09392365427146
2023-03-25 18:00:00+00:00,44.19620378402635
2023-03-25 19:00:00+00:00,339.1380391890969
2023-03-25 20:00:00+00:00,327.73715974096234
2023-03-25 21:00:00+00:00,265.25494605677983
2023-03-25 22:00:00+00:00,222.20429108206608
2023-03-25 23:00:00+00:00,176.7985376860303
2023-03-26 00:00:00+00:00,72.60573296556946
2023-03-26 01:00:00+00:00,0.0
2023-03-26 02:00:00+00:00,0.0
2023-03-26 03:00:00+00:00,0.0
2023-03-26 04:00:00+00:00,0.0
2023-03-26 05:00:00+00:00,0.0
2023-03-26 06:00:00+00:00,0.0
2023-03-26 07:00:00+00:00,0.0
2023-03-26 08:00:00+00:00,0.0
2023-03-26 09:00:00+00:00,0.0
2023-03-26 10:00:00+00:00,0.0
2023-03-26 11:00:00+00:00,0.0
2023-03-26 12:00:00+00:00,0.0
2023-03-26 13:00:00+00:00,0.0
2023-03-26 14:00:00+00:00,536.9202328201073
2023-03-26 15:00:00+00:00,543.9807839532958
2023-03-26 16:00:00+00:00,457.7269561851802
2023-03-26 17:00:00+00:00,342.13516747400945
2023-03-26 18:00:00+00:00,45.29185922794239
2023-03-26 19:00:00+00:00,347.17226785730116
2023-03-26 20:00:00+00:00,301.06536822689253
2023-03-26 21:00:00+00:00,241.1949453317064
2023-03-26 22:00:00+00:00,205.13985836907435
2023-03-26 23:00:00+00:00,103.25947199107281
2023-03-27 00:00:00+00:00,32.94520157674671
2023-03-27 01:00:00+00:00,0.0
2023-03-27 02:00:00+00:00,0.0
2023-03-27 03:00:00+00:00,0.0
2023-03-27 04:00:00+00:00,0.0
2023-03-27 05:00:00+00:00,0.0
2023-03-27 06:00:00+00:00,0.0
2023-03-27 07:00:00+00:00,0.0
2023-03-27 08:00:00+00:00,0.0
2023-03-27 09:00:00+00:00,0.0
2023-03-27 10:00:00+00:00,0.0
2023-03-27 11:00:00+00:00,0.0
2023-03-27 12:00:00+00:00,0.0
2023-03-27 13:00:00+00:00,0.0
2023-03-27 14:00:00+00:00,544.0678644379342
2023-03-27 15:00:00+00:00,531.7595062687516
2023-03-27 16:00:00+00:00,499.33714975368963
2023-03-27 17:00:00+00:00,419.3391812574689
2023-03-27 18:00:00+00:00,52.51163182441288
2023-03-27 19:00:00+00:00,371.52803006611526
2023-03-27 20:00:00+00:00,331.0065022282037
2023-03-27 21:00:00+00:00,278.76863158879894
2023-03-27 22:00:00+00:00,246.0309391230937
2023-03-27 23:00:00+00:00,194.87105877758094
2023-03-28 00:00:00+00:00,76.57919911569766
2023-03-28 01:00:00+00:00,0.0
2023-03-28 02:00:00+00:00,0.0
2023-03-28 03:00:00+00:00,0.0
2023-03-28 04:00:00+00:00,0.0
2023-03-28 05:00:00+00:00,0.0
2023-03-28 06:00:00+00:00,0.0
2023-03-28 07:00:00+00:00,0.0
2023-03-28 08:00:00+00:00,0.0
2023-03-28 09:00:00+00:00,0.0
2023-03-28 10:00:00+00:00,0.0
2023-03-28 11:00:00+00:00,0.0
2023-03-28 12:00:00+00:00,0.0
2023-03-28 13:00:00+00:00,0.0
2023-03-28 14:00:00+00:00,555.8508129293541
2023-03-28 15:00:00+00:00,632.9548092890003
2023-03-28 16:00:00+00:00,569.7226887120686
2023-03-28 17:00:00+00:00,424.016494966176
2023-03-28 18:00:00+00:00,71.10184361370013
2023-03-28 19:00:00+00:00,379.9992294749881
2023-03-28 20:00:00+00:00,342.2088149869334
2023-03-28 21:00:00+00:00,279.80941161246085
2023-03-28 22:00:00+00:00,222.0292737057001
2023-03-28 23:00:00+00:00,159.83822340296697
2023-03-29 00:00:00+00:00,73.66352920670555
2023-03-29 01:00:00+00:00,0.0
2023-03-29 02:00:00+00:00,0.0
2023-03-29 03:00:00+00:00,0.0
2023-03-29 04:00:00+00:00,0.0
2023-03-29 05:00:00+00:00,0.0
2023-03-29 06:00:00+00:00,0.0
2023-03-29 07:00:00+00:00,0.0
2023-03-29 08:00:00+00:00,0.0
2023-03-29 09:00:00+00:00,0.0
2023-03-29 10:00:00+00:00,0.0
2023-03-29 11:00:00+00:00,0.0
2023-03-29 12:00:00+00:00,0.0
2023-03-29 13:00:00+00:00,0.0
2023-03-29 14:00:00+00:00,582.1797871396866
2023-03-29 15:00:00+00:00,550.1928294651976
2023-03-29 16:00:00+00:00,491.3221595302019
2023-03-29 17:00:00+00:00,358.1167191547454
2023-03-29 18:00:00+00:00,47.78873439329249
2023-03-29 19:00:00+00:00,286.2930893774029
2023-03-29 20:00:00+00:00,250.254846971368
2023-03-29 21:00:00+00:00,225.40027083013663
2023-03-29 22:00:00+00:00,199.97947752480766
2023-03-29 23:00:00+00:00,169.75071610091996
2023-03-30 00:00:00+00:00,48.26058861002653
2023-03-30 01:00:00+00:00,0.0
2023-03-30 02:00:00+00:00,0.0
2023-03-30 03:00:00+00:00,0.0
2023-03-30 04:00:00+00:00,0.0
2023-03-30 05:00:00+00:00,0.0
2023-03-30 06:00:00+00:00,0.0
2023-03-30 07:00:00+00:00,0.0
2023-03-30 08:00:00+00:00,0.0
2023-03-30 09:00:00+00:00,0.0
2023-03-30 10:00:00+00:00,0.0
2023-03-30 11:00:00+00:00,0.0
2023-03-30 12:00:00+00:00,0.0
2023-03-30 13:00:00+00:00,0.0
2023-03-30 14:00:00+00:00,267.10033256070454
2023-03-30 15:00:00+00:00,418.02999589009136
2023-03-30 16:00:00+00:00,336.6004569995207
2023-03-30 17:00:00+00:00,254.53452986765424
2023-03-30 18:00:00+00:00,50.13116181162936
2023-03-30 19:00:00+00:00,242.0366849861404
2023-03-30 20:00:00+00:00,236.17638627245444
2023-03-30 21:00:00+00:00,221.61905617384298
2023-03-30 22:00:00+00:00,180.6733585032848
2023-03-30 23:00:00+00:00,136.39262290246828
2023-03-31 00:00:00+00:00,59.326528014552075
2023-03-31 01:00:00+00:00,0.0
2023-03-31 02:00:00+00:00,0.0
2023-03-31 03:00:00+00:00,0.0
2023-03-31 04:00:00+00:00,0.0
2023-03-31 05:00:00+00:00,0.0
2023-03-31 06:00:00+00:00,0.0
2023-03-31 07:00:00+00:00,0.0
2023-03-31 08:00:00+00:00,0.0
2023-03-31 09:00:00+00:00,0.0
2023-03-31 10:00:00+00:00,0.0
2023-03-31 11:00:00+00:00,0.0
2023-03-31 12:00:00+00:00,0.0
2023-03-31 13:00:00+00:00,0.0
2023-03-31 14:00:00+00:00,541.5564596850361
2023-03-31 15:00:00+00:00,525.5343622034314
2023-03-31 16:00:00+00:00,492.3513769967756
2023-03-31 17:00:00+00:00,357.48125460458976
2023-03-31 18:00:00+00:00,66.95312505444574
2023-03-31 19:00:00+00:00,332.99996947029257
2023-03-31 20:00:00+00:00,298.10554634471197
2023-03-31 21:00:00+00:00,233.5686500524638
2023-03-31 22:00:00+00:00,179.7182946949788
2023-03-31 23:00:00+00:00,124.33512456485245
2023-04-01 00:00:00+00:00,33.464788124701364
2023-04-01 01:00:00+00:00,0.0
2023-04-01 02:00:00+00:00,0.0
2023-04-01 03:00:00+00:00,0.0
2023-04-01 04:00:00+00:00,0.0
2023-04-01 05:00:00+00:00,0.0
2023-04-01 06:00:00+00:00,0.0
2023-04-01 07:00:00+00:00,0.0
2023-04-01 08:00:00+00:00,0.0
2023-04-01 09:00:00+00:00,0.0
2023-04-01 10:00:00+00:00,0.0
2023-04-01 11:00:00+00:00,0.0
2023-04-01 12:00:00+00:00,0.0
2023-04-01 13:00:00+00:00,0.0
2023-04-01 14:00:00+00:00,399.9986761531348
2023-04-01 15:00:00+00:00,539.2895126788172
2023-04-01 16:00:00+00:00,510.742962296858
2023-04-01 17:00:00+00:00,422.9179528718698
2023-04-01 18:00:00+00:00,64.19347378037445
2023-04-01 19:00:00+00:00,360.6829018663627
2023-04-01 20:00:00+00:00,338.36714236245626
2023-04-01 21:00:00+00:00,312.48818528962073
2023-04-01 22:00:00+00:00,263.34584161038623
2023-04-01 23:00:00+00:00,165.10897028472078
2023-04-02 00:00:00+00:00,45.34777004312699
2023-04-02 01:00:00+00:00,0.0
2023-04-02 02:00:00+00:00,0.0
2023-04-02 03:00:00+00:00,0.0
2023-04-02 04:00:00+00:00,0.0
2023-04-02 05:00:00+00:00,0.0
2023-04-02 06:00:00+00:00,0.0
2023-04-02 07:00:00+00:00,0.0
2023-04-02 08:00:00+00:00,0.0
2023-04-02 09:00:00+00:00,0.0
2023-04-02 10:00:00+00:00,0.0
2023-04-02 11:00:00+00:00,0.0
2023-04-02 12:00:00+00:00,0.0
2023-04-02 13:00:00+00:00,130.26744970729055
2023-04-02 14:00:00+00:00,501.268776954555
2023-04-02 15:00:00+00:00,585.2599347668696
2023-04-02 16:00:00+00:00,530.723388353635
2023-04-02 17:00:00+00:00,424.17149001760754
2023-04-02 18:00:00+00:00,112.15820688221821
2023-04-02 19:00:00+00:00,387.89610973011446
2023-04-02 20:00:00+00:00,363.23683722945333
2023-04-02 21:00:00+00:00,325.5809689362091
2023-04-02 22:00:00+00:00,272.8440398988513
2023-04-02 23:00:00+00:00,196.19531502633686
2023-04-03 00:00:00+00:00,89.56615269917633
2023-04-03 01:00:00+00:00,0.0
2023-04-03 02:00:00+00:00,0.0
2023-04-03 03:00:00+00:00,0.0
2023-04-03 04:00:00+00:00,0.0
2023-04-03 05:00:00+00:00,0.0
2023-04-03 06:00:00+00:00,0.0
2023-04-03 07:00:00+00:00,0.0
2023-04-03 08:00:00+00:00,0.0
2023-04-03 09:00:00+00:00,0.0
2023-04-03 10:00:00+00:00,0.0
2023-04-03 11:00:00+00:00,0.0
2023-04-03 12:00:00+00:00,0.0
2023-04-03 13:00:00+00:00,129.9578965581138
2023-04-03 14:00:00+00:00,553.7392536842884
2023-04-03 15:00:00+00:00,635.7426051245425
2023-04-03 16:00:00+00:00,573.83929042578
2023-04-03 17:00:00+00:00,446.152421924114
2023-04-03 18:00:00+00:00,108.91291942551216
2023-04-03 19:00:00+00:00,347.18712223269193
2023-04-03 20:00:00+00:00,315.22919031570797
2023-04-03 21:00:00+00:00,250.6011595178712
2023-04-03 22:00:00+00:00,177.96891668601688
2023-04-03 23:00:00+00:00,110.76037622853069
2023-04-04 00:00:00+00:00,53.129739977075815
2023-04-04 01:00:00+00:00,0.0
2023-04-04 02:00:00+00:00,0.0
2023-04-04 03:00:00+00:00,0.0
2023-04-04 04:00:00+00:00,0.0
2023-04-04 05:00:00+00:00,0.0
2023-04-04 06:00:00+00:00,0.0
2023-04-04 07:00:00+00:00,0.0
2023-04-04 08:00:00+00:00,0.0
2023-04-04 09:00:00+00:00,0.0
2023-04-04 10:00:00+00:00,0.0
2023-04-04 11:00:00+00:00,0.0
2023-04-04 12:00:00+00:00,0.0
2023-04-04 13:00:00+00:00,259.828035124028
2023-04-04 14:00:00+00:00,525.2557065145551
2023-04-04 15:00:00+00:00,615.3812101128842
2023-04-04 16:00:00+00:00,544.3677943937885
2023-04-04 17:00:00+00:00,395.44287945467545
2023-04-04 18:00:00+00:00,98.94803003706613
2023-04-04 19:00:00+00:00,332.6047303846942
2023-04-04 20:00:00+00:00,310.1331715126477
2023-04-04 21:00:00+00:00,266.9673971070625
2023-04-04 22:00:00+00:00,242.77940675271245
2023-04-04 23:00:00+00:00,207.7189902014112
2023-04-05 00:00:00+00:00,92.62873981567937
2023-04-05 01:00:00+00:00,0.0
2023-04-05 02:00:00+00:00,0.0
2023-04-05 03:00:00+00:00,0.0
2023-04-05 04:00:00+00:00,0.0
2023-04-05 05:00:00+00:00,0.0
2023-04-05 06:00:00+00:00,0.0
2023-04-05 07:00:00+00:00,0.0
2023-04-05 08:00:00+00:00,0.0
2023-04-05 09:00:00+00:00,0.0
2023-04-05 10:00:00+00:00,0.0
2023-04-05 11:00:00+00:00,0.0
2023-04-05 12:00:00+00:00,0.0
2023-04-05 13:00:00+00:00,257.95056054664377
2023-04-05 14:00:00+00:00,469.32037591781767
2023-04-05 15:00:00+00:00,581.1966987607551
2023-04-05 16:00:00+00:00,549.5381355992092
2023-04-05 17:00:00+00:00,403.5709122768456
2023-04-05 18:00:00+00:00,100.1651054541983
2023-04-05 19:00:00+00:00,325.04748337328056
2023-04-05 20:00:00+00:00,283.81490967734254
2023-04-05 21:00:00+00:00,231.4847898369529
2023-04-05 22:00:00+00:00,219.0892442835753
2023-04-05 23:00:00+00:00,170.25119010352668
2023-04-06 00:00:00+00:00,64.34389376143737
2023-04-06 01:00:00+00:00,0.0
2023-04-06 02:00:00+00:00,0.0
2023-04-06 03:00:00+00:00,0.0
2023-04-06 04:00:00+00:00,0.0
2023-04-06 05:00:00+00:00,0.0
2023-04-06 06:00:00+00:00,0.0
2023-04-06 07:00:00+00:00,0.0
2023-04-06 08:00:00+00:00,0.0
2023-04-06 09:00:00+00:00,0.0
2023-04-06 10:00:00+00:00,0.0
2023-04-06 11:00:00+00:00,0.0
2023-04-06 12:00:00+00:00,0.0
2023-04-06 13:00:00+00:00,257.16593127722354
2023-04-06 14:00:00+00:00,448.4933587207352
2023-04-06 15:00:00+00:00,510.0311225636019
2023-04-06 16:00:00+00:00,466.42258179139907
2023-04-06 17:00:00+00:00,336.47588205546543
2023-04-06 18:00:00+00:00,95.36581363714295
2023-04-06 19:00:00+00:00,266.2486685675099
2023-04-06 20:00:00+00:00,230.7299578234836
2023-04-06 21:00:00+00:00,209.67118022448372
2023-04-06 22:00:00+00:00,207.55228226363624
2023-04-06 23:00:00+00:00,135.16672397279288
2023-04-07 00:00:00+00:00,25.904485734722385
2023-04-07 01:00:00+00:00,0.0
2023-04-07 02:00:00+00:00,0.0
2023-04-07 03:00:00+00:00,0.0
2023-04-07 04:00:00+00:00,0.0
2023-04-07 05:00:00+00:00,0.0
2023-04-07 06:00:00+00:00,0.0
2023-04-07 07:00:00+00:00,0.0
2023-04-07 08:00:00+00:00,0.0
2023-04-07 09:00:00+00:00,0.0
2023-04-07 10:00:00+00:00,0.0
2023-04-07 11:00:00+00:00,0.0
2023-04-07 12:00:00+00:00,0.0
2023-04-07 13:00:00+00:00,243.38468010176857
2023-04-07 14:00:00+00:00,551.91222969125
2023-04-07 15:00:00+00:00,620.9573168267892
2023-04-07 16:00:00+00:00,576.3973621292429
2023-04-07 17:00:00+00:00,453.06665821427106
2023-04-07 18:00:00+00:00,140.8146667272896
2023-04-07 19:00:00+00:00,381.5079538738848
2023-04-07 20:00:00+00:00,343.9959400370822
2023-04-07 21:00:00+00:00,296.85504594263625
2023-04-07 22:00:00+00:00,267.51759645198666
2023-04-07 23:00:00+00:00,169.69605506675813
2023-04-08 00:00:00+00:00,59.660632661452745
2023-04-08 01:00:00+00:00,0.0
2023-04-08 02:00:00+00:00,0.0
2023-04-08 03:00:00+00:00,0.0
2023-04-08 04:00:00+00:00,0.0
2023-04-08 05:00:00+00:00,0.0
2023-04-08 06:00:00+00:00,0.0
2023-04-08 07:00:00+00:00,0.0
2023-04-08 08:00:00+00:00,0.0
2023-04-08 09:00:00+00:00,0.0
2023-04-08 10:00:00+00:00,0.0
2023-04-08 11:00:00+00:00,0.0
2023-04-08 12:00:00+00:00,0.0
2023-04-08 13:00:00+00:00,258.0975774627289
2023-04-08 14:00:00+00:00,564.9077985799329
2023-04-08 15:00:00+00:00,635.2067338276892
2023-04-08 16:00:00+00:00,581.3625985706984
2023-04-08 17:00:00+00:00,455.02667828096145
2023-04-08 18:00:00+00:00,147.8135885395287
2023-04-08 19:00:00+00:00,370.5474211523055
2023-04-08 20:00:00+00:00,335.1208657419898
2023-04-08 21:00:00+00:00,305.02027344377194
2023-04-08 22:00:00+00:00,253.79925467902294
2023-04-08 23:00:00+00:00,182.99889099604948
2023-04-09 00:00:00+00:00,73.07697051832855
2023-04-09 01:00:00+00:00,0.0
2023-04-09 02:00:00+00:00,0.0
2023-04-09 03:00:00+00:00,0.0
2023-04-09 04:00:00+00:00,0.0
2023-04-09 05:00:00+00:00,0.0
2023-04-09 06:00:00+00:00,0.0
2023-04-09 07:00:00+00:00,0.0
2023-04-09 08:00:00+00:00,0.0
2023-04-09 09:00:00+00:00,0.0
2023-04-09 10:00:00+00:00,0.0
2023-04-09 11:00:00+00:00,0.0
2023-04-09 12:00:00+00:00,0.0
2023-04-09 13:00:00+00:00,304.90663426049707
2023-04-09 14:00:00+00:00,407.3186938390907
2023-04-09 15:00:00+00:00,485.6008141411749
2023-04-09 16:00:00+00:00,451.05276719073504
2023-04-09 17:00:00+00:00,350.068384882515
2023-04-09 18:00:00+00:00,105.85988380363999
2023-04-09 19:00:00+00:00,312.123246697349
2023-04-09 20:00:00+00:00,275.82777206928824
2023-04-09 21:00:00+00:00,243.19569563995495
2023-04-09 22:00:00+00:00,205.64800217127973
2023-04-09 23:00:00+00:00,140.69208394412965
2023-04-10 00:00:00+00:00,64.62089276447178
2023-04-10 01:00:00+00:00,0.0
2023-04-10 02:00:00+00:00,0.0
2023-04-10 03:00:00+00:00,0.0
2023-04-10 04:00:00+00:00,0.0
2023-04-10 05:00:00+00:00,0.0
2023-04-10 06:00:00+00:00,0.0
2023-04-10 07:00:00+00:00,0.0
2023-04-10 08:00:00+00:00,0.0
2023-04-10 09:00:00+00:00,0.0
2023-04-10 10:00:00+00:00,0.0
2023-04-10 11:00:00+00:00,0.0
2023-04-10 12:00:00+00:00,0.0
2023-04-10 13:00:00+00:00,513.7779468205069
2023-04-10 14:00:00+00:00,542.3522882388844
2023-04-10 15:00:00+00:00,564.0027284103245
2023-04-10 16:00:00+00:00,532.8897178213907
2023-04-10 17:00:00+00:00,391.66061515463844
2023-04-10 18:00:00+00:00,115.09608584824309
2023-04-10 19:00:00+00:00,305.08392635019266
2023-04-10 20:00:00+00:00,257.4122690978259
2023-04-10 21:00:00+00:00,257.999328970098
2023-04-10 22:00:00+00:00,226.3533733712278
2023-04-10 23:00:00+00:00,152.02011506467542
2023-04-11 00:00:00+00:00,73.64446044860563
2023-04-11 01:00:00+00:00,0.0
2023-04-11 02:00:00+00:00,0.0
2023-04-11 03:00:00+00:00,0.0
2023-04-11 04:00:00+00:00,0.0
2023-04-11 05:00:00+00:00,0.0
2023-04-11 06:00:00+00:00,0.0
2023-04-11 07:00:00+00:00,0.0
2023-04-11 08:00:00+00:00,0.0
2023-04-11 09:00:00+00:00,0.0
2023-04-11 10:00:00+00:00,0.0
2023-04-11 11:00:00+00:00,0.0
2023-04-11 12:00:00+00:00,0.0
2023-04-11 13:00:00+00:00,499.35378553887995
2023-04-11 14:00:00+00:00,552.6831913857118
2023-04-11 15:00:00+00:00,630.943396943621
2023-04-11 16:00:00+00:00,571.7213639777077
2023-04-11 17:00:00+00:00,417.95172714897245
2023-04-11 18:00:00+00:00,137.3058606766858
2023-04-11 19:00:00+00:00,293.8164517479686
2023-04-11 20:00:00+00:00,265.7705621587758
2023-04-11 21:00:00+00:00,237.18895573429424
2023-04-11 22:00:00+00:00,176.38079250104565
2023-04-11 23:00:00+00:00,130.1926926813617
2023-04-12 00:00:00+00:00,48.69367997716836
2023-04-12 01:00:00+00:00,0.0
2023-04-12 02:00:00+00:00,0.0
2023-04-12 03:00:00+00:00,0.0
2023-04-12 04:00:00+00:00,0.0
2023-04-12 05:00:00+00:00,0.0
2023-04-12 06:00:00+00:00,0.0
2023-04-12 07:00:00+00:00,0.0
2023-04-12 08:00:00+00:00,0.0
2023-04-12 09:00:00+00:00,0.0
2023-04-12 10:00:00+00:00,0.0
2023-04-12 11:00:00+00:00,0.0
2023-04-12 12:00:00+00:00,0.0
2023-04-12 13:00:00+00:00,511.15908061264025
2023-04-12 14:00:00+00:00,433.26766437644847
2023-04-12 15:00:00+00:00,503.1266860492367
2023-04-12 16:00:00+00:00,444.22844239366304
2023-04-12 17:00:00+00:00,340.78302962555875
2023-04-12 18:00:00+00:00,101.16712729636102
2023-04-12 19:00:00+00:00,239.57922734859895
2023-04-12 20:00:00+00:00,243.83938746377873
2023-04-12 21:00:00+00:00,224.46802893629203
2023-04-12 22:00:00+00:00,177.148173781256
2023-04-12 23:00:00+00:00,127.71829460248024
2023-04-13 00:00:00+00:00,62.291084089293236
2023-04-13 01:00:00+00:00,0.0
2023-04-13 02:00:00+00:00,0.0
2023-04-13 03:00:00+00:00,0.0
2023-04-13 04:00:00+00:00,0.0
2023-04-13 05:00:00+00:00,0.0
2023-04-13 06:00:00+00:00,0.0
2023-04-13 07:00:00+00:00,0.0
2023-04-13 08:00:00+00:00,0.0
2023-04-13 09:00:00+00:00,0.0
2023-04-13 10:00:00+00:00,0.0
2023-04-13 11:00:00+00:00,0.0
2023-04-13 12:00:00+00:00,0.0
2023-04-13 13:00:00+00:00,507.06480586715526
2023-04-13 14:00:00+00:00,551.7817145276844
2023-04-13 15:00:00+00:00,624.8378137707364
2023-04-13 16:00:00+00:00,572.8882060366464
2023-04-13 17:00:00+00:00,435.1566823373314
2023-04-13 18:00:00+00:00,146.38426602690666
2023-04-13 19:00:00+00:00,319.80652619606985
2023-04-13 20:00:00+00:00,281.3285857714499
2023-04-13 21:00:00+00:00,228.34196896704466
2023-04-13 22:00:00+00:00,168.56873816523532
2023-04-13 23:00:00+00:00,152.19433060470627
2023-04-14 00:00:00+00:00,72.87453913718984
2023-04-14 01:00:00+00:00,0.0
2023-04-14 02:00:00+00:00,0.0
2023-04-14 03:00:00+00:00,0.0
2023-04-14 04:00:00+00:00,0.0
2023-04-14 05:00:00+00:00,0.0
2023-04-14 06:00:00+00:00,0.0
2023-04-14 07:00:00+00:00,0.0
2023-04-14 08:00:00+00:00,0.0
2023-04-14 09:00:00+00:00,0.0
2023-04-14 10:00:00+00:00,0.0
2023-04-14 11:00:00+00:00,0.0
2023-04-14 12:00:00+00:00,0.0
2023-04-14 13:00:00+00:00,506.6828767191699
2023-04-14 14:00:00+00:00,554.9585386295633
2023-04-14 15:00:00+00:00,634.7547937906196
2023-04-14 16:00:00+00:00,581.0084589542769
2023-04-14 17:00:00+00:00,467.766193756007
2023-04-14 18:00:00+00:00,188.29535267263293
2023-04-14 19:00:00+00:00,385.7163842971508
2023-04-14 20:00:00+00:00,322.043851929604
2023-04-14 21:00:00+00:00,279.40476212276906
2023-04-14 22:00:00+00:00,235.18480276790459
2023-04-14 23:00:00+00:00,181.67573417439894
2023-04-15 00:00:00+00:00,90.10910696465747
2023-04-15 01:00:00+00:00,0.0
2023-04-15 02:00:00+00:00,0.0
2023-04-15 03:00:00+00:00,0.0
2023-04-15 04:00:00+00:00,0.0
2023-04-15 05:00:00+00:00,0.0
2023-04-15 06:00:00+00:00,0.0
2023-04-15 07:00:00+00:00,0.0
2023-04-15 08:00:00+00:00,0.0
2023-04-15 09:00:00+00:00,0.0
2023-04-15 10:00:00+00:00,0.0
2023-04-15 11:00:00+00:00,0.0
2023-04-15 12:00:00+00:00,0.0
2023-04-15 13:00:00+00:00,508.5315777980382
2023-04-15 14:00:00+00:00,541.9130724051868
2023-04-15 15:00:00+00:00,621.516307696968
2023-04-15 16:00:00+00:00,571.0874626171163
2023-04-15 17:00:00+00:00,447.6049806746699
2023-04-15 18:00:00+00:00,188.5895837210985
2023-04-15 19:00:00+00:00,386.0830406113524
2023-04-15 20:00:00+00:00,350.0327925907016
2023-04-15 21:00:00+00:00,321.8105738517819
2023-04-15 22:00:00+00:00,281.72731452424597
2023-04-15 23:00:00+00:00,218.9934136543169
2023-04-16 00:00:00+00:00,106.84163648515916
2023-04-16 01:00:00+00:00,0.0
2023-04-16 02:00:00+00:00,0.0
2023-04-16 03:00:00+00:00,0.0
2023-04-16 04:00:00+00:00,0.0
2023-04-16 05:00:00+00:00,0.0
2023-04-16 06:00:00+00:00,0.0
2023-04-16 07:00:00+00:00,0.0
2023-04-16 08:00:00+00:00,0.0
2023-04-16 09:00:00+00:00,0.0
2023-04-16 10:00:00+00:00,0.0
2023-04-16 11:00:00+00:00,0.0
2023-04-16 12:00:00+00:00,0.0
2023-04-16 13:00:00+00:00,498.9030348284482
2023-04-16 14:00:00+00:00,543.6338446906063
2023-04-16 15:00:00+00:00,630.3894577955716
2023-04-16 16:00:00+00:00,565.4728166385897
2023-04-16 17:00:00+00:00,462.44457339513
2023-04-16 18:00:00+00:00,187.48011865717066
2023-04-16 19:00:00+00:00,371.98728903861706
2023-04-16 20:00:00+00:00,334.6060121493005
2023-04-16 21:00:00+00:00,296.64816278839373
2023-04-16 22:00:00+00:00,240.27221195931838
2023-04-16 23:00:00+00:00,179.9745252884186
2023-04-17 00:00:00+00:00,60.492818128853855
2023-04-17 01:00:00+00:00,0.0
2023-04-17 02:00:00+00:00,0.0
2023-04-17 03:00:00+00:00,0.0
2023-04-17 04:00:00+00:00,0.0
2023-04-17 05:00:00+00:00,0.0
2023-04-17 06:00:00+00:00,0.0
2023-04-17 07:00:00+00:00,0.0
2023-04-17 08:00:00+00:00,0.0
2023-04-17 09:00:00+00:00,0.0
2023-04-17 10:00:00+00:00,0.0
2023-04-17 11:00:00+00:00,0.0
2023-04-17 12:00:00+00:00,0.0
2023-04-17 13:00:00+00:00,417.289407555285
2023-04-17 14:00:00+00:00,365.06464816412205
2023-04-17 15:00:00+00:00,414.25910139333087
2023-04-17 16:00:00+00:00,367.91373081559186
2023-04-17 17:00:00+00:00,291.77639742337385
2023-04-17 18:00:00+00:00,128.96370455033775
2023-04-17 19:00:00+00:00,248.05591354621382
2023-04-17 20:00:00+00:00,244.7750235593853
2023-04-17 21:00:00+00:00,215.44590304694552
2023-04-17 22:00:00+00:00,170.53749678837622
2023-04-17 23:00:00+00:00,123.0281400194048
2023-04-18 00:00:00+00:00,51.575725863011904
2023-04-18 01:00:00+00:00,0.0
2023-04-18 02:00:00+00:00,0.0
2023-04-18 03:00:00+00:00,0.0
2023-04-18 04:00:00+00:00,0.0
2023-04-18 05:00:00+00:00,0.0
2023-04-18 06:00:00+00:00,0.0
2023-04-18 07:00:00+00:00,0.0
2023-04-18 08:00:00+00:00,0.0
2023-04-18 09:00:00+00:00,0.0
2023-04-18 10:00:00+00:00,0.0
2023-04-18 11:00:00+00:00,0.0
2023-04-18 12:00:00+00:00,0.0
2023-04-18 13:00:00+00:00,625.9774803837216
2023-04-18 14:00:00+00:00,538.774101238357
2023-04-18 15:00:00+00:00,615.5729260997655
2023-04-18 16:00:00+00:00,544.7207391363567
2023-04-18 17:00:00+00:00,426.9230180498885
2023-04-18 18:00:00+00:00,180.738534284314
2023-04-18 19:00:00+00:00,346.76843682580085
2023-04-18 20:00:00+00:00,308.8587414130151
2023-04-18 21:00:00+00:00,277.5187028778179
2023-04-18 22:00:00+00:00,218.66952744183587
2023-04-18 23:00:00+00:00,144.6599132721033
2023-04-19 00:00:00+00:00,76.46508912065573
2023-04-19 01:00:00+00:00,0.0
2023-04-19 02:00:00+00:00,0.0
2023-04-19 03:00:00+00:00,0.0
2023-04-19 04:00:00+00:00,0.0
2023-04-19 05:00:00+00:00,0.0
2023-04-19 06:00:00+00:00,0.0
2023-04-19 07:00:00+00:00,0.0
2023-04-19 08:00:00+00:00,0.0
2023-04-19 09:00:00+00:00,0.0
2023-04-19 10:00:00+00:00,0.0
2023-04-19 11:00:00+00:00,0.0
2023-04-19 12:00:00+00:00,0.0
2023-04-19 13:00:00+00:00,489.94819833078014
2023-04-19 14:00:00+00:00,489.2120392976854
2023-04-19 15:00:00+00:00,590.8845339200111
2023-04-19 16:00:00+00:00,550.9781212679679
2023-04-19 17:00:00+00:00,443.5113623101951
2023-04-19 18:00:00+00:00,183.76688605099343
2023-04-19 19:00:00+00:00,320.66377848889164
2023-04-19 20:00:00+00:00,291.887472214547
2023-04-19 21:00:00+00:00,243.5157365057155
2023-04-19 22:00:00+00:00,177.2636935252725
2023-04-19 23:00:00+00:00,123.2633439310755
2023-04-20 00:00:00+00:00,47.99621778270339
2023-04-20 01:00:00+00:00,0.0
2023-04-20 02:00:00+00:00,0.0
2023-04-20 03:00:00+00:00,0.0
2023-04-20 04:00:00+00:00,0.0
2023-04-20 05:00:00+00:00,0.0
2023-04-20 06:00:00+00:00,0.0
2023-04-20 07:00:00+00:00,0.0
2023-04-20 08:00:00+00:00,0.0
2023-04-20 09:00:00+00:00,0.0
2023-04-20 10:00:00+00:00,0.0
2023-04-20 11:00:00+00:00,0.0
2023-04-20 12:00:00+00:00,0.0
2023-04-20 13:00:00+00:00,570.2724232198151
2023-04-20 14:00:00+00:00,508.89743263239217
2023-04-20 15:00:00+00:00,618.8451015941968
2023-04-20 16:00:00+00:00,568.6202442389753
2023-04-20 17:00:00+00:00,462.115891760456
2023-04-20 18:00:00+00:00,206.31009769582093
2023-04-20 19:00:00+00:00,362.2327936088935
2023-04-20 20:00:00+00:00,335.47395228438586
2023-04-20 21:00:00+00:00,306.5534993195155
2023-04-20 22:00:00+00:00,268.38026336866216
2023-04-20 23:00:00+00:00,200.88539847909047
2023-04-21 00:00:00+00:00,110.59762869724783
2023-04-21 01:00:00+00:00,0.0
2023-04-21 02:00:00+00:00,0.0
2023-04-21 03:00:00+00:00,0.0
2023-04-21 04:00:00+00:00,0.0
2023-04-21 05:00:00+00:00,0.0
2023-04-21 06:00:00+00:00,0.0
2023-04-21 07:00:00+00:00,0.0
2023-04-21 08:00:00+00:00,0.0
2023-04-21 09:00:00+00:00,0.0
2023-04-21 10:00:00+00:00,0.0
2023-04-21 11:00:00+00:00,0.0
2023-04-21 12:00:00+00:00,0.0
2023-04-21 13:00:00+00:00,620.2014546613392
2023-04-21 14:00:00+00:00,535.4361740922396
2023-04-21 15:00:00+00:00,613.0706091173844
2023-04-21 16:00:00+00:00,564.0676572821244
2023-04-21 17:00:00+00:00,457.99937007558856
2023-04-21 18:00:00+00:00,183.12499042132546
2023-04-21 19:00:00+00:00,331.0859647579605
2023-04-21 20:00:00+00:00,299.94266604044105
2023-04-21 21:00:00+00:00,283.45749586990513
2023-04-21 22:00:00+00:00,265.61712139258304
2023-04-21 23:00:00+00:00,186.67632903624795
2023-04-22 00:00:00+00:00,107.30269533689955
2023-04-22 01:00:00+00:00,0.0
2023-04-22 02:00:00+00:00,0.0
2023-04-22 03:00:00+00:00,0.0
2023-04-22 04:00:00+00:00,0.0
2023-04-22 05:00:00+00:00,0.0
2023-04-22 06:00:00+00:00,0.0
2023-04-22 07:00:00+00:00,0.0
2023-04-22 08:00:00+00:00,0.0
2023-04-22 09:00:00+00:00,0.0
2023-04-22 10:00:00+00:00,0.0
2023-04-22 11:00:00+00:00,0.0
2023-04-22 12:00:00+00:00,0.0
2023-04-22 13:00:00+00:00,564.0309588671582
2023-04-22 14:00:00+00:00,511.56601445190796
2023-04-22 15:00:00+00:00,597.7111251102816
2023-04-22 16:00:00+00:00,555.2559167884502
2023-04-22 17:00:00+00:00,451.6841123073821
2023-04-22 18:00:00+00:00,197.7774060039352
2023-04-22 19:00:00+00:00,308.82444309961767
2023-04-22 20:00:00+00:00,234.18660327332432
2023-04-22 21:00:00+00:00,205.63473815003803
2023-04-22 22:00:00+00:00,178.68912273374667
2023-04-22 23:00:00+00:00,155.95399179624218
2023-04-23 00:00:00+00:00,65.22315332044256
2023-04-23 01:00:00+00:00,0.0
2023-04-23 02:00:00+00:00,0.0
2023-04-23 03:00:00+00:00,0.0
2023-04-23 04:00:00+00:00,0.0
2023-04-23 05:00:00+00:00,0.0
2023-04-23 06:00:00+00:00,0.0
2023-04-23 07:00:00+00:00,0.0
2023-04-23 08:00:00+00:00,0.0
2023-04-23 09:00:00+00:00,0.0
2023-04-23 10:00:00+00:00,0.0
2023-04-23 11:00:00+00:00,0.0
2023-04-23 12:00:00+00:00,0.0
2023-04-23 13:00:00+00:00,589.2967802673255
2023-04-23 14:00:00+00:00,508.62965359745266
2023-04-23 15:00:00+00:00,578.627966189363
2023-04-23 16:00:00+00:00,496.3046703673072
2023-04-23 17:00:00+00:00,379.3241816648326
2023-04-23 18:00:00+00:00,189.52515822105943
2023-04-23 19:00:00+00:00,294.124273728579
2023-04-23 20:00:00+00:00,213.26851392026575
2023-04-23 21:00:00+00:00,191.353343472275
2023-04-23 22:00:00+00:00,186.53672350489384
2023-04-23 23:00:00+00:00,147.67434960078978
2023-04-24 00:00:00+00:00,50.438793299780066
2023-04-24 01:00:00+00:00,0.0
2023-04-24 02:00:00+00:00,0.0
2023-04-24 03:00:00+00:00,0.0
2023-04-24 04:00:00+00:00,0.0
2023-04-24 05:00:00+00:00,0.0
2023-04-24 06:00:00+00:00,0.0
2023-04-24 07:00:00+00:00,0.0
2023-04-24 08:00:00+00:00,0.0
2023-04-24 09:00:00+00:00,0.0
2023-04-24 10:00:00+00:00,0.0
2023-04-24 11:00:00+00:00,0.0
2023-04-24 12:00:00+00:00,0.0
2023-04-24 13:00:00+00:00,595.9814351365306
2023-04-24 14:00:00+00:00,521.2990517695944
2023-04-24 15:00:00+00:00,581.8058728451011
2023-04-24 16:00:00+00:00,529.6704244278015
2023-04-24 17:00:00+00:00,434.83705570810474
2023-04-24 18:00:00+00:00,209.26199017094655
2023-04-24 19:00:00+00:00,327.64380633034904
2023-04-24 20:00:00+00:00,274.6102901224974
2023-04-24 21:00:00+00:00,229.28187217361096
2023-04-24 22:00:00+00:00,209.9122475793719
2023-04-24 23:00:00+00:00,167.5529534742155
2023-04-25 00:00:00+00:00,72.2666539084613
2023-04-25 01:00:00+00:00,0.0
2023-04-25 02:00:00+00:00,0.0
2023-04-25 03:00:00+00:00,0.0
2023-04-25 04:00:00+00:00,0.0
2023-04-25 05:00:00+00:00,0.0
2023-04-25 06:00:00+00:00,0.0
2023-04-25 07:00:00+00:00,0.0
2023-04-25 08:00:00+00:00,0.0
2023-04-25 09:00:00+00:00,0.0
2023-04-25 10:00:00+00:00,0.0
2023-04-25 11:00:00+00:00,0.0
2023-04-25 12:00:00+00:00,0.0
2023-04-25 13:00:00+00:00,487.4752309466951
2023-04-25 14:00:00+00:00,423.4084910597899
2023-04-25 15:00:00+00:00,507.26214188550034
2023-04-25 16:00:00+00:00,468.55427193549355
2023-04-25 17:00:00+00:00,376.4348310838539
2023-04-25 18:00:00+00:00,196.75145219509045
2023-04-25 19:00:00+00:00,351.20012006140155
2023-04-25 20:00:00+00:00,313.4976271841126
2023-04-25 21:00:00+00:00,272.8704596774137
2023-04-25 22:00:00+00:00,241.250489432598
2023-04-25 23:00:00+00:00,184.8934807465032
2023-04-26 00:00:00+00:00,106.20608177565428
2023-04-26 01:00:00+00:00,0.0
2023-04-26 02:00:00+00:00,0.0
2023-04-26 03:00:00+00:00,0.0
2023-04-26 04:00:00+00:00,0.0
2023-04-26 05:00:00+00:00,0.0
2023-04-26 06:00:00+00:00,0.0
2023-04-26 07:00:00+00:00,0.0
2023-04-26 08:00:00+00:00,0.0
2023-04-26 09:00:00+00:00,0.0
2023-04-26 10:00:00+00:00,0.0
2023-04-26 11:00:00+00:00,0.0
2023-04-26 12:00:00+00:00,0.0
2023-04-26 13:00:00+00:00,582.5051381460494
2023-04-26 14:00:00+00:00,514.4820843656
2023-04-26 15:00:00+00:00,569.8719645763638
2023-04-26 16:00:00+00:00,506.50481858868267
2023-04-26 17:00:00+00:00,407.14409918741785
2023-04-26 18:00:00+00:00,213.34412238103403
2023-04-26 19:00:00+00:00,338.6058197446862
2023-04-26 20:00:00+00:00,288.94586835281956
2023-04-26 21:00:00+00:00,232.54015018748078
2023-04-26 22:00:00+00:00,197.2179484775127
2023-04-26 23:00:00+00:00,152.42795973500236
2023-04-27 00:00:00+00:00,72.1380644068424
2023-04-27 01:00:00+00:00,0.0
2023-04-27 02:00:00+00:00,0.0
2023-04-27 03:00:00+00:00,0.0
2023-04-27 04:00:00+00:00,0.0
2023-04-27 05:00:00+00:00,0.0
2023-04-27 06:00:00+00:00,0.0
2023-04-27 07:00:00+00:00,0.0
2023-04-27 08:00:00+00:00,0.0
2023-04-27 09:00:00+00:00,0.0
2023-04-27 10:00:00+00:00,0.0
2023-04-27 11:00:00+00:00,0.0
2023-04-27 12:00:00+00:00,0.0
2023-04-27 13:00:00+00:00,412.37359540229954
2023-04-27 14:00:00+00:00,404.0164358786101
2023-04-27 15:00:00+00:00,529.6908656743858
2023-04-27 16:00:00+00:00,513.577157949199
2023-04-27 17:00:00+00:00,430.50543755723066
2023-04-27 18:00:00+00:00,210.62249706284913
2023-04-27 19:00:00+00:00,322.89816988397473
2023-04-27 20:00:00+00:00,248.94309650884665
2023-04-27 21:00:00+00:00,223.29877661132662
2023-04-27 22:00:00+00:00,182.66511771800901
2023-04-27 23:00:00+00:00,151.54177902627063
2023-04-28 00:00:00+00:00,60.72493286827449
2023-04-28 01:00:00+00:00,0.0
2023-04-28 02:00:00+00:00,0.0
2023-04-28 03:00:00+00:00,0.0
2023-04-28 04:00:00+00:00,0.0
2023-04-28 05:00:00+00:00,0.0
2023-04-28 06:00:00+00:00,0.0
2023-04-28 07:00:00+00:00,0.0
2023-04-28 08:00:00+00:00,0.0
2023-04-28 09:00:00+00:00,0.0
2023-04-28 10:00:00+00:00,0.0
2023-04-28 11:00:00+00:00,0.0
2023-04-28 12:00:00+00:00,0.0
2023-04-28 13:00:00+00:00,572.5349509236404
2023-04-28 14:00:00+00:00,505.7705503506957
2023-04-28 15:00:00+00:00,599.6095543263292
2023-04-28 16:00:00+00:00,562.8793981740896
2023-04-28 17:00:00+00:00,467.1062860291011
2023-04-28 18:00:00+00:00,245.79804042721352
2023-04-28 19:00:00+00:00,366.94534018588456
2023-04-28 20:00:00+00:00,311.4821436463914
2023-04-28 21:00:00+00:00,288.36365049474875
2023-04-28 22:00:00+00:00,242.95197318606037
2023-04-28 23:00:00+00:00,164.45720053986878
2023-04-29 00:00:00+00:00,77.28255557678771
2023-04-29 01:00:00+00:00,0.0
2023-04-29 02:00:00+00:00,0.0
2023-04-29 03:00:00+00:00,0.0
2023-04-29 04:00:00+00:00,0.0
2023-04-29 05:00:00+00:00,0.0
2023-04-29 06:00:00+00:00,0.0
2023-04-29 07:00:00+00:00,0.0
2023-04-29 08:00:00+00:00,0.0
2023-04-29 09:00:00+00:00,0.0
2023-04-29 10:00:00+00:00,0.0
2023-04-29 11:00:00+00:00,0.0
2023-04-29 12:00:00+00:00,0.0
2023-04-29 13:00:00+00:00,451.286261937199
2023-04-29 14:00:00+00:00,511.6048250601926
2023-04-29 15:00:00+00:00,495.8059448520342
2023-04-29 16:00:00+00:00,473.5427398785464
2023-04-29 17:00:00+00:00,401.4888240222413
2023-04-29 18:00:00+00:00,211.6425927755297
2023-04-29 19:00:00+00:00,285.0066770505177
2023-04-29 20:00:00+00:00,242.29250717744904
2023-04-29 21:00:00+00:00,174.57464666878454
2023-04-29 22:00:00+00:00,165.09004500750396
2023-04-29 23:00:00+00:00,132.3042826762825
2023-04-30 00:00:00+00:00,50.91613719553485
2023-04-30 01:00:00+00:00,0.0
2023-04-30 02:00:00+00:00,0.0
2023-04-30 03:00:00+00:00,0.0
2023-04-30 04:00:00+00:00,0.0
2023-04-30 05:00:00+00:00,0.0
2023-04-30 06:00:00+00:00,0.0
2023-04-30 07:00:00+00:00,0.0
2023-04-30 08:00:00+00:00,0.0
2023-04-30 09:00:00+00:00,0.0
2023-04-30 10:00:00+00:00,0.0
2023-04-30 11:00:00+00:00,0.0
2023-04-30 12:00:00+00:00,0.0
2023-04-30 13:00:00+00:00,526.3883703726897
2023-04-30 14:00:00+00:00,566.9587365091926
2023-04-30 15:00:00+00:00,562.5452321373019
2023-04-30 16:00:00+00:00,516.8058972128464
2023-04-30 17:00:00+00:00,399.229060004577
2023-04-30 18:00:00+00:00,207.67082414435208
2023-04-30 19:00:00+00:00,296.35677820157554
2023-04-30 20:00:00+00:00,289.4458006955045
2023-04-30 21:00:00+00:00,282.45814560843104
2023-04-30 22:00:00+00:00,237.84999792235195
2023-04-30 23:00:00+00:00,161.66789592891527
2023-05-01 00:00:00+00:00,59.13858462627322
2023-05-01 01:00:00+00:00,0.0
2023-05-01 02:00:00+00:00,0.0
2023-05-01 03:00:00+00:00,0.0
2023-05-01 04:00:00+00:00,0.0
2023-05-01 05:00:00+00:00,0.0
2023-05-01 06:00:00+00:00,0.0
2023-05-01 07:00:00+00:00,0.0
2023-05-01 08:00:00+00:00,0.0
2023-05-01 09:00:00+00:00,0.0
2023-05-01 10:00:00+00:00,0.0
2023-05-01 11:00:00+00:00,0.0
2023-05-01 12:00:00+00:00,0.0
2023-05-01 13:00:00+00:00,449.4230995458754
2023-05-01 14:00:00+00:00,527.9486443188987
2023-05-01 15:00:00+00:00,513.2719561326354
2023-05-01 16:00:00+00:00,501.95428995508183
2023-05-01 17:00:00+00:00,403.6754443095065
2023-05-01 18:00:00+00:00,215.36320296024806
2023-05-01 19:00:00+00:00,318.8519652821682
2023-05-01 20:00:00+00:00,267.4709667984476
2023-05-01 21:00:00+00:00,228.7084562898564
2023-05-01 22:00:00+00:00,196.0975657825843
2023-05-01 23:00:00+00:00,135.35668149218822
2023-05-02 00:00:00+00:00,72.85495598724248
2023-05-02 01:00:00+00:00,0.0
2023-05-02 02:00:00+00:00,0.0
2023-05-02 03:00:00+00:00,0.0
2023-05-02 04:00:00+00:00,0.0
2023-05-02 05:00:00+00:00,0.0
2023-05-02 06:00:00+00:00,0.0
2023-05-02 07:00:00+00:00,0.0
2023-05-02 08:00:00+00:00,0.0
2023-05-02 09:00:00+00:00,0.0
2023-05-02 10:00:00+00:00,0.0
2023-05-02 11:00:00+00:00,0.0
2023-05-02 12:00:00+00:00,0.0
2023-05-02 13:00:00+00:00,456.41311892356265
2023-05-02 14:00:00+00:00,506.7588131067425
2023-05-02 15:00:00+00:00,496.6307700028098
2023-05-02 16:00:00+00:00,453.2149772880102
2023-05-02 17:00:00+00:00,403.7618725245775
2023-05-02 18:00:00+00:00,236.90416469590198
2023-05-02 19:00:00+00:00,326.2073996081652
2023-05-02 20:00:00+00:00,248.36427977569846
2023-05-02 21:00:00+00:00,228.81440670037105
2023-05-02 22:00:00+00:00,200.2510634716277
2023-05-02 23:00:00+00:00,160.84771903560446
2023-05-03 00:00:00+00:00,75.52081037281303
2023-05-03 01:00:00+00:00,0.0
2023-05-03 02:00:00+00:00,0.0
2023-05-03 03:00:00+00:00,0.0
2023-05-03 04:00:00+00:00,0.0
2023-05-03 05:00:00+00:00,0.0
2023-05-03 06:00:00+00:00,0.0
2023-05-03 07:00:00+00:00,0.0
2023-05-03 08:00:00+00:00,0.0
2023-05-03 09:00:00+00:00,0.0
2023-05-03 10:00:00+00:00,0.0
2023-05-03 11:00:00+00:00,0.0
2023-05-03 12:00:00+00:00,0.0
2023-05-03 13:00:00+00:00,474.9388374241041
2023-05-03 14:00:00+00:00,552.0854682360939
2023-05-03 15:00:00+00:00,548.5915974359086
2023-05-03 16:00:00+00:00,533.6967670322352
2023-05-03 17:00:00+00:00,445.65497100784006
2023-05-03 18:00:00+00:00,258.9875182389107
2023-05-03 19:00:00+00:00,342.2115925963846
2023-05-03 20:00:00+00:00,274.47175532358614
2023-05-03 21:00:00+00:00,229.9795936799438
2023-05-03 22:00:00+00:00,186.80337688212512
2023-05-03 23:00:00+00:00,128.3538079573905
2023-05-04 00:00:00+00:00,74.9001718511159
2023-05-04 01:00:00+00:00,0.0
2023-05-04 02:00:00+00:00,0.0
2023-05-04 03:00:00+00:00,0.0
2023-05-04 04:00:00+00:00,0.0
2023-05-04 05:00:00+00:00,0.0
2023-05-04 06:00:00+00:00,0.0
2023-05-04 07:00:00+00:00,0.0
2023-05-04 08:00:00+00:00,0.0
2023-05-04 09:00:00+00:00,0.0
2023-05-04 10:00:00+00:00,0.0
2023-05-04 11:00:00+00:00,0.0
2023-05-04 12:00:00+00:00,0.0
2023-05-04 13:00:00+00:00,438.59494960946864
2023-05-04 14:00:00+00:00,505.0899675403144
2023-05-04 15:00:00+00:00,480.4906326505748
2023-05-04 16:00:00+00:00,462.91973383094
2023-05-04 17:00:00+00:00,408.79197125623244
2023-05-04 18:00:00+00:00,247.84385723430842
2023-05-04 19:00:00+00:00,336.8954455510219
2023-05-04 20:00:00+00:00,276.56577415073906
2023-05-04 21:00:00+00:00,257.3335670202521
2023-05-04 22:00:00+00:00,226.20822463117383
2023-05-04 23:00:00+00:00,182.99871006034672
2023-05-05 00:00:00+00:00,103.11643198034672
2023-05-05 01:00:00+00:00,0.0
2023-05-05 02:00:00+00:00,0.0
2023-05-05 03:00:00+00:00,0.0
2023-05-05 04:00:00+00:00,0.0
2023-05-05 05:00:00+00:00,0.0
2023-05-05 06:00:00+00:00,0.0
2023-05-05 07:00:00+00:00,0.0
2023-05-05 08:00:00+00:00,0.0
2023-05-05 09:00:00+00:00,0.0
2023-05-05 10:00:00+00:00,0.0
2023-05-05 11:00:00+00:00,0.0
2023-05-05 12:00:00+00:00,0.0
2023-05-05 13:00:00+00:00,379.6506498035205
2023-05-05 14:00:00+00:00,489.8731011690849
2023-05-05 15:00:00+00:00,519.9182954383019
2023-05-05 16:00:00+00:00,505.3021242726081
2023-05-05 17:00:00+00:00,426.2818800338541
2023-05-05 18:00:00+00:00,245.40672068358285
2023-05-05 19:00:00+00:00,338.5953380006379
2023-05-05 20:00:00+00:00,281.10386878772425
2023-05-05 21:00:00+00:00,248.61706600015347
2023-05-05 22:00:00+00:00,209.79506055970796
2023-05-05 23:00:00+00:00,162.067637383646
2023-05-06 00:00:00+00:00,90.05236218031355
2023-05-06 01:00:00+00:00,0.0
2023-05-06 02:00:00+00:00,0.0
2023-05-06 03:00:00+00:00,0.0
2023-05-06 04:00:00+00:00,0.0
2023-05-06 05:00:00+00:00,0.0
2023-05-06 06:00:00+00:00,0.0
2023-05-06 07:00:00+00:00,0.0
2023-05-06 08:00:00+00:00,0.0
2023-05-06 09:00:00+00:00,0.0
2023-05-06 10:00:00+00:00,0.0
2023-05-06 11:00:00+00:00,0.0
2023-05-06 12:00:00+00:00,0.0
2023-05-06 13:00:00+00:00,532.7110298722079
2023-05-06 14:00:00+00:00,599.1220310391261
2023-05-06 15:00:00+00:00,585.1714297141884
2023-05-06 16:00:00+00:00,545.8294206345417
2023-05-06 17:00:00+00:00,458.67379009637557
2023-05-06 18:00:00+00:00,267.5618530336864
2023-05-06 19:00:00+00:00,341.24605105890197
2023-05-06 20:00:00+00:00,293.63791873879467
2023-05-06 21:00:00+00:00,236.32176512951392
2023-05-06 22:00:00+00:00,167.21527678422754
2023-05-06 23:00:00+00:00,125.53951766211924
2023-05-07 00:00:00+00:00,54.65720122557877
2023-05-07 01:00:00+00:00,0.0
2023-05-07 02:00:00+00:00,0.0
2023-05-07 03:00:00+00:00,0.0
2023-05-07 04:00:00+00:00,0.0
2023-05-07 05:00:00+00:00,0.0
2023-05-07 06:00:00+00:00,0.0
2023-05-07 07:00:00+00:00,0.0
2023-05-07 08:00:00+00:00,0.0
2023-05-07 09:00:00+00:00,0.0
2023-05-07 10:00:00+00:00,0.0
2023-05-07 11:00:00+00:00,0.0
2023-05-07 12:00:00+00:00,0.0
2023-05-07 13:00:00+00:00,518.7959198827485
2023-05-07 14:00:00+00:00,594.1468083015694
2023-05-07 15:00:00+00:00,589.9536309284011
2023-05-07 16:00:00+00:00,546.6291996355093
2023-05-07 17:00:00+00:00,449.1078196198855
2023-05-07 18:00:00+00:00,263.04373329183153
2023-05-07 19:00:00+00:00,349.34585287379826
2023-05-07 20:00:00+00:00,284.61629780120296
2023-05-07 21:00:00+00:00,261.25693630540803
2023-05-07 22:00:00+00:00,225.64506118864702
2023-05-07 23:00:00+00:00,163.82640652075767
2023-05-08 00:00:00+00:00,82.20424355351038
2023-05-08 01:00:00+00:00,0.0
2023-05-08 02:00:00+00:00,0.0
2023-05-08 03:00:00+00:00,0.0
2023-05-08 04:00:00+00:00,0.0
2023-05-08 05:00:00+00:00,0.0
2023-05-08 06:00:00+00:00,0.0
2023-05-08 07:00:00+00:00,0.0
2023-05-08 08:00:00+00:00,0.0
2023-05-08 09:00:00+00:00,0.0
2023-05-08 10:00:00+00:00,0.0
2023-05-08 11:00:00+00:00,0.0
2023-05-08 12:00:00+00:00,0.0
2023-05-08 13:00:00+00:00,511.2519818434775
2023-05-08 14:00:00+00:00,602.0513636882557
2023-05-08 15:00:00+00:00,580.1518464679616
2023-05-08 16:00:00+00:00,535.2574251238875
2023-05-08 17:00:00+00:00,449.00317084684326
2023-05-08 18:00:00+00:00,263.01312285885024
2023-05-08 19:00:00+00:00,350.08283552919784
2023-05-08 20:00:00+00:00,282.0644790330787
2023-05-08 21:00:00+00:00,263.6218414389163
2023-05-08 22:00:00+00:00,231.77421371690585
2023-05-08 23:00:00+00:00,189.1545600922985
2023-05-09 00:00:00+00:00,108.46354197476842
2023-05-09 01:00:00+00:00,0.0
2023-05-09 02:00:00+00:00,0.0
2023-05-09 03:00:00+00:00,0.0
2023-05-09 04:00:00+00:00,0.0
2023-05-09 05:00:00+00:00,0.0
2023-05-09 06:00:00+00:00,0.0
2023-05-09 07:00:00+00:00,0.0
2023-05-09 08:00:00+00:00,0.0
2023-05-09 09:00:00+00:00,0.0
2023-05-09 10:00:00+00:00,0.0
2023-05-09 11:00:00+00:00,0.0
2023-05-09 12:00:00+00:00,0.0
2023-05-09 13:00:00+00:00,357.5158759396283
2023-05-09 14:00:00+00:00,448.1029129647762
2023-05-09 15:00:00+00:00,479.36342637766535
2023-05-09 16:00:00+00:00,472.01326973688333
2023-05-09 17:00:00+00:00,384.0732712907445
2023-05-09 18:00:00+00:00,198.98848250523716
2023-05-09 19:00:00+00:00,281.43751131557116
2023-05-09 20:00:00+00:00,247.20966625733737
2023-05-09 21:00:00+00:00,216.2881432612613
2023-05-09 22:00:00+00:00,182.03380943745637
2023-05-09 23:00:00+00:00,152.32834641586146
2023-05-10 00:00:00+00:00,80.44409243751574
2023-05-10 01:00:00+00:00,0.0
2023-05-10 02:00:00+00:00,0.0
2023-05-10 03:00:00+00:00,0.0
2023-05-10 04:00:00+00:00,0.0
2023-05-10 05:00:00+00:00,0.0
2023-05-10 06:00:00+00:00,0.0
2023-05-10 07:00:00+00:00,0.0
2023-05-10 08:00:00+00:00,0.0
2023-05-10 09:00:00+00:00,0.0
2023-05-10 10:00:00+00:00,0.0
2023-05-10 11:00:00+00:00,0.0
2023-05-10 12:00:00+00:00,0.0
2023-05-10 13:00:00+00:00,423.72215472829186
2023-05-10 14:00:00+00:00,478.6348576214769
2023-05-10 15:00:00+00:00,460.07073794801977
2023-05-10 16:00:00+00:00,424.3456128534283
2023-05-10 17:00:00+00:00,337.0290037123346
2023-05-10 18:00:00+00:00,193.54813416192465
2023-05-10 19:00:00+00:00,243.23064626854867
2023-05-10 20:00:00+00:00,221.00162838918982
2023-05-10 21:00:00+00:00,183.347067436506
2023-05-10 22:00:00+00:00,149.83299845425802
2023-05-10 23:00:00+00:00,88.45450910715077
2023-05-11 00:00:00+00:00,50.20774119436057
2023-05-11 01:00:00+00:00,0.0
2023-05-11 02:00:00+00:00,0.0
2023-05-11 03:00:00+00:00,0.0
2023-05-11 04:00:00+00:00,0.0
2023-05-11 05:00:00+00:00,0.0
2023-05-11 06:00:00+00:00,0.0
2023-05-11 07:00:00+00:00,0.0
2023-05-11 08:00:00+00:00,0.0
2023-05-11 09:00:00+00:00,0.0
2023-05-11 10:00:00+00:00,0.0
2023-05-11 11:00:00+00:00,0.0
2023-05-11 12:00:00+00:00,0.0
2023-05-11 13:00:00+00:00,228.44963422377683
2023-05-11 14:00:00+00:00,333.4650726395835
2023-05-11 15:00:00+00:00,350.9509040122744
2023-05-11 16:00:00+00:00,342.0584210561088
2023-05-11 17:00:00+00:00,303.4558226445718
2023-05-11 18:00:00+00:00,172.3156391014778
2023-05-11 19:00:00+00:00,236.25557315474745
2023-05-11 20:00:00+00:00,182.999168464139
2023-05-11 21:00:00+00:00,161.32466687447732
2023-05-11 22:00:00+00:00,134.68341101390442
2023-05-11 23:00:00+00:00,96.91830099458353
2023-05-12 00:00:00+00:00,59.19680591544116
2023-05-12 01:00:00+00:00,0.0
2023-05-12 02:00:00+00:00,0.0
2023-05-12 03:00:00+00:00,0.0
2023-05-12 04:00:00+00:00,0.0
2023-05-12 05:00:00+00:00,0.0
2023-05-12 06:00:00+00:00,0.0
2023-05-12 07:00:00+00:00,0.0
2023-05-12 08:00:00+00:00,0.0
2023-05-12 09:00:00+00:00,0.0
2023-05-12 10:00:00+00:00,0.0
2023-05-12 11:00:00+00:00,0.0
2023-05-12 12:00:00+00:00,0.0
2023-05-12 13:00:00+00:00,510.30282797867426
2023-05-12 14:00:00+00:00,603.3386386962512
2023-05-12 15:00:00+00:00,586.3324708680631
2023-05-12 16:00:00+00:00,538.1760333805943
2023-05-12 17:00:00+00:00,447.86511726143664
2023-05-12 18:00:00+00:00,274.2665776620137
2023-05-12 19:00:00+00:00,320.3204537307718
2023-05-12 20:00:00+00:00,262.06333097337483
2023-05-12 21:00:00+00:00,209.6026138957818
2023-05-12 22:00:00+00:00,175.62100432188768
2023-05-12 23:00:00+00:00,143.75559211500578
2023-05-13 00:00:00+00:00,89.83771422755599
2023-05-13 01:00:00+00:00,0.0
2023-05-13 02:00:00+00:00,0.0
2023-05-13 03:00:00+00:00,0.0
2023-05-13 04:00:00+00:00,0.0
2023-05-13 05:00:00+00:00,0.0
2023-05-13 06:00:00+00:00,0.0
2023-05-13 07:00:00+00:00,0.0
2023-05-13 08:00:00+00:00,0.0
2023-05-13 09:00:00+00:00,0.0
2023-05-13 10:00:00+00:00,0.0
2023-05-13 11:00:00+00:00,0.0
2023-05-13 12:00:00+00:00,0.0
2023-05-13 13:00:00+00:00,516.3005058749933
2023-05-13 14:00:00+00:00,594.2951028091915
2023-05-13 15:00:00+00:00,533.1698881865417
2023-05-13 16:00:00+00:00,505.15715507715026
2023-05-13 17:00:00+00:00,410.8680601843723
2023-05-13 18:00:00+00:00,248.73021579608715
2023-05-13 19:00:00+00:00,289.30688270611387
2023-05-13 20:00:00+00:00,191.27568044502632
2023-05-13 21:00:00+00:00,169.31910918407343
2023-05-13 22:00:00+00:00,141.832469350608
2023-05-13 23:00:00+00:00,120.21236061938664
2023-05-14 00:00:00+00:00,66.02831442663809
2023-05-14 01:00:00+00:00,0.0
2023-05-14 02:00:00+00:00,0.0
2023-05-14 03:00:00+00:00,0.0
2023-05-14 04:00:00+00:00,0.0
2023-05-14 05:00:00+00:00,0.0
2023-05-14 06:00:00+00:00,0.0
2023-05-14 07:00:00+00:00,0.0
2023-05-14 08:00:00+00:00,0.0
2023-05-14 09:00:00+00:00,0.0
2023-05-14 10:00:00+00:00,0.0
2023-05-14 11:00:00+00:00,0.0
2023-05-14 12:00:00+00:00,0.0
2023-05-14 13:00:00+00:00,436.71491406407677
2023-05-14 14:00:00+00:00,536.1352660787071
2023-05-14 15:00:00+00:00,492.82758875020596
2023-05-14 16:00:00+00:00,493.82619908510264
2023-05-14 17:00:00+00:00,408.17281258922276
2023-05-14 18:00:00+00:00,221.98176042168473
2023-05-14 19:00:00+00:00,282.5342388136061
2023-05-14 20:00:00+00:00,207.52456711543803
2023-05-14 21:00:00+00:00,167.70860839451873
2023-05-14 22:00:00+00:00,115.24455868303887
2023-05-14 23:00:00+00:00,92.6098456869543
2023-05-15 00:00:00+00:00,32.1158271961698
2023-05-15 01:00:00+00:00,0.0
2023-05-15 02:00:00+00:00,0.0
2023-05-15 03:00:00+00:00,0.0
2023-05-15 04:00:00+00:00,0.0
2023-05-15 05:00:00+00:00,0.0
2023-05-15 06:00:00+00:00,0.0
2023-05-15 07:00:00+00:00,0.0
2023-05-15 08:00:00+00:00,0.0
2023-05-15 09:00:00+00:00,0.0
2023-05-15 10:00:00+00:00,0.0
2023-05-15 11:00:00+00:00,0.0
2023-05-15 12:00:00+00:00,0.0
2023-05-15 13:00:00+00:00,314.6542906990033
2023-05-15 14:00:00+00:00,409.38144456658455
2023-05-15 15:00:00+00:00,389.2707640220926
2023-05-15 16:00:00+00:00,404.9081142779076
2023-05-15 17:00:00+00:00,332.73306802144253
2023-05-15 18:00:00+00:00,226.56333481168681
2023-05-15 19:00:00+00:00,239.44797703609126
2023-05-15 20:00:00+00:00,204.21842900493584
2023-05-15 21:00:00+00:00,182.21578367438107
2023-05-15 22:00:00+00:00,170.5325613378623
2023-05-15 23:00:00+00:00,122.52644857900168
2023-05-16 00:00:00+00:00,67.90747745506782
2023-05-16 01:00:00+00:00,0.0
2023-05-16 02:00:00+00:00,0.0
2023-05-16 03:00:00+00:00,0.0
2023-05-16 04:00:00+00:00,0.0
2023-05-16 05:00:00+00:00,0.0
2023-05-16 06:00:00+00:00,0.0
2023-05-16 07:00:00+00:00,0.0
2023-05-16 08:00:00+00:00,0.0
2023-05-16 09:00:00+00:00,0.0
2023-05-16 10:00:00+00:00,0.0
2023-05-16 11:00:00+00:00,0.0
2023-05-16 12:00:00+00:00,0.0
2023-05-16 13:00:00+00:00,331.69946676568946
2023-05-16 14:00:00+00:00,420.19778553481143
2023-05-16 15:00:00+00:00,458.3848505027017
2023-05-16 16:00:00+00:00,411.8923268142858
2023-05-16 17:00:00+00:00,346.3193462244788
2023-05-16 18:00:00+00:00,215.31704245317655
2023-05-16 19:00:00+00:00,228.4636355132022
2023-05-16 20:00:00+00:00,178.1151989620112
2023-05-16 21:00:00+00:00,179.49268980887874
2023-05-16 22:00:00+00:00,162.60600102895074
2023-05-16 23:00:00+00:00,119.33074098084778
2023-05-17 00:00:00+00:00,67.8710819163416
2023-05-17 01:00:00+00:00,0.0
2023-05-17 02:00:00+00:00,0.0
2023-05-17 03:00:00+00:00,0.0
2023-05-17 04:00:00+00:00,0.0
2023-05-17 05:00:00+00:00,0.0
2023-05-17 06:00:00+00:00,0.0
2023-05-17 07:00:00+00:00,0.0
2023-05-17 08:00:00+00:00,0.0
2023-05-17 09:00:00+00:00,0.0
2023-05-17 10:00:00+00:00,0.0
2023-05-17 11:00:00+00:00,0.0
2023-05-17 12:00:00+00:00,0.0
2023-05-17 13:00:00+00:00,451.7886985981952
2023-05-17 14:00:00+00:00,515.7741300506733
2023-05-17 15:00:00+00:00,546.9161922615485
2023-05-17 16:00:00+00:00,522.3878384858202
2023-05-17 17:00:00+00:00,443.7104948779797
2023-05-17 18:00:00+00:00,269.7499283947176
2023-05-17 19:00:00+00:00,0.0
2023-05-17 20:00:00+00:00,221.88391402747197
2023-05-17 21:00:00+00:00,193.03875884948096
2023-05-17 22:00:00+00:00,168.79244250523098
2023-05-17 23:00:00+00:00,133.00391018221822
2023-05-18 00:00:00+00:00,92.30577129408198
2023-05-18 01:00:00+00:00,0.0
2023-05-18 02:00:00+00:00,0.0
2023-05-18 03:00:00+00:00,0.0
2023-05-18 04:00:00+00:00,0.0
2023-05-18 05:00:00+00:00,0.0
2023-05-18 06:00:00+00:00,0.0
2023-05-18 07:00:00+00:00,0.0
2023-05-18 08:00:00+00:00,0.0
2023-05-18 09:00:00+00:00,0.0
2023-05-18 10:00:00+00:00,0.0
2023-05-18 11:00:00+00:00,0.0
2023-05-18 12:00:00+00:00,0.0
2023-05-18 13:00:00+00:00,501.2496440928762
2023-05-18 14:00:00+00:00,588.2336103250478
2023-05-18 15:00:00+00:00,572.6603154680585
2023-05-18 16:00:00+00:00,532.8388842219111
2023-05-18 17:00:00+00:00,442.44227764116204
2023-05-18 18:00:00+00:00,277.4637089483308
2023-05-18 19:00:00+00:00,0.0
2023-05-18 20:00:00+00:00,219.40707654151683
2023-05-18 21:00:00+00:00,202.6056573701408
2023-05-18 22:00:00+00:00,157.7240276157103
2023-05-18 23:00:00+00:00,79.79777994621756
2023-05-19 00:00:00+00:00,49.17661589811655
2023-05-19 01:00:00+00:00,0.0
2023-05-19 02:00:00+00:00,0.0
2023-05-19 03:00:00+00:00,0.0
2023-05-19 04:00:00+00:00,0.0
2023-05-19 05:00:00+00:00,0.0
2023-05-19 06:00:00+00:00,0.0
2023-05-19 07:00:00+00:00,0.0
2023-05-19 08:00:00+00:00,0.0
2023-05-19 09:00:00+00:00,0.0
2023-05-19 10:00:00+00:00,0.0
2023-05-19 11:00:00+00:00,0.0
2023-05-19 12:00:00+00:00,0.0
2023-05-19 13:00:00+00:00,492.66103316402706
2023-05-19 14:00:00+00:00,584.0653875098243
2023-05-19 15:00:00+00:00,567.783679670657
2023-05-19 16:00:00+00:00,524.6581735365027
2023-05-19 17:00:00+00:00,448.86705965608286
2023-05-19 18:00:00+00:00,222.26297292663494
2023-05-19 19:00:00+00:00,0.0
2023-05-19 20:00:00+00:00,214.9966702860876
2023-05-19 21:00:00+00:00,157.0622178451694
2023-05-19 22:00:00+00:00,110.58897725008923
2023-05-19 23:00:00+00:00,88.1095273763297
2023-05-20 00:00:00+00:00,48.32421145672124
2023-05-20 01:00:00+00:00,0.0
2023-05-20 02:00:00+00:00,0.0
2023-05-20 03:00:00+00:00,0.0
2023-05-20 04:00:00+00:00,0.0
2023-05-20 05:00:00+00:00,0.0
2023-05-20 06:00:00+00:00,0.0
2023-05-20 07:00:00+00:00,0.0
2023-05-20 08:00:00+00:00,0.0
2023-05-20 09:00:00+00:00,0.0
2023-05-20 10:00:00+00:00,0.0
2023-05-20 11:00:00+00:00,0.0
2023-05-20 12:00:00+00:00,0.0
2023-05-20 13:00:00+00:00,496.1190033986051
2023-05-20 14:00:00+00:00,586.4173744273821
2023-05-20 15:00:00+00:00,573.537430242792
2023-05-20 16:00:00+00:00,534.9317750246693
2023-05-20 17:00:00+00:00,441.55410499145836
2023-05-20 18:00:00+00:00,276.61634072279656
2023-05-20 19:00:00+00:00,0.0
2023-05-20 20:00:00+00:00,241.12849846263396
2023-05-20 21:00:00+00:00,218.66825689693894
2023-05-20 22:00:00+00:00,192.71409317313896
2023-05-20 23:00:00+00:00,141.736532937598
2023-05-21 00:00:00+00:00,76.90009091716314
2023-05-21 01:00:00+00:00,0.0
2023-05-21 02:00:00+00:00,0.0
2023-05-21 03:00:00+00:00,0.0
2023-05-21 04:00:00+00:00,0.0
2023-05-21 05:00:00+00:00,0.0
2023-05-21 06:00:00+00:00,0.0
2023-05-21 07:00:00+00:00,0.0
2023-05-21 08:00:00+00:00,0.0
2023-05-21 09:00:00+00:00,0.0
2023-05-21 10:00:00+00:00,0.0
2023-05-21 11:00:00+00:00,0.0
2023-05-21 12:00:00+00:00,0.0
2023-05-21 13:00:00+00:00,440.7278635063158
2023-05-21 14:00:00+00:00,505.26426462142666
2023-05-21 15:00:00+00:00,460.06122188306625
2023-05-21 16:00:00+00:00,437.52198625940497
2023-05-21 17:00:00+00:00,377.5642288600572
2023-05-21 18:00:00+00:00,216.21705212120324
2023-05-21 19:00:00+00:00,0.0
2023-05-21 20:00:00+00:00,222.54758971834454
2023-05-21 21:00:00+00:00,196.4548205234603
2023-05-21 22:00:00+00:00,160.86948322656136
2023-05-21 23:00:00+00:00,129.5447840985533
2023-05-22 00:00:00+00:00,74.25347980868501
2023-05-22 01:00:00+00:00,0.0
2023-05-22 02:00:00+00:00,0.0
2023-05-22 03:00:00+00:00,0.0
2023-05-22 04:00:00+00:00,0.0
2023-05-22 05:00:00+00:00,0.0
2023-05-22 06:00:00+00:00,0.0
2023-05-22 07:00:00+00:00,0.0
2023-05-22 08:00:00+00:00,0.0
2023-05-22 09:00:00+00:00,0.0
2023-05-22 10:00:00+00:00,0.0
2023-05-22 11:00:00+00:00,0.0
2023-05-22 12:00:00+00:00,0.0
2023-05-22 13:00:00+00:00,311.90710178636346
2023-05-22 14:00:00+00:00,385.51260867035967
2023-05-22 15:00:00+00:00,377.623888282191
2023-05-22 16:00:00+00:00,368.9592343412999
2023-05-22 17:00:00+00:00,352.280236130795
2023-05-22 18:00:00+00:00,219.48193567869987
2023-05-22 19:00:00+00:00,0.0
2023-05-22 20:00:00+00:00,186.5857276688764
2023-05-22 21:00:00+00:00,185.36060267625416
2023-05-22 22:00:00+00:00,168.40630544688008
2023-05-22 23:00:00+00:00,119.42931791899366
2023-05-23 00:00:00+00:00,69.23625355689636
2023-05-23 01:00:00+00:00,0.0
2023-05-23 02:00:00+00:00,0.0
2023-05-23 03:00:00+00:00,0.0
2023-05-23 04:00:00+00:00,0.0
2023-05-23 05:00:00+00:00,0.0
2023-05-23 06:00:00+00:00,0.0
2023-05-23 07:00:00+00:00,0.0
2023-05-23 08:00:00+00:00,0.0
2023-05-23 09:00:00+00:00,0.0
2023-05-23 10:00:00+00:00,0.0
2023-05-23 11:00:00+00:00,0.0
2023-05-23 12:00:00+00:00,0.0
2023-05-23 13:00:00+00:00,302.9109181239847
2023-05-23 14:00:00+00:00,390.08609634323835
2023-05-23 15:00:00+00:00,367.23794638241543
2023-05-23 16:00:00+00:00,347.2280817938013
2023-05-23 17:00:00+00:00,312.24211703044347
2023-05-23 18:00:00+00:00,199.41554060457364
2023-05-23 19:00:00+00:00,0.0
2023-05-23 20:00:00+00:00,201.89401295214415
2023-05-23 21:00:00+00:00,188.73473642915042
2023-05-23 22:00:00+00:00,162.49925040055408
2023-05-23 23:00:00+00:00,122.12528524221375
2023-05-24 00:00:00+00:00,69.09596370725167
2023-05-24 01:00:00+00:00,0.0
2023-05-24 02:00:00+00:00,0.0
2023-05-24 03:00:00+00:00,0.0
2023-05-24 04:00:00+00:00,0.0
2023-05-24 05:00:00+00:00,0.0
2023-05-24 06:00:00+00:00,0.0
2023-05-24 07:00:00+00:00,0.0
2023-05-24 08:00:00+00:00,0.0
2023-05-24 09:00:00+00:00,0.0
2023-05-24 10:00:00+00:00,0.0
2023-05-24 11:00:00+00:00,0.0
2023-05-24 12:00:00+00:00,0.0
2023-05-24 13:00:00+00:00,359.36403950995515
2023-05-24 14:00:00+00:00,475.7599633262678
2023-05-24 15:00:00+00:00,446.68577083277006
2023-05-24 16:00:00+00:00,430.6719480298998
2023-05-24 17:00:00+00:00,370.38349772636184
2023-05-24 18:00:00+00:00,251.09517173753423
2023-05-24 19:00:00+00:00,0.0
2023-05-24 20:00:00+00:00,224.88897519839645
2023-05-24 21:00:00+00:00,200.31829971037783
2023-05-24 22:00:00+00:00,170.3306006482036
2023-05-24 23:00:00+00:00,124.30114139072668
2023-05-25 00:00:00+00:00,88.54584962109124
2023-05-25 01:00:00+00:00,0.0
2023-05-25 02:00:00+00:00,0.0
2023-05-25 03:00:00+00:00,0.0
2023-05-25 04:00:00+00:00,0.0
2023-05-25 05:00:00+00:00,0.0
2023-05-25 06:00:00+00:00,0.0
2023-05-25 07:00:00+00:00,0.0
2023-05-25 08:00:00+00:00,0.0
2023-05-25 09:00:00+00:00,0.0
2023-05-25 10:00:00+00:00,0.0
2023-05-25 11:00:00+00:00,0.0
2023-05-25 12:00:00+00:00,0.0
2023-05-25 13:00:00+00:00,370.0816784474273
2023-05-25 14:00:00+00:00,484.08090589407055
2023-05-25 15:00:00+00:00,463.10524822864437
2023-05-25 16:00:00+00:00,436.13993410384523
2023-05-25 17:00:00+00:00,355.09233668102934
2023-05-25 18:00:00+00:00,246.86093135332018
2023-05-25 19:00:00+00:00,0.0
2023-05-25 20:00:00+00:00,206.84085751280205
2023-05-25 21:00:00+00:00,182.2114980823735
2023-05-25 22:00:00+00:00,167.94407577380662
2023-05-25 23:00:00+00:00,130.81216099193986
2023-05-26 00:00:00+00:00,67.58960212870625
2023-05-26 01:00:00+00:00,0.0
2023-05-26 02:00:00+00:00,0.0
2023-05-26 03:00:00+00:00,0.0
2023-05-26 04:00:00+00:00,0.0
2023-05-26 05:00:00+00:00,0.0
2023-05-26 06:00:00+00:00,0.0
2023-05-26 07:00:00+00:00,0.0
2023-05-26 08:00:00+00:00,0.0
2023-05-26 09:00:00+00:00,0.0
2023-05-26 10:00:00+00:00,0.0
2023-05-26 11:00:00+00:00,0.0
2023-05-26 12:00:00+00:00,0.0
2023-05-26 13:00:00+00:00,483.31479810374555
2023-05-26 14:00:00+00:00,561.3205041533124
2023-05-26 15:00:00+00:00,549.0095662479913
2023-05-26 16:00:00+00:00,507.5394698929851
2023-05-26 17:00:00+00:00,420.0045291788445
2023-05-26 18:00:00+00:00,302.12765607166403
2023-05-26 19:00:00+00:00,0.0
2023-05-26 20:00:00+00:00,248.9562851586621
2023-05-26 21:00:00+00:00,200.72889466476968
2023-05-26 22:00:00+00:00,168.12146690208047
2023-05-26 23:00:00+00:00,137.67612708956082
2023-05-27 00:00:00+00:00,85.41049049820714
2023-05-27 01:00:00+00:00,0.0
2023-05-27 02:00:00+00:00,0.0
2023-05-27 03:00:00+00:00,0.0
2023-05-27 04:00:00+00:00,0.0
2023-05-27 05:00:00+00:00,0.0
2023-05-27 06:00:00+00:00,0.0
2023-05-27 07:00:00+00:00,0.0
2023-05-27 08:00:00+00:00,0.0
2023-05-27 09:00:00+00:00,0.0
2023-05-27 10:00:00+00:00,0.0
2023-05-27 11:00:00+00:00,0.0
2023-05-27 12:00:00+00:00,0.0
2023-05-27 13:00:00+00:00,438.5906545626387
2023-05-27 14:00:00+00:00,476.4224025740693
2023-05-27 15:00:00+00:00,481.7662507334803
2023-05-27 16:00:00+00:00,478.6756917856608
2023-05-27 17:00:00+00:00,411.80261445399157
2023-05-27 18:00:00+00:00,281.23053115268345
2023-05-27 19:00:00+00:00,0.0
2023-05-27 20:00:00+00:00,237.42524405389415
2023-05-27 21:00:00+00:00,198.8310976884802
2023-05-27 22:00:00+00:00,168.317828658159
2023-05-27 23:00:00+00:00,121.70462076778038
2023-05-28 00:00:00+00:00,65.49934580698816
2023-05-28 01:00:00+00:00,0.0
2023-05-28 02:00:00+00:00,0.0
2023-05-28 03:00:00+00:00,0.0
2023-05-28 04:00:00+00:00,0.0
2023-05-28 05:00:00+00:00,0.0
2023-05-28 06:00:00+00:00,0.0
2023-05-28 07:00:00+00:00,0.0
2023-05-28 08:00:00+00:00,0.0
2023-05-28 09:00:00+00:00,0.0
2023-05-28 10:00:00+00:00,0.0
2023-05-28 11:00:00+00:00,0.0
2023-05-28 12:00:00+00:00,0.0
2023-05-28 13:00:00+00:00,475.5566191641756
2023-05-28 14:00:00+00:00,572.1886952525277
2023-05-28 15:00:00+00:00,559.5354212769407
2023-05-28 16:00:00+00:00,511.1759863974915
2023-05-28 17:00:00+00:00,436.4220039176195
2023-05-28 18:00:00+00:00,291.69304942778587
2023-05-28 19:00:00+00:00,0.0
2023-05-28 20:00:00+00:00,251.10775498775263
2023-05-28 21:00:00+00:00,221.9699425399375
2023-05-28 22:00:00+00:00,195.74082536331164
2023-05-28 23:00:00+00:00,128.56918078218274
2023-05-29 00:00:00+00:00,66.56497326203045
2023-05-29 01:00:00+00:00,0.0
2023-05-29 02:00:00+00:00,0.0
2023-05-29 03:00:00+00:00,0.0
2023-05-29 04:00:00+00:00,0.0
2023-05-29 05:00:00+00:00,0.0
2023-05-29 06:00:00+00:00,0.0
2023-05-29 07:00:00+00:00,0.0
2023-05-29 08:00:00+00:00,0.0
2023-05-29 09:00:00+00:00,0.0
2023-05-29 10:00:00+00:00,0.0
2023-05-29 11:00:00+00:00,0.0
2023-05-29 12:00:00+00:00,0.0
2023-05-29 13:00:00+00:00,479.8926219649192
2023-05-29 14:00:00+00:00,575.3882297780474
2023-05-29 15:00:00+00:00,564.8700846125379
2023-05-29 16:00:00+00:00,528.9674290518825
2023-05-29 17:00:00+00:00,457.0914433198412
2023-05-29 18:00:00+00:00,309.54477851396854
2023-05-29 19:00:00+00:00,0.0
2023-05-29 20:00:00+00:00,255.1547553779906
2023-05-29 21:00:00+00:00,231.53870561908627
2023-05-29 22:00:00+00:00,205.0556180228521
2023-05-29 23:00:00+00:00,166.03278300158635
2023-05-30 00:00:00+00:00,100.30684446519103
2023-05-30 01:00:00+00:00,0.0
2023-05-30 02:00:00+00:00,0.0
2023-05-30 03:00:00+00:00,0.0
2023-05-30 04:00:00+00:00,0.0
2023-05-30 05:00:00+00:00,0.0
2023-05-30 06:00:00+00:00,0.0
2023-05-30 07:00:00+00:00,0.0
2023-05-30 08:00:00+00:00,0.0
2023-05-30 09:00:00+00:00,0.0
2023-05-30 10:00:00+00:00,0.0
2023-05-30 11:00:00+00:00,0.0
2023-05-30 12:00:00+00:00,0.0
2023-05-30 13:00:00+00:00,463.8096306655293
2023-05-30 14:00:00+00:00,560.4294580178049
2023-05-30 15:00:00+00:00,544.4689827524047
2023-05-30 16:00:00+00:00,498.71219971741107
2023-05-30 17:00:00+00:00,431.0356430754562
2023-05-30 18:00:00+00:00,295.35184124320796
2023-05-30 19:00:00+00:00,0.0
2023-05-30 20:00:00+00:00,248.72105250705383
2023-05-30 21:00:00+00:00,236.95855438102762
2023-05-30 22:00:00+00:00,195.14717424761338
2023-05-30 23:00:00+00:00,127.05170968428233
2023-05-31 00:00:00+00:00,59.0775142793505
2023-05-31 01:00:00+00:00,0.0
2023-05-31 02:00:00+00:00,0.0
2023-05-31 03:00:00+00:00,0.0
2023-05-31 04:00:00+00:00,0.0
2023-05-31 05:00:00+00:00,0.0
2023-05-31 06:00:00+00:00,0.0
2023-05-31 07:00:00+00:00,0.0
2023-05-31 08:00:00+00:00,0.0
2023-05-31 09:00:00+00:00,0.0
2023-05-31 10:00:00+00:00,0.0
2023-05-31 11:00:00+00:00,0.0
2023-05-31 12:00:00+00:00,0.0
2023-05-31 13:00:00+00:00,444.1112203913717
2023-05-31 14:00:00+00:00,535.9657620320241
2023-05-31 15:00:00+00:00,529.591100484767
2023-05-31 16:00:00+00:00,485.9960136958653
2023-05-31 17:00:00+00:00,421.9475593411101
2023-05-31 18:00:00+00:00,295.6940140174441
2023-05-31 19:00:00+00:00,0.0
2023-05-31 20:00:00+00:00,235.42847184775522
2023-05-31 21:00:00+00:00,210.30891945936756
2023-05-31 22:00:00+00:00,181.49120561278073
2023-05-31 23:00:00+00:00,148.8800445334006
2023-06-01 00:00:00+00:00,73.98584129616798
2023-06-01 01:00:00+00:00,0.0
2023-06-01 02:00:00+00:00,0.0
2023-06-01 03:00:00+00:00,0.0
2023-06-01 04:00:00+00:00,0.0
2023-06-01 05:00:00+00:00,0.0
2023-06-01 06:00:00+00:00,0.0
2023-06-01 07:00:00+00:00,0.0
2023-06-01 08:00:00+00:00,0.0
2023-06-01 09:00:00+00:00,0.0
2023-06-01 10:00:00+00:00,0.0
2023-06-01 11:00:00+00:00,0.0
2023-06-01 12:00:00+00:00,0.0
2023-06-01 13:00:00+00:00,423.2582666997101
2023-06-01 14:00:00+00:00,511.2093312919835
2023-06-01 15:00:00+00:00,466.4246551435849
2023-06-01 16:00:00+00:00,442.3339968944288
2023-06-01 17:00:00+00:00,422.91706950423264
2023-06-01 18:00:00+00:00,291.1859276698149
2023-06-01 19:00:00+00:00,0.0
2023-06-01 20:00:00+00:00,214.7379957301881
2023-06-01 21:00:00+00:00,197.70263500474834
2023-06-01 22:00:00+00:00,153.3274750197352
2023-06-01 23:00:00+00:00,93.9192740554352
2023-06-02 00:00:00+00:00,53.025476727858994
2023-06-02 01:00:00+00:00,0.0
2023-06-02 02:00:00+00:00,0.0
2023-06-02 03:00:00+00:00,0.0
2023-06-02 04:00:00+00:00,0.0
2023-06-02 05:00:00+00:00,0.0
2023-06-02 06:00:00+00:00,0.0
2023-06-02 07:00:00+00:00,0.0
2023-06-02 08:00:00+00:00,0.0
2023-06-02 09:00:00+00:00,0.0
2023-06-02 10:00:00+00:00,0.0
2023-06-02 11:00:00+00:00,0.0
2023-06-02 12:00:00+00:00,0.0
2023-06-02 13:00:00+00:00,338.55577288891715
2023-06-02 14:00:00+00:00,427.33059227539275
2023-06-02 15:00:00+00:00,418.09029636500827
2023-06-02 16:00:00+00:00,381.44845710891923
2023-06-02 17:00:00+00:00,335.6205090702546
2023-06-02 18:00:00+00:00,234.18833523256225
2023-06-02 19:00:00+00:00,0.0
2023-06-02 20:00:00+00:00,169.30036816241469
2023-06-02 21:00:00+00:00,125.74339891450488
2023-06-02 22:00:00+00:00,96.87883212873724
2023-06-02 23:00:00+00:00,68.35642387182635
2023-06-03 00:00:00+00:00,20.19509061441123
2023-06-03 01:00:00+00:00,0.0
2023-06-03 02:00:00+00:00,0.0
2023-06-03 03:00:00+00:00,0.0
2023-06-03 04:00:00+00:00,0.0
2023-06-03 05:00:00+00:00,0.0
2023-06-03 06:00:00+00:00,0.0
2023-06-03 07:00:00+00:00,0.0
2023-06-03 08:00:00+00:00,0.0
2023-06-03 09:00:00+00:00,0.0
2023-06-03 10:00:00+00:00,0.0
2023-06-03 11:00:00+00:00,0.0
2023-06-03 12:00:00+00:00,0.0
2023-06-03 13:00:00+00:00,398.62692587775456
2023-06-03 14:00:00+00:00,515.8923512826799
2023-06-03 15:00:00+00:00,523.5047144575266
2023-06-03 16:00:00+00:00,493.6133866766131
2023-06-03 17:00:00+00:00,417.6175314480502
2023-06-03 18:00:00+00:00,212.59519420327413
2023-06-03 19:00:00+00:00,0.0
2023-06-03 20:00:00+00:00,196.2454488974577
2023-06-03 21:00:00+00:00,191.78391820433367
2023-06-03 22:00:00+00:00,138.02302932858817
2023-06-03 23:00:00+00:00,79.03166900113226
2023-06-04 00:00:00+00:00,35.15884909122444
2023-06-04 01:00:00+00:00,0.0
2023-06-04 02:00:00+00:00,0.0
2023-06-04 03:00:00+00:00,0.0
2023-06-04 04:00:00+00:00,0.0
2023-06-04 05:00:00+00:00,0.0
2023-06-04 06:00:00+00:00,0.0
2023-06-04 07:00:00+00:00,0.0
2023-06-04 08:00:00+00:00,0.0
2023-06-04 09:00:00+00:00,0.0
2023-06-04 10:00:00+00:00,0.0
2023-06-04 11:00:00+00:00,0.0
2023-06-04 12:00:00+00:00,0.0
2023-06-04 13:00:00+00:00,477.04670802550976
2023-06-04 14:00:00+00:00,572.2690050300638
2023-06-04 15:00:00+00:00,556.8485417142111
2023-06-04 16:00:00+00:00,517.8567102664314
2023-06-04 17:00:00+00:00,442.9223112122699
2023-06-04 18:00:00+00:00,292.16153726975244
2023-06-04 19:00:00+00:00,0.0
2023-06-04 20:00:00+00:00,223.83397835021492
2023-06-04 21:00:00+00:00,189.16090053216382
2023-06-04 22:00:00+00:00,153.870144090892
2023-06-04 23:00:00+00:00,84.62459811619168
2023-06-05 00:00:00+00:00,35.381081015544396
2023-06-05 01:00:00+00:00,0.0
2023-06-05 02:00:00+00:00,0.0
2023-06-05 03:00:00+00:00,0.0
2023-06-05 04:00:00+00:00,0.0
2023-06-05 05:00:00+00:00,0.0
2023-06-05 06:00:00+00:00,0.0
2023-06-05 07:00:00+00:00,0.0
2023-06-05 08:00:00+00:00,0.0
2023-06-05 09:00:00+00:00,0.0
2023-06-05 10:00:00+00:00,0.0
2023-06-05 11:00:00+00:00,0.0
2023-06-05 12:00:00+00:00,0.0
2023-06-05 13:00:00+00:00,461.92667532008153
2023-06-05 14:00:00+00:00,567.218277444951
2023-06-05 15:00:00+00:00,542.967749133014
2023-06-05 16:00:00+00:00,513.6630676778994
2023-06-05 17:00:00+00:00,446.3546417768611
2023-06-05 18:00:00+00:00,297.29703064060806
2023-06-05 19:00:00+00:00,0.0
2023-06-05 20:00:00+00:00,225.8145472852066
2023-06-05 21:00:00+00:00,210.404397691885
2023-06-05 22:00:00+00:00,154.61771531169794
2023-06-05 23:00:00+00:00,119.58635571273338
2023-06-06 00:00:00+00:00,63.51464034737594
2023-06-06 01:00:00+00:00,0.0
2023-06-06 02:00:00+00:00,0.0
2023-06-06 03:00:00+00:00,0.0
2023-06-06 04:00:00+00:00,0.0
2023-06-06 05:00:00+00:00,0.0
2023-06-06 06:00:00+00:00,0.0
2023-06-06 07:00:00+00:00,0.0
2023-06-06 08:00:00+00:00,0.0
2023-06-06 09:00:00+00:00,0.0
2023-06-06 10:00:00+00:00,0.0
2023-06-06 11:00:00+00:00,0.0
2023-06-06 12:00:00+00:00,0.0
2023-06-06 13:00:00+00:00,458.09324821723254
2023-06-06 14:00:00+00:00,552.8168699332186
2023-06-06 15:00:00+00:00,524.5359238718818
2023-06-06 16:00:00+00:00,501.012953871257
2023-06-06 17:00:00+00:00,431.6810291623567
2023-06-06 18:00:00+00:00,264.82917984960136
2023-06-06 19:00:00+00:00,0.0
2023-06-06 20:00:00+00:00,208.59510427456402
2023-06-06 21:00:00+00:00,180.68809919866013
2023-06-06 22:00:00+00:00,146.00281001414814
2023-06-06 23:00:00+00:00,90.67238809519608
2023-06-07 00:00:00+00:00,53.57174494683812
2023-06-07 01:00:00+00:00,0.0
2023-06-07 02:00:00+00:00,0.0
2023-06-07 03:00:00+00:00,0.0
2023-06-07 04:00:00+00:00,0.0
2023-06-07 05:00:00+00:00,0.0
2023-06-07 06:00:00+00:00,0.0
2023-06-07 07:00:00+00:00,0.0
2023-06-07 08:00:00+00:00,0.0
2023-06-07 09:00:00+00:00,0.0
2023-06-07 10:00:00+00:00,0.0
2023-06-07 11:00:00+00:00,0.0
2023-06-07 12:00:00+00:00,0.0
2023-06-07 13:00:00+00:00,474.33554040597505
2023-06-07 14:00:00+00:00,562.4882860439898
2023-06-07 15:00:00+00:00,530.1950901144031
2023-06-07 16:00:00+00:00,503.0893973995716
2023-06-07 17:00:00+00:00,443.2841878054657
2023-06-07 18:00:00+00:00,312.1844551186022
2023-06-07 19:00:00+00:00,0.0
2023-06-07 20:00:00+00:00,226.80142438798268
2023-06-07 21:00:00+00:00,193.33084537564085
2023-06-07 22:00:00+00:00,182.42245498951266
2023-06-07 23:00:00+00:00,148.55717499814278
2023-06-08 00:00:00+00:00,59.46895896080694
2023-06-08 01:00:00+00:00,0.0
2023-06-08 02:00:00+00:00,0.0
2023-06-08 03:00:00+00:00,0.0
2023-06-08 04:00:00+00:00,0.0
2023-06-08 05:00:00+00:00,0.0
2023-06-08 06:00:00+00:00,0.0
2023-06-08 07:00:00+00:00,0.0
2023-06-08 08:00:00+00:00,0.0
2023-06-08 09:00:00+00:00,0.0
2023-06-08 10:00:00+00:00,0.0
2023-06-08 11:00:00+00:00,0.0
2023-06-08 12:00:00+00:00,0.0
2023-06-08 13:00:00+00:00,437.8244914127244
2023-06-08 14:00:00+00:00,517.7690774966419
2023-06-08 15:00:00+00:00,515.9936992088805
2023-06-08 16:00:00+00:00,464.88419570251267
2023-06-08 17:00:00+00:00,413.8607444382156
2023-06-08 18:00:00+00:00,244.54944811020755
2023-06-08 19:00:00+00:00,0.0
2023-06-08 20:00:00+00:00,190.01380376573056
2023-06-08 21:00:00+00:00,161.63478035723688
2023-06-08 22:00:00+00:00,132.72424121548076
2023-06-08 23:00:00+00:00,106.15299701079533
2023-06-09 00:00:00+00:00,59.241633538199416
2023-06-09 01:00:00+00:00,0.0
2023-06-09 02:00:00+00:00,0.0
2023-06-09 03:00:00+00:00,0.0
2023-06-09 04:00:00+00:00,0.0
2023-06-09 05:00:00+00:00,0.0
2023-06-09 06:00:00+00:00,0.0
2023-06-09 07:00:00+00:00,0.0
2023-06-09 08:00:00+00:00,0.0
2023-06-09 09:00:00+00:00,0.0
2023-06-09 10:00:00+00:00,0.0
2023-06-09 11:00:00+00:00,0.0
2023-06-09 12:00:00+00:00,0.0
2023-06-09 13:00:00+00:00,334.8614842307537
2023-06-09 14:00:00+00:00,313.1325821252893
2023-06-09 15:00:00+00:00,338.29003790050314
2023-06-09 16:00:00+00:00,357.32263403928636
2023-06-09 17:00:00+00:00,324.76169918855265
2023-06-09 18:00:00+00:00,235.1934455992904
2023-06-09 19:00:00+00:00,0.0
2023-06-09 20:00:00+00:00,161.32049572094033
2023-06-09 21:00:00+00:00,108.48149424271611
2023-06-09 22:00:00+00:00,49.10564902674546
2023-06-09 23:00:00+00:00,56.52445546182801
2023-06-10 00:00:00+00:00,35.318670820497395
2023-06-10 01:00:00+00:00,0.0
2023-06-10 02:00:00+00:00,0.0
2023-06-10 03:00:00+00:00,0.0
2023-06-10 04:00:00+00:00,0.0
2023-06-10 05:00:00+00:00,0.0
2023-06-10 06:00:00+00:00,0.0
2023-06-10 07:00:00+00:00,0.0
2023-06-10 08:00:00+00:00,0.0
2023-06-10 09:00:00+00:00,0.0
2023-06-10 10:00:00+00:00,0.0
2023-06-10 11:00:00+00:00,0.0
2023-06-10 12:00:00+00:00,0.0
2023-06-10 13:00:00+00:00,370.9626982046206
2023-06-10 14:00:00+00:00,458.0281100889487
2023-06-10 15:00:00+00:00,493.72259744063604
2023-06-10 16:00:00+00:00,454.5648388896866
2023-06-10 17:00:00+00:00,412.50609383882716
2023-06-10 18:00:00+00:00,280.17502309267826
2023-06-10 19:00:00+00:00,0.0
2023-06-10 20:00:00+00:00,233.55194517940686
2023-06-10 21:00:00+00:00,188.22938684983345
2023-06-10 22:00:00+00:00,160.62587368893386
2023-06-10 23:00:00+00:00,130.2117781962887
2023-06-11 00:00:00+00:00,89.51839925669348
2023-06-11 01:00:00+00:00,0.0
2023-06-11 02:00:00+00:00,0.0
2023-06-11 03:00:00+00:00,0.0
2023-06-11 04:00:00+00:00,0.0
2023-06-11 05:00:00+00:00,0.0
2023-06-11 06:00:00+00:00,0.0
2023-06-11 07:00:00+00:00,0.0
2023-06-11 08:00:00+00:00,0.0
2023-06-11 09:00:00+00:00,0.0
2023-06-11 10:00:00+00:00,0.0
2023-06-11 11:00:00+00:00,0.0
2023-06-11 12:00:00+00:00,0.0
2023-06-11 13:00:00+00:00,329.7533850147039
2023-06-11 14:00:00+00:00,423.606175847506
2023-06-11 15:00:00+00:00,419.9136125246677
2023-06-11 16:00:00+00:00,384.3003022173287
2023-06-11 17:00:00+00:00,353.6844567845182
2023-06-11 18:00:00+00:00,231.280409371385
2023-06-11 19:00:00+00:00,0.0
2023-06-11 20:00:00+00:00,165.93425518955308
2023-06-11 21:00:00+00:00,121.5871855060119
2023-06-11 22:00:00+00:00,115.36346608695972
2023-06-11 23:00:00+00:00,73.24952000896054
2023-06-12 00:00:00+00:00,45.98799409814675
2023-06-12 01:00:00+00:00,0.0
2023-06-12 02:00:00+00:00,0.0
2023-06-12 03:00:00+00:00,0.0
2023-06-12 04:00:00+00:00,0.0
2023-06-12 05:00:00+00:00,0.0
2023-06-12 06:00:00+00:00,0.0
2023-06-12 07:00:00+00:00,0.0
2023-06-12 08:00:00+00:00,0.0
2023-06-12 09:00:00+00:00,0.0
2023-06-12 10:00:00+00:00,0.0
2023-06-12 11:00:00+00:00,0.0
2023-06-12 12:00:00+00:00,0.0
2023-06-12 13:00:00+00:00,406.4535598740278
2023-06-12 14:00:00+00:00,415.86123858275135
2023-06-12 15:00:00+00:00,468.6398426229461
2023-06-12 16:00:00+00:00,489.83630870371945
2023-06-12 17:00:00+00:00,422.5399549837771
2023-06-12 18:00:00+00:00,225.53667251755238
2023-06-12 19:00:00+00:00,0.0
2023-06-12 20:00:00+00:00,192.99678763678222
2023-06-12 21:00:00+00:00,149.72145738722926
2023-06-12 22:00:00+00:00,105.8569331425205
2023-06-12 23:00:00+00:00,93.33077878384337
2023-06-13 00:00:00+00:00,40.337191311704395
2023-06-13 01:00:00+00:00,0.0
2023-06-13 02:00:00+00:00,0.0
2023-06-13 03:00:00+00:00,0.0
2023-06-13 04:00:00+00:00,0.0
2023-06-13 05:00:00+00:00,0.0
2023-06-13 06:00:00+00:00,0.0
2023-06-13 07:00:00+00:00,0.0
2023-06-13 08:00:00+00:00,0.0
2023-06-13 09:00:00+00:00,0.0
2023-06-13 10:00:00+00:00,0.0
2023-06-13 11:00:00+00:00,0.0
2023-06-13 12:00:00+00:00,0.0
2023-06-13 13:00:00+00:00,432.1699313566641
2023-06-13 14:00:00+00:00,543.2150724816129
2023-06-13 15:00:00+00:00,541.7366317865423
2023-06-13 16:00:00+00:00,504.76616549460033
2023-06-13 17:00:00+00:00,416.4040483731292
2023-06-13 18:00:00+00:00,244.77310318609648
2023-06-13 19:00:00+00:00,0.0
2023-06-13 20:00:00+00:00,160.98338368320748
2023-06-13 21:00:00+00:00,133.56420500515807
2023-06-13 22:00:00+00:00,133.65970460237884
2023-06-13 23:00:00+00:00,59.98583735748357
2023-06-14 00:00:00+00:00,19.938003080809782
2023-06-14 01:00:00+00:00,0.0
2023-06-14 02:00:00+00:00,0.0
2023-06-14 03:00:00+00:00,0.0
2023-06-14 04:00:00+00:00,0.0
2023-06-14 05:00:00+00:00,0.0
2023-06-14 06:00:00+00:00,0.0
2023-06-14 07:00:00+00:00,0.0
2023-06-14 08:00:00+00:00,0.0
2023-06-14 09:00:00+00:00,0.0
2023-06-14 10:00:00+00:00,0.0
2023-06-14 11:00:00+00:00,0.0
2023-06-14 12:00:00+00:00,0.0
2023-06-14 13:00:00+00:00,404.6908373951654
2023-06-14 14:00:00+00:00,493.21909389308195
2023-06-14 15:00:00+00:00,478.16803462859525
2023-06-14 16:00:00+00:00,467.8633556958642
2023-06-14 17:00:00+00:00,427.7681495980571
2023-06-14 18:00:00+00:00,297.556238992294
2023-06-14 19:00:00+00:00,0.0
2023-06-14 20:00:00+00:00,243.3465205166829
2023-06-14 21:00:00+00:00,200.27757961012685
2023-06-14 22:00:00+00:00,140.96561494719805
2023-06-14 23:00:00+00:00,100.82337425469927
2023-06-15 00:00:00+00:00,63.67492673360085
2023-06-15 01:00:00+00:00,0.0
2023-06-15 02:00:00+00:00,0.0
2023-06-15 03:00:00+00:00,0.0
2023-06-15 04:00:00+00:00,0.0
2023-06-15 05:00:00+00:00,0.0
2023-06-15 06:00:00+00:00,0.0
2023-06-15 07:00:00+00:00,0.0
2023-06-15 08:00:00+00:00,0.0
2023-06-15 09:00:00+00:00,0.0
2023-06-15 10:00:00+00:00,0.0
2023-06-15 11:00:00+00:00,0.0
2023-06-15 12:00:00+00:00,0.0
2023-06-15 13:00:00+00:00,458.06105302717447
2023-06-15 14:00:00+00:00,549.3342331442254
2023-06-15 15:00:00+00:00,548.1150423538859
2023-06-15 16:00:00+00:00,501.1218133784054
2023-06-15 17:00:00+00:00,441.7898350263435
2023-06-15 18:00:00+00:00,315.19589060512743
2023-06-15 19:00:00+00:00,0.0
2023-06-15 20:00:00+00:00,244.78045951789568
2023-06-15 21:00:00+00:00,219.93591796881094
2023-06-15 22:00:00+00:00,163.37183882455102
2023-06-15 23:00:00+00:00,136.99899804130018
2023-06-16 00:00:00+00:00,68.75229716080806
2023-06-16 01:00:00+00:00,0.0
2023-06-16 02:00:00+00:00,0.0
2023-06-16 03:00:00+00:00,0.0
2023-06-16 04:00:00+00:00,0.0
2023-06-16 05:00:00+00:00,0.0
2023-06-16 06:00:00+00:00,0.0
2023-06-16 07:00:00+00:00,0.0
2023-06-16 08:00:00+00:00,0.0
2023-06-16 09:00:00+00:00,0.0
2023-06-16 10:00:00+00:00,0.0
2023-06-16 11:00:00+00:00,0.0
2023-06-16 12:00:00+00:00,0.0
2023-06-16 13:00:00+00:00,443.4995640010672
2023-06-16 14:00:00+00:00,517.956571259789
2023-06-16 15:00:00+00:00,521.3964242734793
2023-06-16 16:00:00+00:00,475.7434689259526
2023-06-16 17:00:00+00:00,399.9894132988789
2023-06-16 18:00:00+00:00,299.95207515345476
2023-06-16 19:00:00+00:00,0.0
2023-06-16 20:00:00+00:00,229.44396192475344
2023-06-16 21:00:00+00:00,133.4287486499237
2023-06-16 22:00:00+00:00,111.13357332243125
2023-06-16 23:00:00+00:00,57.310112276395046
2023-06-17 00:00:00+00:00,16.193113009405653
2023-06-17 01:00:00+00:00,0.0
2023-06-17 02:00:00+00:00,0.0
2023-06-17 03:00:00+00:00,0.0
2023-06-17 04:00:00+00:00,0.0
2023-06-17 05:00:00+00:00,0.0
2023-06-17 06:00:00+00:00,0.0
2023-06-17 07:00:00+00:00,0.0
2023-06-17 08:00:00+00:00,0.0
2023-06-17 09:00:00+00:00,0.0
2023-06-17 10:00:00+00:00,0.0
2023-06-17 11:00:00+00:00,0.0
2023-06-17 12:00:00+00:00,0.0
2023-06-17 13:00:00+00:00,428.78648045499
2023-06-17 14:00:00+00:00,483.19458750573745
2023-06-17 15:00:00+00:00,435.7005416850473
2023-06-17 16:00:00+00:00,407.5695152437051
2023-06-17 17:00:00+00:00,374.9717257557865
2023-06-17 18:00:00+00:00,266.9801719022144
2023-06-17 19:00:00+00:00,0.0
2023-06-17 20:00:00+00:00,163.4724923141938
2023-06-17 21:00:00+00:00,145.99042010486122
2023-06-17 22:00:00+00:00,139.51717914630584
2023-06-17 23:00:00+00:00,102.91869435277466
2023-06-18 00:00:00+00:00,33.344676689614104
2023-06-18 01:00:00+00:00,0.0
2023-06-18 02:00:00+00:00,0.0
2023-06-18 03:00:00+00:00,0.0
2023-06-18 04:00:00+00:00,0.0
2023-06-18 05:00:00+00:00,0.0
2023-06-18 06:00:00+00:00,0.0
2023-06-18 07:00:00+00:00,0.0
2023-06-18 08:00:00+00:00,0.0
2023-06-18 09:00:00+00:00,0.0
2023-06-18 10:00:00+00:00,0.0
2023-06-18 11:00:00+00:00,0.0
2023-06-18 12:00:00+00:00,0.0
2023-06-18 13:00:00+00:00,364.6905501843444
2023-06-18 14:00:00+00:00,481.8910856178865
2023-06-18 15:00:00+00:00,488.4451094143413
2023-06-18 16:00:00+00:00,465.21296455235506
2023-06-18 17:00:00+00:00,361.6014846564348
2023-06-18 18:00:00+00:00,211.35905776471486
2023-06-18 19:00:00+00:00,0.0
2023-06-18 20:00:00+00:00,176.12672542410095
2023-06-18 21:00:00+00:00,126.430269049331
2023-06-18 22:00:00+00:00,110.35005629707116
2023-06-18 23:00:00+00:00,88.2907420338667
2023-06-19 00:00:00+00:00,47.734077366953635
2023-06-19 01:00:00+00:00,0.0
2023-06-19 02:00:00+00:00,0.0
2023-06-19 03:00:00+00:00,0.0
2023-06-19 04:00:00+00:00,0.0
2023-06-19 05:00:00+00:00,0.0
2023-06-19 06:00:00+00:00,0.0
2023-06-19 07:00:00+00:00,0.0
2023-06-19 08:00:00+00:00,0.0
2023-06-19 09:00:00+00:00,0.0
2023-06-19 10:00:00+00:00,0.0
2023-06-19 11:00:00+00:00,0.0
2023-06-19 12:00:00+00:00,0.0
2023-06-19 13:00:00+00:00,355.8810428106785
2023-06-19 14:00:00+00:00,385.44102940474636
2023-06-19 15:00:00+00:00,407.17312735553566
2023-06-19 16:00:00+00:00,369.4230760300947
2023-06-19 17:00:00+00:00,325.4627670707064
2023-06-19 18:00:00+00:00,248.56818289957582
2023-06-19 19:00:00+00:00,0.0
2023-06-19 20:00:00+00:00,140.74473172848255
2023-06-19 21:00:00+00:00,103.39532296170096
2023-06-19 22:00:00+00:00,66.52494257301304
2023-06-19 23:00:00+00:00,59.88577041770833
2023-06-20 00:00:00+00:00,17.165234059310503
2023-06-20 01:00:00+00:00,0.0
2023-06-20 02:00:00+00:00,0.0
2023-06-20 03:00:00+00:00,0.0
2023-06-20 04:00:00+00:00,0.0
2023-06-20 05:00:00+00:00,0.0
2023-06-20 06:00:00+00:00,0.0
2023-06-20 07:00:00+00:00,0.0
2023-06-20 08:00:00+00:00,0.0
2023-06-20 09:00:00+00:00,0.0
2023-06-20 10:00:00+00:00,0.0
2023-06-20 11:00:00+00:00,0.0
2023-06-20 12:00:00+00:00,0.0
2023-06-20 13:00:00+00:00,283.52465652093633
2023-06-20 14:00:00+00:00,360.53086297465626
2023-06-20 15:00:00+00:00,397.262541524616
2023-06-20 16:00:00+00:00,409.2668196187913
2023-06-20 17:00:00+00:00,314.811284186568
2023-06-20 18:00:00+00:00,216.11535596102135
2023-06-20 19:00:00+00:00,0.0
2023-06-20 20:00:00+00:00,118.33027509681149
2023-06-20 21:00:00+00:00,79.32783575205137
2023-06-20 22:00:00+00:00,38.96385242647822
2023-06-20 23:00:00+00:00,41.86739347070332
2023-06-21 00:00:00+00:00,36.21506063268681
2023-06-21 01:00:00+00:00,0.0
2023-06-21 02:00:00+00:00,0.0
2023-06-21 03:00:00+00:00,0.0
2023-06-21 04:00:00+00:00,0.0
2023-06-21 05:00:00+00:00,0.0
2023-06-21 06:00:00+00:00,0.0
2023-06-21 07:00:00+00:00,0.0
2023-06-21 08:00:00+00:00,0.0
2023-06-21 09:00:00+00:00,0.0
2023-06-21 10:00:00+00:00,0.0
2023-06-21 11:00:00+00:00,0.0
2023-06-21 12:00:00+00:00,0.0
2023-06-21 13:00:00+00:00,260.356252543466
2023-06-21 14:00:00+00:00,284.7048081698203
2023-06-21 15:00:00+00:00,276.18213190367214
2023-06-21 16:00:00+00:00,301.3120519670465
2023-06-21 17:00:00+00:00,222.71893251600434
2023-06-21 18:00:00+00:00,163.74663644741096
2023-06-21 19:00:00+00:00,0.0
2023-06-21 20:00:00+00:00,140.87367561822126
2023-06-21 21:00:00+00:00,139.34461578459323
2023-06-21 22:00:00+00:00,103.70329375538658
2023-06-21 23:00:00+00:00,70.07369159418529
2023-06-22 00:00:00+00:00,17.78801954972286
2023-06-22 01:00:00+00:00,0.0
2023-06-22 02:00:00+00:00,0.0
2023-06-22 03:00:00+00:00,0.0
2023-06-22 04:00:00+00:00,0.0
2023-06-22 05:00:00+00:00,0.0
2023-06-22 06:00:00+00:00,0.0
2023-06-22 07:00:00+00:00,0.0
2023-06-22 08:00:00+00:00,0.0
2023-06-22 09:00:00+00:00,0.0
2023-06-22 10:00:00+00:00,0.0
2023-06-22 11:00:00+00:00,0.0
2023-06-22 12:00:00+00:00,0.0
2023-06-22 13:00:00+00:00,275.43701087911666
2023-06-22 14:00:00+00:00,311.95473875298
2023-06-22 15:00:00+00:00,301.18100230884875
2023-06-22 16:00:00+00:00,318.7870901974475
2023-06-22 17:00:00+00:00,276.20503730939186
2023-06-22 18:00:00+00:00,222.14524749560783
2023-06-22 19:00:00+00:00,0.0
2023-06-22 20:00:00+00:00,136.2675444793601
2023-06-22 21:00:00+00:00,126.45745087462193
2023-06-22 22:00:00+00:00,100.60874552299742
2023-06-22 23:00:00+00:00,81.73244930743915
2023-06-23 00:00:00+00:00,14.35980104287574
2023-06-23 01:00:00+00:00,0.0
2023-06-23 02:00:00+00:00,0.0
2023-06-23 03:00:00+00:00,0.0
2023-06-23 04:00:00+00:00,0.0
2023-06-23 05:00:00+00:00,0.0
2023-06-23 06:00:00+00:00,0.0
2023-06-23 07:00:00+00:00,0.0
2023-06-23 08:00:00+00:00,0.0
2023-06-23 09:00:00+00:00,0.0
2023-06-23 10:00:00+00:00,0.0
2023-06-23 11:00:00+00:00,0.0
2023-06-23 12:00:00+00:00,0.0
2023-06-23 13:00:00+00:00,358.14164463783055
2023-06-23 14:00:00+00:00,438.42428231363164
2023-06-23 15:00:00+00:00,468.1202090211071
2023-06-23 16:00:00+00:00,416.43039112354876
2023-06-23 17:00:00+00:00,381.91445001406674
2023-06-23 18:00:00+00:00,285.6445201243052
2023-06-23 19:00:00+00:00,0.0
2023-06-23 20:00:00+00:00,135.37265153938245
2023-06-23 21:00:00+00:00,93.96001926851504
2023-06-23 22:00:00+00:00,87.79588835639714
2023-06-23 23:00:00+00:00,43.295637011520604
2023-06-24 00:00:00+00:00,16.789711877605782
2023-06-24 01:00:00+00:00,0.0
2023-06-24 02:00:00+00:00,0.0
2023-06-24 03:00:00+00:00,0.0
2023-06-24 04:00:00+00:00,0.0
2023-06-24 05:00:00+00:00,0.0
2023-06-24 06:00:00+00:00,0.0
2023-06-24 07:00:00+00:00,0.0
2023-06-24 08:00:00+00:00,0.0
2023-06-24 09:00:00+00:00,0.0
2023-06-24 10:00:00+00:00,0.0
2023-06-24 11:00:00+00:00,0.0
2023-06-24 12:00:00+00:00,0.0
2023-06-24 13:00:00+00:00,346.81484950018177
2023-06-24 14:00:00+00:00,328.21221170936974
2023-06-24 15:00:00+00:00,358.464306399309
2023-06-24 16:00:00+00:00,362.22427704519754
2023-06-24 17:00:00+00:00,296.77213504354637
2023-06-24 18:00:00+00:00,235.92803654210388
2023-06-24 19:00:00+00:00,0.0
2023-06-24 20:00:00+00:00,157.38812332089228
2023-06-24 21:00:00+00:00,96.70614302336385
2023-06-24 22:00:00+00:00,68.21758721604186
2023-06-24 23:00:00+00:00,18.187552879632786
2023-06-25 00:00:00+00:00,0.0
2023-06-25 01:00:00+00:00,0.0
2023-06-25 02:00:00+00:00,0.0
2023-06-25 03:00:00+00:00,0.0
2023-06-25 04:00:00+00:00,0.0
2023-06-25 05:00:00+00:00,0.0
2023-06-25 06:00:00+00:00,0.0
2023-06-25 07:00:00+00:00,0.0
2023-06-25 08:00:00+00:00,0.0
2023-06-25 09:00:00+00:00,0.0
2023-06-25 10:00:00+00:00,0.0
2023-06-25 11:00:00+00:00,0.0
2023-06-25 12:00:00+00:00,0.0
2023-06-25 13:00:00+00:00,343.78318540838535
2023-06-25 14:00:00+00:00,420.46739406829494
2023-06-25 15:00:00+00:00,407.1975082622025
2023-06-25 16:00:00+00:00,382.28602585613044
2023-06-25 17:00:00+00:00,316.59361996860616
2023-06-25 18:00:00+00:00,191.99975171518815
2023-06-25 19:00:00+00:00,0.0
2023-06-25 20:00:00+00:00,133.8811305233243
2023-06-25 21:00:00+00:00,119.40648009607655
2023-06-25 22:00:00+00:00,112.21798373441442
2023-06-25 23:00:00+00:00,67.17785633375657
2023-06-26 00:00:00+00:00,31.1311496834891
2023-06-26 01:00:00+00:00,0.0
2023-06-26 02:00:00+00:00,0.0
2023-06-26 03:00:00+00:00,0.0
2023-06-26 04:00:00+00:00,0.0
2023-06-26 05:00:00+00:00,0.0
2023-06-26 06:00:00+00:00,0.0
2023-06-26 07:00:00+00:00,0.0
2023-06-26 08:00:00+00:00,0.0
2023-06-26 09:00:00+00:00,0.0
2023-06-26 10:00:00+00:00,0.0
2023-06-26 11:00:00+00:00,0.0
2023-06-26 12:00:00+00:00,0.0
2023-06-26 13:00:00+00:00,292.00451410924546
2023-06-26 14:00:00+00:00,298.9669507502051
2023-06-26 15:00:00+00:00,305.67566535270373
2023-06-26 16:00:00+00:00,287.67329026609053
2023-06-26 17:00:00+00:00,274.66323063748365
2023-06-26 18:00:00+00:00,151.12585101649503
2023-06-26 19:00:00+00:00,0.0
2023-06-26 20:00:00+00:00,106.32157426928829
2023-06-26 21:00:00+00:00,106.82861644685374
2023-06-26 22:00:00+00:00,86.95000602251947
2023-06-26 23:00:00+00:00,57.13984437362816
2023-06-27 00:00:00+00:00,23.206962268624437
2023-06-27 01:00:00+00:00,0.0
2023-06-27 02:00:00+00:00,0.0
2023-06-27 03:00:00+00:00,0.0
2023-06-27 04:00:00+00:00,0.0
2023-06-27 05:00:00+00:00,0.0
2023-06-27 06:00:00+00:00,0.0
2023-06-27 07:00:00+00:00,0.0
2023-06-27 08:00:00+00:00,0.0
2023-06-27 09:00:00+00:00,0.0
2023-06-27 10:00:00+00:00,0.0
2023-06-27 11:00:00+00:00,0.0
2023-06-27 12:00:00+00:00,0.0
2023-06-27 13:00:00+00:00,232.21586949505365
2023-06-27 14:00:00+00:00,358.31805918976465
2023-06-27 15:00:00+00:00,369.90518529005186
2023-06-27 16:00:00+00:00,312.3602581146294
2023-06-27 17:00:00+00:00,274.85542127481557
2023-06-27 18:00:00+00:00,153.9436054819911
2023-06-27 19:00:00+00:00,0.0
2023-06-27 20:00:00+00:00,131.61495796665585
2023-06-27 21:00:00+00:00,88.16727612044834
2023-06-27 22:00:00+00:00,86.0948335735089
2023-06-27 23:00:00+00:00,43.29866547029044
2023-06-28 00:00:00+00:00,0.0
2023-06-28 01:00:00+00:00,0.0
2023-06-28 02:00:00+00:00,0.0
2023-06-28 03:00:00+00:00,0.0
2023-06-28 04:00:00+00:00,0.0
2023-06-28 05:00:00+00:00,0.0
2023-06-28 06:00:00+00:00,0.0
2023-06-28 07:00:00+00:00,0.0
2023-06-28 08:00:00+00:00,0.0
2023-06-28 09:00:00+00:00,0.0
2023-06-28 10:00:00+00:00,0.0
2023-06-28 11:00:00+00:00,0.0
2023-06-28 12:00:00+00:00,0.0
2023-06-28 13:00:00+00:00,234.85316726718222
2023-06-28 14:00:00+00:00,276.491617324901
2023-06-28 15:00:00+00:00,339.4557969797853
2023-06-28 16:00:00+00:00,269.94952909532475
2023-06-28 17:00:00+00:00,199.07860595973304
2023-06-28 18:00:00+00:00,202.50078089122644
2023-06-28 19:00:00+00:00,0.0
2023-06-28 20:00:00+00:00,118.85656641750423
2023-06-28 21:00:00+00:00,109.77039090906283
2023-06-28 22:00:00+00:00,87.14206573616502
2023-06-28 23:00:00+00:00,36.21773674738377
2023-06-29 00:00:00+00:00,11.158548875022836
2023-06-29 01:00:00+00:00,0.0
2023-06-29 02:00:00+00:00,0.0
2023-06-29 03:00:00+00:00,0.0
2023-06-29 04:00:00+00:00,0.0
2023-06-29 05:00:00+00:00,0.0
2023-06-29 06:00:00+00:00,0.0
2023-06-29 07:00:00+00:00,0.0
2023-06-29 08:00:00+00:00,0.0
2023-06-29 09:00:00+00:00,0.0
2023-06-29 10:00:00+00:00,0.0
2023-06-29 11:00:00+00:00,0.0
2023-06-29 12:00:00+00:00,0.0
2023-06-29 13:00:00+00:00,295.91607480226406
2023-06-29 14:00:00+00:00,368.4991118410864
2023-06-29 15:00:00+00:00,386.45211778517313
2023-06-29 16:00:00+00:00,379.591152816417
2023-06-29 17:00:00+00:00,324.32550095641363
2023-06-29 18:00:00+00:00,228.68137987521268
2023-06-29 19:00:00+00:00,0.0
2023-06-29 20:00:00+00:00,135.15232611060438
2023-06-29 21:00:00+00:00,121.34540215268983
2023-06-29 22:00:00+00:00,108.30811858119718
2023-06-29 23:00:00+00:00,74.1192030693257
2023-06-30 00:00:00+00:00,43.47942099946465
2023-06-30 01:00:00+00:00,0.0
2023-06-30 02:00:00+00:00,0.0
2023-06-30 03:00:00+00:00,0.0
2023-06-30 04:00:00+00:00,0.0
2023-06-30 05:00:00+00:00,0.0
2023-06-30 06:00:00+00:00,0.0
2023-06-30 07:00:00+00:00,0.0
2023-06-30 08:00:00+00:00,0.0
2023-06-30 09:00:00+00:00,0.0
2023-06-30 10:00:00+00:00,0.0
2023-06-30 11:00:00+00:00,0.0
2023-06-30 12:00:00+00:00,0.0
2023-06-30 13:00:00+00:00,356.565037897846
2023-06-30 14:00:00+00:00,446.43743872629057
2023-06-30 15:00:00+00:00,439.32860126236073
2023-06-30 16:00:00+00:00,415.862376507615
2023-06-30 17:00:00+00:00,361.25948681393743
2023-06-30 18:00:00+00:00,243.9300386183463
2023-06-30 19:00:00+00:00,0.0
2023-06-30 20:00:00+00:00,156.85922285233565
2023-06-30 21:00:00+00:00,147.1195682996201
2023-06-30 22:00:00+00:00,107.22578571406848
2023-06-30 23:00:00+00:00,73.9569340052201
2023-07-01 00:00:00+00:00,53.1433554006656
2023-07-01 01:00:00+00:00,0.0
2023-07-01 02:00:00+00:00,0.0
2023-07-01 03:00:00+00:00,0.0
2023-07-01 04:00:00+00:00,0.0
2023-07-01 05:00:00+00:00,0.0
2023-07-01 06:00:00+00:00,0.0
2023-07-01 07:00:00+00:00,0.0
2023-07-01 08:00:00+00:00,0.0
2023-07-01 09:00:00+00:00,0.0
2023-07-01 10:00:00+00:00,0.0
2023-07-01 11:00:00+00:00,0.0
2023-07-01 12:00:00+00:00,0.0
2023-07-01 13:00:00+00:00,410.71532719084934
2023-07-01 14:00:00+00:00,535.5900248916063
2023-07-01 15:00:00+00:00,526.7772857825139
2023-07-01 16:00:00+00:00,495.47883065431057
2023-07-01 17:00:00+00:00,429.8247159628076
2023-07-01 18:00:00+00:00,280.5793939499085
2023-07-01 19:00:00+00:00,0.0
2023-07-01 20:00:00+00:00,188.42768851831576
2023-07-01 21:00:00+00:00,149.09604627704024
2023-07-01 22:00:00+00:00,109.29105278676376
2023-07-01 23:00:00+00:00,100.42551479511742
2023-07-02 00:00:00+00:00,13.29177784905282
2023-07-02 01:00:00+00:00,0.0
2023-07-02 02:00:00+00:00,0.0
2023-07-02 03:00:00+00:00,0.0
2023-07-02 04:00:00+00:00,0.0
2023-07-02 05:00:00+00:00,0.0
2023-07-02 06:00:00+00:00,0.0
2023-07-02 07:00:00+00:00,0.0
2023-07-02 08:00:00+00:00,0.0
2023-07-02 09:00:00+00:00,0.0
2023-07-02 10:00:00+00:00,0.0
2023-07-02 11:00:00+00:00,0.0
2023-07-02 12:00:00+00:00,0.0
2023-07-02 13:00:00+00:00,402.95743934651233
2023-07-02 14:00:00+00:00,513.4953340625009
2023-07-02 15:00:00+00:00,513.4714561614768
2023-07-02 16:00:00+00:00,499.3949438381351
2023-07-02 17:00:00+00:00,437.84577346215207
2023-07-02 18:00:00+00:00,311.31922452353814
2023-07-02 19:00:00+00:00,0.0
2023-07-02 20:00:00+00:00,206.6864747576213
2023-07-02 21:00:00+00:00,159.3597080591372
2023-07-02 22:00:00+00:00,117.26695162479011
2023-07-02 23:00:00+00:00,100.22170693541493
2023-07-03 00:00:00+00:00,37.50890253660668
2023-07-03 01:00:00+00:00,0.0
2023-07-03 02:00:00+00:00,0.0
2023-07-03 03:00:00+00:00,0.0
2023-07-03 04:00:00+00:00,0.0
2023-07-03 05:00:00+00:00,0.0
2023-07-03 06:00:00+00:00,0.0
2023-07-03 07:00:00+00:00,0.0
2023-07-03 08:00:00+00:00,0.0
2023-07-03 09:00:00+00:00,0.0
2023-07-03 10:00:00+00:00,0.0
2023-07-03 11:00:00+00:00,0.0
2023-07-03 12:00:00+00:00,0.0
2023-07-03 13:00:00+00:00,321.29952681401727
2023-07-03 14:00:00+00:00,440.3398724913347
2023-07-03 15:00:00+00:00,483.8146245653316
2023-07-03 16:00:00+00:00,454.98637559901596
2023-07-03 17:00:00+00:00,399.1047508573672
2023-07-03 18:00:00+00:00,262.3161464767805
2023-07-03 19:00:00+00:00,0.0
2023-07-03 20:00:00+00:00,169.51843769047193
2023-07-03 21:00:00+00:00,142.025559483941
2023-07-03 22:00:00+00:00,134.17325314486018
2023-07-03 23:00:00+00:00,113.1604784502399
2023-07-04 00:00:00+00:00,35.66015764499341
2023-07-04 01:00:00+00:00,0.0
2023-07-04 02:00:00+00:00,0.0
2023-07-04 03:00:00+00:00,0.0
2023-07-04 04:00:00+00:00,0.0
2023-07-04 05:00:00+00:00,0.0
2023-07-04 06:00:00+00:00,0.0
2023-07-04 07:00:00+00:00,0.0
2023-07-04 08:00:00+00:00,0.0
2023-07-04 09:00:00+00:00,0.0
2023-07-04 10:00:00+00:00,0.0
2023-07-04 11:00:00+00:00,0.0
2023-07-04 12:00:00+00:00,0.0
2023-07-04 13:00:00+00:00,318.4965070187315
2023-07-04 14:00:00+00:00,411.21371207030614
2023-07-04 15:00:00+00:00,439.9064476555647
2023-07-04 16:00:00+00:00,421.4377438143727
2023-07-04 17:00:00+00:00,339.6382011636406
2023-07-04 18:00:00+00:00,272.60289861243024
2023-07-04 19:00:00+00:00,0.0
2023-07-04 20:00:00+00:00,207.36486841173982
2023-07-04 21:00:00+00:00,162.06515269971467
2023-07-04 22:00:00+00:00,130.7872040407125
2023-07-04 23:00:00+00:00,76.26189278457491
2023-07-05 00:00:00+00:00,45.15906955145596
2023-07-05 01:00:00+00:00,0.0
2023-07-05 02:00:00+00:00,0.0
2023-07-05 03:00:00+00:00,0.0
2023-07-05 04:00:00+00:00,0.0
2023-07-05 05:00:00+00:00,0.0
2023-07-05 06:00:00+00:00,0.0
2023-07-05 07:00:00+00:00,0.0
2023-07-05 08:00:00+00:00,0.0
2023-07-05 09:00:00+00:00,0.0
2023-07-05 10:00:00+00:00,0.0
2023-07-05 11:00:00+00:00,0.0
2023-07-05 12:00:00+00:00,0.0
2023-07-05 13:00:00+00:00,374.7776397352946
2023-07-05 14:00:00+00:00,478.50083010494046
2023-07-05 15:00:00+00:00,495.04472720243643
2023-07-05 16:00:00+00:00,458.73639341563813
2023-07-05 17:00:00+00:00,409.2082940940741
2023-07-05 18:00:00+00:00,274.3080451988588
2023-07-05 19:00:00+00:00,0.0
2023-07-05 20:00:00+00:00,181.72667575706848
2023-07-05 21:00:00+00:00,187.74780505253327
2023-07-05 22:00:00+00:00,145.44085698918875
2023-07-05 23:00:00+00:00,95.2286282885186
2023-07-06 00:00:00+00:00,15.532262265824718
2023-07-06 01:00:00+00:00,0.0
2023-07-06 02:00:00+00:00,0.0
2023-07-06 03:00:00+00:00,0.0
2023-07-06 04:00:00+00:00,0.0
2023-07-06 05:00:00+00:00,0.0
2023-07-06 06:00:00+00:00,0.0
2023-07-06 07:00:00+00:00,0.0
2023-07-06 08:00:00+00:00,0.0
2023-07-06 09:00:00+00:00,0.0
2023-07-06 10:00:00+00:00,0.0
2023-07-06 11:00:00+00:00,0.0
2023-07-06 12:00:00+00:00,0.0
2023-07-06 13:00:00+00:00,279.1239629323382
2023-07-06 14:00:00+00:00,435.8359568139637
2023-07-06 15:00:00+00:00,429.8525996228991
2023-07-06 16:00:00+00:00,439.4488596310858
2023-07-06 17:00:00+00:00,342.051404692994
2023-07-06 18:00:00+00:00,267.6762606785257
2023-07-06 19:00:00+00:00,0.0
2023-07-06 20:00:00+00:00,193.47376217381944
2023-07-06 21:00:00+00:00,177.64507112886724
2023-07-06 22:00:00+00:00,118.04076426154832
2023-07-06 23:00:00+00:00,73.01632773826275
2023-07-07 00:00:00+00:00,49.738156554849496
2023-07-07 01:00:00+00:00,0.0
2023-07-07 02:00:00+00:00,0.0
2023-07-07 03:00:00+00:00,0.0
2023-07-07 04:00:00+00:00,0.0
2023-07-07 05:00:00+00:00,0.0
2023-07-07 06:00:00+00:00,0.0
2023-07-07 07:00:00+00:00,0.0
2023-07-07 08:00:00+00:00,0.0
2023-07-07 09:00:00+00:00,0.0
2023-07-07 10:00:00+00:00,0.0
2023-07-07 11:00:00+00:00,0.0
2023-07-07 12:00:00+00:00,0.0
2023-07-07 13:00:00+00:00,365.7123496366806
2023-07-07 14:00:00+00:00,452.82301929809563
2023-07-07 15:00:00+00:00,441.4274459415895
2023-07-07 16:00:00+00:00,450.5097082599195
2023-07-07 17:00:00+00:00,384.4830670191755
2023-07-07 18:00:00+00:00,250.2039584357915
2023-07-07 19:00:00+00:00,0.0
2023-07-07 20:00:00+00:00,182.95759274335555
2023-07-07 21:00:00+00:00,155.3119480909568
2023-07-07 22:00:00+00:00,135.73583280849593
2023-07-07 23:00:00+00:00,100.5227810008545
2023-07-08 00:00:00+00:00,23.139811529771162
2023-07-08 01:00:00+00:00,0.0
2023-07-08 02:00:00+00:00,0.0
2023-07-08 03:00:00+00:00,0.0
2023-07-08 04:00:00+00:00,0.0
2023-07-08 05:00:00+00:00,0.0
2023-07-08 06:00:00+00:00,0.0
2023-07-08 07:00:00+00:00,0.0
2023-07-08 08:00:00+00:00,0.0
2023-07-08 09:00:00+00:00,0.0
2023-07-08 10:00:00+00:00,0.0
2023-07-08 11:00:00+00:00,0.0
2023-07-08 12:00:00+00:00,0.0
2023-07-08 13:00:00+00:00,442.4735961596871
2023-07-08 14:00:00+00:00,545.1414612796515
2023-07-08 15:00:00+00:00,518.4411770008109
2023-07-08 16:00:00+00:00,457.44809441193144
2023-07-08 17:00:00+00:00,383.11255522191647
2023-07-08 18:00:00+00:00,291.3433453389281
2023-07-08 19:00:00+00:00,0.0
2023-07-08 20:00:00+00:00,210.76941942734155
2023-07-08 21:00:00+00:00,120.3083834687465
2023-07-08 22:00:00+00:00,88.878841021901
2023-07-08 23:00:00+00:00,53.58657756392878
2023-07-09 00:00:00+00:00,37.84819101213655
2023-07-09 01:00:00+00:00,0.0
2023-07-09 02:00:00+00:00,0.0
2023-07-09 03:00:00+00:00,0.0
2023-07-09 04:00:00+00:00,0.0
2023-07-09 05:00:00+00:00,0.0
2023-07-09 06:00:00+00:00,0.0
2023-07-09 07:00:00+00:00,0.0
2023-07-09 08:00:00+00:00,0.0
2023-07-09 09:00:00+00:00,0.0
2023-07-09 10:00:00+00:00,0.0
2023-07-09 11:00:00+00:00,0.0
2023-07-09 12:00:00+00:00,0.0
2023-07-09 13:00:00+00:00,413.6287159993473
2023-07-09 14:00:00+00:00,517.5243428220907
2023-07-09 15:00:00+00:00,507.9541130426824
2023-07-09 16:00:00+00:00,462.6428575892989
2023-07-09 17:00:00+00:00,377.1043934497167
2023-07-09 18:00:00+00:00,225.79804608070575
2023-07-09 19:00:00+00:00,0.0
2023-07-09 20:00:00+00:00,130.08453550207682
2023-07-09 21:00:00+00:00,98.51694894541981
2023-07-09 22:00:00+00:00,69.77304975700605
2023-07-09 23:00:00+00:00,42.180179899222935
2023-07-10 00:00:00+00:00,0.0
2023-07-10 01:00:00+00:00,0.0
2023-07-10 02:00:00+00:00,0.0
2023-07-10 03:00:00+00:00,0.0
2023-07-10 04:00:00+00:00,0.0
2023-07-10 05:00:00+00:00,0.0
2023-07-10 06:00:00+00:00,0.0
2023-07-10 07:00:00+00:00,0.0
2023-07-10 08:00:00+00:00,0.0
2023-07-10 09:00:00+00:00,0.0
2023-07-10 10:00:00+00:00,0.0
2023-07-10 11:00:00+00:00,0.0
2023-07-10 12:00:00+00:00,0.0
2023-07-10 13:00:00+00:00,402.4736515671697
2023-07-10 14:00:00+00:00,481.50683781181004
2023-07-10 15:00:00+00:00,470.3590807915466
2023-07-10 16:00:00+00:00,438.5563289627141
2023-07-10 17:00:00+00:00,395.5491011891027
2023-07-10 18:00:00+00:00,248.36678546563425
2023-07-10 19:00:00+00:00,0.0
2023-07-10 20:00:00+00:00,126.87538155093193
2023-07-10 21:00:00+00:00,86.66455832790423
2023-07-10 22:00:00+00:00,54.12871971627968
2023-07-10 23:00:00+00:00,32.61910189324363
2023-07-11 00:00:00+00:00,0.0
2023-07-11 01:00:00+00:00,0.0
2023-07-11 02:00:00+00:00,0.0
2023-07-11 03:00:00+00:00,0.0
2023-07-11 04:00:00+00:00,0.0
2023-07-11 05:00:00+00:00,0.0
2023-07-11 06:00:00+00:00,0.0
2023-07-11 07:00:00+00:00,0.0
2023-07-11 08:00:00+00:00,0.0
2023-07-11 09:00:00+00:00,0.0
2023-07-11 10:00:00+00:00,0.0
2023-07-11 11:00:00+00:00,0.0
2023-07-11 12:00:00+00:00,0.0
2023-07-11 13:00:00+00:00,387.3310534891504
2023-07-11 14:00:00+00:00,407.8462024615612
2023-07-11 15:00:00+00:00,420.55193114977806
2023-07-11 16:00:00+00:00,398.8904839231971
2023-07-11 17:00:00+00:00,350.2784547080464
2023-07-11 18:00:00+00:00,269.9358478588819
2023-07-11 19:00:00+00:00,0.0
2023-07-11 20:00:00+00:00,182.10736468722345
2023-07-11 21:00:00+00:00,154.34493523930848
2023-07-11 22:00:00+00:00,89.9958414054168
2023-07-11 23:00:00+00:00,40.660426369137944
2023-07-12 00:00:00+00:00,0.0
2023-07-12 01:00:00+00:00,0.0
2023-07-12 02:00:00+00:00,0.0
2023-07-12 03:00:00+00:00,0.0
2023-07-12 04:00:00+00:00,0.0
2023-07-12 05:00:00+00:00,0.0
2023-07-12 06:00:00+00:00,0.0
2023-07-12 07:00:00+00:00,0.0
2023-07-12 08:00:00+00:00,0.0
2023-07-12 09:00:00+00:00,0.0
2023-07-12 10:00:00+00:00,0.0
2023-07-12 11:00:00+00:00,0.0
2023-07-12 12:00:00+00:00,0.0
2023-07-12 13:00:00+00:00,358.9933055186395
2023-07-12 14:00:00+00:00,461.4791997547195
2023-07-12 15:00:00+00:00,493.7596434455906
2023-07-12 16:00:00+00:00,471.02739014534967
2023-07-12 17:00:00+00:00,393.7071968312216
2023-07-12 18:00:00+00:00,280.25469560474374
2023-07-12 19:00:00+00:00,0.0
2023-07-12 20:00:00+00:00,150.00181444629052
2023-07-12 21:00:00+00:00,118.40162699010068
2023-07-12 22:00:00+00:00,63.97507549533219
2023-07-12 23:00:00+00:00,23.409769899310266
2023-07-13 00:00:00+00:00,0.0
2023-07-13 01:00:00+00:00,0.0
2023-07-13 02:00:00+00:00,0.0
2023-07-13 03:00:00+00:00,0.0
2023-07-13 04:00:00+00:00,0.0
2023-07-13 05:00:00+00:00,0.0
2023-07-13 06:00:00+00:00,0.0
2023-07-13 07:00:00+00:00,0.0
2023-07-13 08:00:00+00:00,0.0
2023-07-13 09:00:00+00:00,0.0
2023-07-13 10:00:00+00:00,0.0
2023-07-13 11:00:00+00:00,0.0
2023-07-13 12:00:00+00:00,0.0
2023-07-13 13:00:00+00:00,453.08362213131846
2023-07-13 14:00:00+00:00,532.9243214724144
2023-07-13 15:00:00+00:00,531.6628362123355
2023-07-13 16:00:00+00:00,494.5691515561404
2023-07-13 17:00:00+00:00,397.36712249751963
2023-07-13 18:00:00+00:00,300.3037733330013
2023-07-13 19:00:00+00:00,0.0
2023-07-13 20:00:00+00:00,194.0092393394926
2023-07-13 21:00:00+00:00,146.44573214061583
2023-07-13 22:00:00+00:00,129.902539096664
2023-07-13 23:00:00+00:00,71.81339950369144
2023-07-14 00:00:00+00:00,13.426884037135201
2023-07-14 01:00:00+00:00,0.0
2023-07-14 02:00:00+00:00,0.0
2023-07-14 03:00:00+00:00,0.0
2023-07-14 04:00:00+00:00,0.0
2023-07-14 05:00:00+00:00,0.0
2023-07-14 06:00:00+00:00,0.0
2023-07-14 07:00:00+00:00,0.0
2023-07-14 08:00:00+00:00,0.0
2023-07-14 09:00:00+00:00,0.0
2023-07-14 10:00:00+00:00,0.0
2023-07-14 11:00:00+00:00,0.0
2023-07-14 12:00:00+00:00,0.0
2023-07-14 13:00:00+00:00,437.29024437218965
2023-07-14 14:00:00+00:00,521.0049516551627
2023-07-14 15:00:00+00:00,525.8134560356025
2023-07-14 16:00:00+00:00,499.41804929836843
2023-07-14 17:00:00+00:00,413.5935201951243
2023-07-14 18:00:00+00:00,280.4013739355065
2023-07-14 19:00:00+00:00,0.0
2023-07-14 20:00:00+00:00,184.01277303596012
2023-07-14 21:00:00+00:00,165.40576884170625
2023-07-14 22:00:00+00:00,137.6848393430918
2023-07-14 23:00:00+00:00,100.36281927450459
2023-07-15 00:00:00+00:00,51.060419113440524
2023-07-15 01:00:00+00:00,0.0
2023-07-15 02:00:00+00:00,0.0
2023-07-15 03:00:00+00:00,0.0
2023-07-15 04:00:00+00:00,0.0
2023-07-15 05:00:00+00:00,0.0
2023-07-15 06:00:00+00:00,0.0
2023-07-15 07:00:00+00:00,0.0
2023-07-15 08:00:00+00:00,0.0
2023-07-15 09:00:00+00:00,0.0
2023-07-15 10:00:00+00:00,0.0
2023-07-15 11:00:00+00:00,0.0
2023-07-15 12:00:00+00:00,0.0
2023-07-15 13:00:00+00:00,424.23571315148723
2023-07-15 14:00:00+00:00,522.3295957763592
2023-07-15 15:00:00+00:00,505.6912633304114
2023-07-15 16:00:00+00:00,479.6607251640649
2023-07-15 17:00:00+00:00,410.8636576352531
2023-07-15 18:00:00+00:00,290.19852762192926
2023-07-15 19:00:00+00:00,0.0
2023-07-15 20:00:00+00:00,210.22208920418197
2023-07-15 21:00:00+00:00,170.98739960265644
2023-07-15 22:00:00+00:00,140.67183970748886
2023-07-15 23:00:00+00:00,103.425891682533
2023-07-16 00:00:00+00:00,27.423269639364175
2023-07-16 01:00:00+00:00,0.0
2023-07-16 02:00:00+00:00,0.0
2023-07-16 03:00:00+00:00,0.0
2023-07-16 04:00:00+00:00,0.0
2023-07-16 05:00:00+00:00,0.0
2023-07-16 06:00:00+00:00,0.0
2023-07-16 07:00:00+00:00,0.0
2023-07-16 08:00:00+00:00,0.0
2023-07-16 09:00:00+00:00,0.0
2023-07-16 10:00:00+00:00,0.0
2023-07-16 11:00:00+00:00,0.0
2023-07-16 12:00:00+00:00,0.0
2023-07-16 13:00:00+00:00,467.52054517426797
2023-07-16 14:00:00+00:00,539.2537017297865
2023-07-16 15:00:00+00:00,534.8375314289818
2023-07-16 16:00:00+00:00,489.3692266319525
2023-07-16 17:00:00+00:00,428.24089819300775
2023-07-16 18:00:00+00:00,298.57034418320956
2023-07-16 19:00:00+00:00,0.0
2023-07-16 20:00:00+00:00,214.0993650418776
2023-07-16 21:00:00+00:00,166.46462257824706
2023-07-16 22:00:00+00:00,125.93228442095766
2023-07-16 23:00:00+00:00,74.1836107830173
2023-07-17 00:00:00+00:00,44.664223717888795
2023-07-17 01:00:00+00:00,0.0
2023-07-17 02:00:00+00:00,0.0
2023-07-17 03:00:00+00:00,0.0
2023-07-17 04:00:00+00:00,0.0
2023-07-17 05:00:00+00:00,0.0
2023-07-17 06:00:00+00:00,0.0
2023-07-17 07:00:00+00:00,0.0
2023-07-17 08:00:00+00:00,0.0
2023-07-17 09:00:00+00:00,0.0
2023-07-17 10:00:00+00:00,0.0
2023-07-17 11:00:00+00:00,0.0
2023-07-17 12:00:00+00:00,0.0
2023-07-17 13:00:00+00:00,448.910873099808
2023-07-17 14:00:00+00:00,520.8489554336222
2023-07-17 15:00:00+00:00,522.4048130680867
2023-07-17 16:00:00+00:00,498.9057484894178
2023-07-17 17:00:00+00:00,401.58966633922427
2023-07-17 18:00:00+00:00,226.0610272814831
2023-07-17 19:00:00+00:00,0.0
2023-07-17 20:00:00+00:00,188.85145311106783
2023-07-17 21:00:00+00:00,162.81301725434483
2023-07-17 22:00:00+00:00,131.61052734239283
2023-07-17 23:00:00+00:00,60.743097371740525
2023-07-18 00:00:00+00:00,11.557394372389085
2023-07-18 01:00:00+00:00,0.0
2023-07-18 02:00:00+00:00,0.0
2023-07-18 03:00:00+00:00,0.0
2023-07-18 04:00:00+00:00,0.0
2023-07-18 05:00:00+00:00,0.0
2023-07-18 06:00:00+00:00,0.0
2023-07-18 07:00:00+00:00,0.0
2023-07-18 08:00:00+00:00,0.0
2023-07-18 09:00:00+00:00,0.0
2023-07-18 10:00:00+00:00,0.0
2023-07-18 11:00:00+00:00,0.0
2023-07-18 12:00:00+00:00,0.0
2023-07-18 13:00:00+00:00,399.41487603986343
2023-07-18 14:00:00+00:00,477.40093353045813
2023-07-18 15:00:00+00:00,504.3946047292623
2023-07-18 16:00:00+00:00,482.768417699911
2023-07-18 17:00:00+00:00,406.15175471091203
2023-07-18 18:00:00+00:00,245.5545353982607
2023-07-18 19:00:00+00:00,0.0
2023-07-18 20:00:00+00:00,190.80564583458866
2023-07-18 21:00:00+00:00,121.30813855991245
2023-07-18 22:00:00+00:00,119.9302551779947
2023-07-18 23:00:00+00:00,38.626294383910086
2023-07-19 00:00:00+00:00,11.11382956269577
2023-07-19 01:00:00+00:00,0.0
2023-07-19 02:00:00+00:00,0.0
2023-07-19 03:00:00+00:00,0.0
2023-07-19 04:00:00+00:00,0.0
2023-07-19 05:00:00+00:00,0.0
2023-07-19 06:00:00+00:00,0.0
2023-07-19 07:00:00+00:00,0.0
2023-07-19 08:00:00+00:00,0.0
2023-07-19 09:00:00+00:00,0.0
2023-07-19 10:00:00+00:00,0.0
2023-07-19 11:00:00+00:00,0.0
2023-07-19 12:00:00+00:00,0.0
2023-07-19 13:00:00+00:00,438.92983303347495
2023-07-19 14:00:00+00:00,445.196190399508
2023-07-19 15:00:00+00:00,444.59036378433933
2023-07-19 16:00:00+00:00,413.946482256798
2023-07-19 17:00:00+00:00,334.2980596010519
2023-07-19 18:00:00+00:00,255.1708649741045
2023-07-19 19:00:00+00:00,0.0
2023-07-19 20:00:00+00:00,207.36233257166973
2023-07-19 21:00:00+00:00,180.13454939819107
2023-07-19 22:00:00+00:00,140.7012888648737
2023-07-19 23:00:00+00:00,99.87198715414392
2023-07-20 00:00:00+00:00,32.27562045348069
2023-07-20 01:00:00+00:00,0.0
2023-07-20 02:00:00+00:00,0.0
2023-07-20 03:00:00+00:00,0.0
2023-07-20 04:00:00+00:00,0.0
2023-07-20 05:00:00+00:00,0.0
2023-07-20 06:00:00+00:00,0.0
2023-07-20 07:00:00+00:00,0.0
2023-07-20 08:00:00+00:00,0.0
2023-07-20 09:00:00+00:00,0.0
2023-07-20 10:00:00+00:00,0.0
2023-07-20 11:00:00+00:00,0.0
2023-07-20 12:00:00+00:00,0.0
2023-07-20 13:00:00+00:00,442.39934670064434
2023-07-20 14:00:00+00:00,530.782384791948
2023-07-20 15:00:00+00:00,514.138367510884
2023-07-20 16:00:00+00:00,494.3968950412255
2023-07-20 17:00:00+00:00,424.4808825824984
2023-07-20 18:00:00+00:00,259.11829333320026
2023-07-20 19:00:00+00:00,0.0
2023-07-20 20:00:00+00:00,156.4343217709126
2023-07-20 21:00:00+00:00,129.6608828879507
2023-07-20 22:00:00+00:00,114.5380041075686
2023-07-20 23:00:00+00:00,83.79699206892498
2023-07-21 00:00:00+00:00,26.04099427976332
2023-07-21 01:00:00+00:00,0.0
2023-07-21 02:00:00+00:00,0.0
2023-07-21 03:00:00+00:00,0.0
2023-07-21 04:00:00+00:00,0.0
2023-07-21 05:00:00+00:00,0.0
2023-07-21 06:00:00+00:00,0.0
2023-07-21 07:00:00+00:00,0.0
2023-07-21 08:00:00+00:00,0.0
2023-07-21 09:00:00+00:00,0.0
2023-07-21 10:00:00+00:00,0.0
2023-07-21 11:00:00+00:00,0.0
2023-07-21 12:00:00+00:00,0.0
2023-07-21 13:00:00+00:00,421.9289599077767
2023-07-21 14:00:00+00:00,532.205113129627
2023-07-21 15:00:00+00:00,518.5215518778659
2023-07-21 16:00:00+00:00,487.47917679211554
2023-07-21 17:00:00+00:00,427.94723997744927
2023-07-21 18:00:00+00:00,281.24977037719776
2023-07-21 19:00:00+00:00,0.0
2023-07-21 20:00:00+00:00,214.88076805192372
2023-07-21 21:00:00+00:00,155.29423984433933
2023-07-21 22:00:00+00:00,126.39031628293799
2023-07-21 23:00:00+00:00,75.13346570359907
2023-07-22 00:00:00+00:00,33.798432965174435
2023-07-22 01:00:00+00:00,0.0
2023-07-22 02:00:00+00:00,0.0
2023-07-22 03:00:00+00:00,0.0
2023-07-22 04:00:00+00:00,0.0
2023-07-22 05:00:00+00:00,0.0
2023-07-22 06:00:00+00:00,0.0
2023-07-22 07:00:00+00:00,0.0
2023-07-22 08:00:00+00:00,0.0
2023-07-22 09:00:00+00:00,0.0
2023-07-22 10:00:00+00:00,0.0
2023-07-22 11:00:00+00:00,0.0
2023-07-22 12:00:00+00:00,0.0
2023-07-22 13:00:00+00:00,370.1561635544694
2023-07-22 14:00:00+00:00,393.5205581022098
2023-07-22 15:00:00+00:00,433.6053813787792
2023-07-22 16:00:00+00:00,406.46656999918554
2023-07-22 17:00:00+00:00,337.500629157539
2023-07-22 18:00:00+00:00,229.96346159926725
2023-07-22 19:00:00+00:00,0.0
2023-07-22 20:00:00+00:00,196.97087165998028
2023-07-22 21:00:00+00:00,154.98117435764502
2023-07-22 22:00:00+00:00,127.0839915985401
2023-07-22 23:00:00+00:00,72.17653565706559
2023-07-23 00:00:00+00:00,46.01225434872333
2023-07-23 01:00:00+00:00,0.0
2023-07-23 02:00:00+00:00,0.0
2023-07-23 03:00:00+00:00,0.0
2023-07-23 04:00:00+00:00,0.0
2023-07-23 05:00:00+00:00,0.0
2023-07-23 06:00:00+00:00,0.0
2023-07-23 07:00:00+00:00,0.0
2023-07-23 08:00:00+00:00,0.0
2023-07-23 09:00:00+00:00,0.0
2023-07-23 10:00:00+00:00,0.0
2023-07-23 11:00:00+00:00,0.0
2023-07-23 12:00:00+00:00,0.0
2023-07-23 13:00:00+00:00,348.6974259216956
2023-07-23 14:00:00+00:00,415.7915753436005
2023-07-23 15:00:00+00:00,429.4601525638654
2023-07-23 16:00:00+00:00,443.26849196721054
2023-07-23 17:00:00+00:00,377.71399101671835
2023-07-23 18:00:00+00:00,222.85237166179934
2023-07-23 19:00:00+00:00,0.0
2023-07-23 20:00:00+00:00,159.51093388190816
2023-07-23 21:00:00+00:00,128.95895230614255
2023-07-23 22:00:00+00:00,96.19275261165575
2023-07-23 23:00:00+00:00,78.055484141019
2023-07-24 00:00:00+00:00,49.9958427891894
2023-07-24 01:00:00+00:00,0.0
2023-07-24 02:00:00+00:00,0.0
2023-07-24 03:00:00+00:00,0.0
2023-07-24 04:00:00+00:00,0.0
2023-07-24 05:00:00+00:00,0.0
2023-07-24 06:00:00+00:00,0.0
2023-07-24 07:00:00+00:00,0.0
2023-07-24 08:00:00+00:00,0.0
2023-07-24 09:00:00+00:00,0.0
2023-07-24 10:00:00+00:00,0.0
2023-07-24 11:00:00+00:00,0.0
2023-07-24 12:00:00+00:00,0.0
2023-07-24 13:00:00+00:00,450.814906244288
2023-07-24 14:00:00+00:00,425.70663778210087
2023-07-24 15:00:00+00:00,392.11793579574993
2023-07-24 16:00:00+00:00,420.24668824526753
2023-07-24 17:00:00+00:00,370.4518821256795
2023-07-24 18:00:00+00:00,240.96899296112716
2023-07-24 19:00:00+00:00,0.0
2023-07-24 20:00:00+00:00,184.0481253788641
2023-07-24 21:00:00+00:00,169.97822651715296
2023-07-24 22:00:00+00:00,137.29996551547103
2023-07-24 23:00:00+00:00,85.77823407922445
2023-07-25 00:00:00+00:00,33.03005981512465
2023-07-25 01:00:00+00:00,0.0
2023-07-25 02:00:00+00:00,0.0
2023-07-25 03:00:00+00:00,0.0
2023-07-25 04:00:00+00:00,0.0
2023-07-25 05:00:00+00:00,0.0
2023-07-25 06:00:00+00:00,0.0
2023-07-25 07:00:00+00:00,0.0
2023-07-25 08:00:00+00:00,0.0
2023-07-25 09:00:00+00:00,0.0
2023-07-25 10:00:00+00:00,0.0
2023-07-25 11:00:00+00:00,0.0
2023-07-25 12:00:00+00:00,0.0
2023-07-25 13:00:00+00:00,404.20220837664493
2023-07-25 14:00:00+00:00,485.4041285048359
2023-07-25 15:00:00+00:00,475.96644337118045
2023-07-25 16:00:00+00:00,448.27686513936897
2023-07-25 17:00:00+00:00,372.36961204024055
2023-07-25 18:00:00+00:00,258.9345352872719
2023-07-25 19:00:00+00:00,0.0
2023-07-25 20:00:00+00:00,166.71868576203315
2023-07-25 21:00:00+00:00,102.48758564746977
2023-07-25 22:00:00+00:00,43.34603900576184
2023-07-25 23:00:00+00:00,40.24287860604134
2023-07-26 00:00:00+00:00,17.55775686949987
2023-07-26 01:00:00+00:00,0.0
2023-07-26 02:00:00+00:00,0.0
2023-07-26 03:00:00+00:00,0.0
2023-07-26 04:00:00+00:00,0.0
2023-07-26 05:00:00+00:00,0.0
2023-07-26 06:00:00+00:00,0.0
2023-07-26 07:00:00+00:00,0.0
2023-07-26 08:00:00+00:00,0.0
2023-07-26 09:00:00+00:00,0.0
2023-07-26 10:00:00+00:00,0.0
2023-07-26 11:00:00+00:00,0.0
2023-07-26 12:00:00+00:00,0.0
2023-07-26 13:00:00+00:00,389.92774458122284
2023-07-26 14:00:00+00:00,489.72775951765306
2023-07-26 15:00:00+00:00,499.03596102220035
2023-07-26 16:00:00+00:00,431.77618995797957
2023-07-26 17:00:00+00:00,385.5507452388021
2023-07-26 18:00:00+00:00,238.65096831641267
2023-07-26 19:00:00+00:00,0.0
2023-07-26 20:00:00+00:00,164.18861484356628
2023-07-26 21:00:00+00:00,110.1064330547274
2023-07-26 22:00:00+00:00,84.12329462726301
2023-07-26 23:00:00+00:00,34.27495831890914
2023-07-27 00:00:00+00:00,0.0
2023-07-27 01:00:00+00:00,0.0
2023-07-27 02:00:00+00:00,0.0
2023-07-27 03:00:00+00:00,0.0
2023-07-27 04:00:00+00:00,0.0
2023-07-27 05:00:00+00:00,0.0
2023-07-27 06:00:00+00:00,0.0
2023-07-27 07:00:00+00:00,0.0
2023-07-27 08:00:00+00:00,0.0
2023-07-27 09:00:00+00:00,0.0
2023-07-27 10:00:00+00:00,0.0
2023-07-27 11:00:00+00:00,0.0
2023-07-27 12:00:00+00:00,0.0
2023-07-27 13:00:00+00:00,269.74154082919534
2023-07-27 14:00:00+00:00,396.27186586973306
2023-07-27 15:00:00+00:00,431.86532688890367
2023-07-27 16:00:00+00:00,421.8891670298629
2023-07-27 17:00:00+00:00,348.1049490116829
2023-07-27 18:00:00+00:00,215.51898972640038
2023-07-27 19:00:00+00:00,0.0
2023-07-27 20:00:00+00:00,116.91463054551862
2023-07-27 21:00:00+00:00,114.39229058090514
2023-07-27 22:00:00+00:00,88.7111793778762
2023-07-27 23:00:00+00:00,60.874201071424714
2023-07-28 00:00:00+00:00,37.98936026452816
2023-07-28 01:00:00+00:00,0.0
2023-07-28 02:00:00+00:00,0.0
2023-07-28 03:00:00+00:00,0.0
2023-07-28 04:00:00+00:00,0.0
2023-07-28 05:00:00+00:00,0.0
2023-07-28 06:00:00+00:00,0.0
2023-07-28 07:00:00+00:00,0.0
2023-07-28 08:00:00+00:00,0.0
2023-07-28 09:00:00+00:00,0.0
2023-07-28 10:00:00+00:00,0.0
2023-07-28 11:00:00+00:00,0.0
2023-07-28 12:00:00+00:00,0.0
2023-07-28 13:00:00+00:00,465.76377545744185
2023-07-28 14:00:00+00:00,480.8318731968556
2023-07-28 15:00:00+00:00,497.6986646038867
2023-07-28 16:00:00+00:00,459.3521861337067
2023-07-28 17:00:00+00:00,391.9656995889475
2023-07-28 18:00:00+00:00,225.81558542952862
2023-07-28 19:00:00+00:00,0.0
2023-07-28 20:00:00+00:00,196.7902724122052
2023-07-28 21:00:00+00:00,181.8698801169995
2023-07-28 22:00:00+00:00,141.39136541566415
2023-07-28 23:00:00+00:00,105.1026762456827
2023-07-29 00:00:00+00:00,45.27810269003917
2023-07-29 01:00:00+00:00,0.0
2023-07-29 02:00:00+00:00,0.0
2023-07-29 03:00:00+00:00,0.0
2023-07-29 04:00:00+00:00,0.0
2023-07-29 05:00:00+00:00,0.0
2023-07-29 06:00:00+00:00,0.0
2023-07-29 07:00:00+00:00,0.0
2023-07-29 08:00:00+00:00,0.0
2023-07-29 09:00:00+00:00,0.0
2023-07-29 10:00:00+00:00,0.0
2023-07-29 11:00:00+00:00,0.0
2023-07-29 12:00:00+00:00,0.0
2023-07-29 13:00:00+00:00,369.8322857295871
2023-07-29 14:00:00+00:00,438.8159902392144
2023-07-29 15:00:00+00:00,463.7599972726548
2023-07-29 16:00:00+00:00,404.8573286195208
2023-07-29 17:00:00+00:00,355.3740727322306
2023-07-29 18:00:00+00:00,224.42693806993134
2023-07-29 19:00:00+00:00,0.0
2023-07-29 20:00:00+00:00,183.49393950900264
2023-07-29 21:00:00+00:00,154.4856830906229
2023-07-29 22:00:00+00:00,116.08509301898816
2023-07-29 23:00:00+00:00,83.27718986749898
2023-07-30 00:00:00+00:00,49.732274632448906
2023-07-30 01:00:00+00:00,0.0
2023-07-30 02:00:00+00:00,0.0
2023-07-30 03:00:00+00:00,0.0
2023-07-30 04:00:00+00:00,0.0
2023-07-30 05:00:00+00:00,0.0
2023-07-30 06:00:00+00:00,0.0
2023-07-30 07:00:00+00:00,0.0
2023-07-30 08:00:00+00:00,0.0
2023-07-30 09:00:00+00:00,0.0
2023-07-30 10:00:00+00:00,0.0
2023-07-30 11:00:00+00:00,0.0
2023-07-30 12:00:00+00:00,0.0
2023-07-30 13:00:00+00:00,287.54208150008435
2023-07-30 14:00:00+00:00,356.075149990688
2023-07-30 15:00:00+00:00,377.3359294762957
2023-07-30 16:00:00+00:00,372.62270434372925
2023-07-30 17:00:00+00:00,328.86387875387976
2023-07-30 18:00:00+00:00,189.9909959149969
2023-07-30 19:00:00+00:00,0.0
2023-07-30 20:00:00+00:00,161.88848409959178
2023-07-30 21:00:00+00:00,157.59501782624912
2023-07-30 22:00:00+00:00,126.7104628754458
2023-07-30 23:00:00+00:00,92.2853746969834
2023-07-31 00:00:00+00:00,15.820325387628069
2023-07-31 01:00:00+00:00,0.0
2023-07-31 02:00:00+00:00,0.0
2023-07-31 03:00:00+00:00,0.0
2023-07-31 04:00:00+00:00,0.0
2023-07-31 05:00:00+00:00,0.0
2023-07-31 06:00:00+00:00,0.0
2023-07-31 07:00:00+00:00,0.0
2023-07-31 08:00:00+00:00,0.0
2023-07-31 09:00:00+00:00,0.0
2023-07-31 10:00:00+00:00,0.0
2023-07-31 11:00:00+00:00,0.0
2023-07-31 12:00:00+00:00,0.0
2023-07-31 13:00:00+00:00,449.3383726790212
2023-07-31 14:00:00+00:00,516.8879264263677
2023-07-31 15:00:00+00:00,488.83108760128357
2023-07-31 16:00:00+00:00,482.25311109680206
2023-07-31 17:00:00+00:00,397.50255865862044
2023-07-31 18:00:00+00:00,261.7883421089998
2023-07-31 19:00:00+00:00,0.0
2023-07-31 20:00:00+00:00,193.84774485565276
2023-07-31 21:00:00+00:00,187.5471037568773
2023-07-31 22:00:00+00:00,162.52055979705762
2023-07-31 23:00:00+00:00,105.16346194885375
2023-08-01 00:00:00+00:00,37.41415363754816
2023-08-01 01:00:00+00:00,0.0
2023-08-01 02:00:00+00:00,0.0
2023-08-01 03:00:00+00:00,0.0
2023-08-01 04:00:00+00:00,0.0
2023-08-01 05:00:00+00:00,0.0
2023-08-01 06:00:00+00:00,0.0
2023-08-01 07:00:00+00:00,0.0
2023-08-01 08:00:00+00:00,0.0
2023-08-01 09:00:00+00:00,0.0
2023-08-01 10:00:00+00:00,0.0
2023-08-01 11:00:00+00:00,0.0
2023-08-01 12:00:00+00:00,0.0
2023-08-01 13:00:00+00:00,456.68047543687265
2023-08-01 14:00:00+00:00,433.2229961856336
2023-08-01 15:00:00+00:00,532.0296279432806
2023-08-01 16:00:00+00:00,502.9091038254198
2023-08-01 17:00:00+00:00,427.05645792357967
2023-08-01 18:00:00+00:00,267.84669339617017
2023-08-01 19:00:00+00:00,0.0
2023-08-01 20:00:00+00:00,213.62762984472866
2023-08-01 21:00:00+00:00,184.34175343896473
2023-08-01 22:00:00+00:00,150.85757576119136
2023-08-01 23:00:00+00:00,99.25678275560506
2023-08-02 00:00:00+00:00,0.0
2023-08-02 01:00:00+00:00,0.0
2023-08-02 02:00:00+00:00,0.0
2023-08-02 03:00:00+00:00,0.0
2023-08-02 04:00:00+00:00,0.0
2023-08-02 05:00:00+00:00,0.0
2023-08-02 06:00:00+00:00,0.0
2023-08-02 07:00:00+00:00,0.0
2023-08-02 08:00:00+00:00,0.0
2023-08-02 09:00:00+00:00,0.0
2023-08-02 10:00:00+00:00,0.0
2023-08-02 11:00:00+00:00,0.0
2023-08-02 12:00:00+00:00,0.0
2023-08-02 13:00:00+00:00,501.87587756855834
2023-08-02 14:00:00+00:00,445.2358611230693
2023-08-02 15:00:00+00:00,536.6947164597232
2023-08-02 16:00:00+00:00,497.86481187840553
2023-08-02 17:00:00+00:00,380.52442413072504
2023-08-02 18:00:00+00:00,232.9976494062929
2023-08-02 19:00:00+00:00,0.0
2023-08-02 20:00:00+00:00,199.52332010353302
2023-08-02 21:00:00+00:00,182.91243956467568
2023-08-02 22:00:00+00:00,163.291811126521
2023-08-02 23:00:00+00:00,86.10682793382547
2023-08-03 00:00:00+00:00,34.16268347056816
2023-08-03 01:00:00+00:00,0.0
2023-08-03 02:00:00+00:00,0.0
2023-08-03 03:00:00+00:00,0.0
2023-08-03 04:00:00+00:00,0.0
2023-08-03 05:00:00+00:00,0.0
2023-08-03 06:00:00+00:00,0.0
2023-08-03 07:00:00+00:00,0.0
2023-08-03 08:00:00+00:00,0.0
2023-08-03 09:00:00+00:00,0.0
2023-08-03 10:00:00+00:00,0.0
2023-08-03 11:00:00+00:00,0.0
2023-08-03 12:00:00+00:00,0.0
2023-08-03 13:00:00+00:00,376.6100467271395
2023-08-03 14:00:00+00:00,382.39998232099396
2023-08-03 15:00:00+00:00,462.1563758523036
2023-08-03 16:00:00+00:00,445.5639821380343
2023-08-03 17:00:00+00:00,386.7697887778213
2023-08-03 18:00:00+00:00,252.1165535159126
2023-08-03 19:00:00+00:00,0.0
2023-08-03 20:00:00+00:00,224.91406146639534
2023-08-03 21:00:00+00:00,208.74304308511046
2023-08-03 22:00:00+00:00,151.41435510611578
2023-08-03 23:00:00+00:00,96.70248588954546
2023-08-04 00:00:00+00:00,36.55023738572246
2023-08-04 01:00:00+00:00,0.0
2023-08-04 02:00:00+00:00,0.0
2023-08-04 03:00:00+00:00,0.0
2023-08-04 04:00:00+00:00,0.0
2023-08-04 05:00:00+00:00,0.0
2023-08-04 06:00:00+00:00,0.0
2023-08-04 07:00:00+00:00,0.0
2023-08-04 08:00:00+00:00,0.0
2023-08-04 09:00:00+00:00,0.0
2023-08-04 10:00:00+00:00,0.0
2023-08-04 11:00:00+00:00,0.0
2023-08-04 12:00:00+00:00,0.0
2023-08-04 13:00:00+00:00,522.0191672097001
2023-08-04 14:00:00+00:00,483.55763655137724
2023-08-04 15:00:00+00:00,556.7340405729633
2023-08-04 16:00:00+00:00,524.511073871584
2023-08-04 17:00:00+00:00,446.8159965038082
2023-08-04 18:00:00+00:00,267.24413581222075
2023-08-04 19:00:00+00:00,0.0
2023-08-04 20:00:00+00:00,215.22295443884016
2023-08-04 21:00:00+00:00,210.94212319264156
2023-08-04 22:00:00+00:00,186.40959557623611
2023-08-04 23:00:00+00:00,119.7480000676942
2023-08-05 00:00:00+00:00,49.90060957669156
2023-08-05 01:00:00+00:00,0.0
2023-08-05 02:00:00+00:00,0.0
2023-08-05 03:00:00+00:00,0.0
2023-08-05 04:00:00+00:00,0.0
2023-08-05 05:00:00+00:00,0.0
2023-08-05 06:00:00+00:00,0.0
2023-08-05 07:00:00+00:00,0.0
2023-08-05 08:00:00+00:00,0.0
2023-08-05 09:00:00+00:00,0.0
2023-08-05 10:00:00+00:00,0.0
2023-08-05 11:00:00+00:00,0.0
2023-08-05 12:00:00+00:00,0.0
2023-08-05 13:00:00+00:00,437.3525473560272
2023-08-05 14:00:00+00:00,407.9115628738778
2023-08-05 15:00:00+00:00,503.11985857258065
2023-08-05 16:00:00+00:00,477.7275887564524
2023-08-05 17:00:00+00:00,410.7548666488081
2023-08-05 18:00:00+00:00,243.85522533707038
2023-08-05 19:00:00+00:00,0.0
2023-08-05 20:00:00+00:00,222.5565472389135
2023-08-05 21:00:00+00:00,169.77336977165223
2023-08-05 22:00:00+00:00,162.38176727450875
2023-08-05 23:00:00+00:00,91.22004685991926
2023-08-06 00:00:00+00:00,29.48856871445062
2023-08-06 01:00:00+00:00,0.0
2023-08-06 02:00:00+00:00,0.0
2023-08-06 03:00:00+00:00,0.0
2023-08-06 04:00:00+00:00,0.0
2023-08-06 05:00:00+00:00,0.0
2023-08-06 06:00:00+00:00,0.0
2023-08-06 07:00:00+00:00,0.0
2023-08-06 08:00:00+00:00,0.0
2023-08-06 09:00:00+00:00,0.0
2023-08-06 10:00:00+00:00,0.0
2023-08-06 11:00:00+00:00,0.0
2023-08-06 12:00:00+00:00,0.0
2023-08-06 13:00:00+00:00,369.54684396622815
2023-08-06 14:00:00+00:00,397.54947005297345
2023-08-06 15:00:00+00:00,511.0083796826763
2023-08-06 16:00:00+00:00,493.09213288420165
2023-08-06 17:00:00+00:00,422.3037356301426
2023-08-06 18:00:00+00:00,251.43425734412017
2023-08-06 19:00:00+00:00,0.0
2023-08-06 20:00:00+00:00,183.0922744613151
2023-08-06 21:00:00+00:00,178.5764013348842
2023-08-06 22:00:00+00:00,126.34888043675424
2023-08-06 23:00:00+00:00,112.54172956709341
2023-08-07 00:00:00+00:00,52.48034300933184
2023-08-07 01:00:00+00:00,0.0
2023-08-07 02:00:00+00:00,0.0
2023-08-07 03:00:00+00:00,0.0
2023-08-07 04:00:00+00:00,0.0
2023-08-07 05:00:00+00:00,0.0
2023-08-07 06:00:00+00:00,0.0
2023-08-07 07:00:00+00:00,0.0
2023-08-07 08:00:00+00:00,0.0
2023-08-07 09:00:00+00:00,0.0
2023-08-07 10:00:00+00:00,0.0
2023-08-07 11:00:00+00:00,0.0
2023-08-07 12:00:00+00:00,0.0
2023-08-07 13:00:00+00:00,459.46345681549127
2023-08-07 14:00:00+00:00,407.3488595346991
2023-08-07 15:00:00+00:00,503.05406234493756
2023-08-07 16:00:00+00:00,490.1774828390889
2023-08-07 17:00:00+00:00,421.9276810655274
2023-08-07 18:00:00+00:00,242.287707035021
2023-08-07 19:00:00+00:00,246.7487878095695
2023-08-07 20:00:00+00:00,166.35754271037797
2023-08-07 21:00:00+00:00,131.41015541041523
2023-08-07 22:00:00+00:00,77.42850732212092
2023-08-07 23:00:00+00:00,36.43885403844019
2023-08-08 00:00:00+00:00,13.296377209729407
2023-08-08 01:00:00+00:00,0.0
2023-08-08 02:00:00+00:00,0.0
2023-08-08 03:00:00+00:00,0.0
2023-08-08 04:00:00+00:00,0.0
2023-08-08 05:00:00+00:00,0.0
2023-08-08 06:00:00+00:00,0.0
2023-08-08 07:00:00+00:00,0.0
2023-08-08 08:00:00+00:00,0.0
2023-08-08 09:00:00+00:00,0.0
2023-08-08 10:00:00+00:00,0.0
2023-08-08 11:00:00+00:00,0.0
2023-08-08 12:00:00+00:00,0.0
2023-08-08 13:00:00+00:00,298.5544572830588
2023-08-08 14:00:00+00:00,313.71548327798877
2023-08-08 15:00:00+00:00,441.78204842745043
2023-08-08 16:00:00+00:00,446.0809452857138
2023-08-08 17:00:00+00:00,365.9305299564576
2023-08-08 18:00:00+00:00,185.04385588969203
2023-08-08 19:00:00+00:00,206.55232171068937
2023-08-08 20:00:00+00:00,170.3863660591272
2023-08-08 21:00:00+00:00,153.98007104212897
2023-08-08 22:00:00+00:00,116.9102951983704
2023-08-08 23:00:00+00:00,73.86930283207609
2023-08-09 00:00:00+00:00,44.05497125964191
2023-08-09 01:00:00+00:00,0.0
2023-08-09 02:00:00+00:00,0.0
2023-08-09 03:00:00+00:00,0.0
2023-08-09 04:00:00+00:00,0.0
2023-08-09 05:00:00+00:00,0.0
2023-08-09 06:00:00+00:00,0.0
2023-08-09 07:00:00+00:00,0.0
2023-08-09 08:00:00+00:00,0.0
2023-08-09 09:00:00+00:00,0.0
2023-08-09 10:00:00+00:00,0.0
2023-08-09 11:00:00+00:00,0.0
2023-08-09 12:00:00+00:00,0.0
2023-08-09 13:00:00+00:00,514.2181076352737
2023-08-09 14:00:00+00:00,455.9201838614117
2023-08-09 15:00:00+00:00,543.1354747916855
2023-08-09 16:00:00+00:00,516.2229870076543
2023-08-09 17:00:00+00:00,412.01495687669217
2023-08-09 18:00:00+00:00,232.41849918862917
2023-08-09 19:00:00+00:00,278.11346393605214
2023-08-09 20:00:00+00:00,193.9462712295119
2023-08-09 21:00:00+00:00,175.59891133895906
2023-08-09 22:00:00+00:00,149.81139619474624
2023-08-09 23:00:00+00:00,92.96398482711788
2023-08-10 00:00:00+00:00,57.97413832074122
2023-08-10 01:00:00+00:00,0.0
2023-08-10 02:00:00+00:00,0.0
2023-08-10 03:00:00+00:00,0.0
2023-08-10 04:00:00+00:00,0.0
2023-08-10 05:00:00+00:00,0.0
2023-08-10 06:00:00+00:00,0.0
2023-08-10 07:00:00+00:00,0.0
2023-08-10 08:00:00+00:00,0.0
2023-08-10 09:00:00+00:00,0.0
2023-08-10 10:00:00+00:00,0.0
2023-08-10 11:00:00+00:00,0.0
2023-08-10 12:00:00+00:00,0.0
2023-08-10 13:00:00+00:00,503.7596569476238
2023-08-10 14:00:00+00:00,429.5061974127795
2023-08-10 15:00:00+00:00,509.41861478850683
2023-08-10 16:00:00+00:00,495.9629436371536
2023-08-10 17:00:00+00:00,420.01802687342115
2023-08-10 18:00:00+00:00,230.01785958626385
2023-08-10 19:00:00+00:00,282.8705567374822
2023-08-10 20:00:00+00:00,218.62152579122267
2023-08-10 21:00:00+00:00,176.66757927853612
2023-08-10 22:00:00+00:00,143.23902009802032
2023-08-10 23:00:00+00:00,76.75289951651334
2023-08-11 00:00:00+00:00,14.964874087525844
2023-08-11 01:00:00+00:00,0.0
2023-08-11 02:00:00+00:00,0.0
2023-08-11 03:00:00+00:00,0.0
2023-08-11 04:00:00+00:00,0.0
2023-08-11 05:00:00+00:00,0.0
2023-08-11 06:00:00+00:00,0.0
2023-08-11 07:00:00+00:00,0.0
2023-08-11 08:00:00+00:00,0.0
2023-08-11 09:00:00+00:00,0.0
2023-08-11 10:00:00+00:00,0.0
2023-08-11 11:00:00+00:00,0.0
2023-08-11 12:00:00+00:00,0.0
2023-08-11 13:00:00+00:00,370.31548111899536
2023-08-11 14:00:00+00:00,323.76746670255756
2023-08-11 15:00:00+00:00,438.30128661806043
2023-08-11 16:00:00+00:00,420.3421951686792
2023-08-11 17:00:00+00:00,310.4208359391773
2023-08-11 18:00:00+00:00,233.5415561144158
2023-08-11 19:00:00+00:00,267.05837205909523
2023-08-11 20:00:00+00:00,194.20646017764977
2023-08-11 21:00:00+00:00,189.46749664431
2023-08-11 22:00:00+00:00,166.2172948850692
2023-08-11 23:00:00+00:00,102.27455546575987
2023-08-12 00:00:00+00:00,47.56357090643559
2023-08-12 01:00:00+00:00,0.0
2023-08-12 02:00:00+00:00,0.0
2023-08-12 03:00:00+00:00,0.0
2023-08-12 04:00:00+00:00,0.0
2023-08-12 05:00:00+00:00,0.0
2023-08-12 06:00:00+00:00,0.0
2023-08-12 07:00:00+00:00,0.0
2023-08-12 08:00:00+00:00,0.0
2023-08-12 09:00:00+00:00,0.0
2023-08-12 10:00:00+00:00,0.0
2023-08-12 11:00:00+00:00,0.0
2023-08-12 12:00:00+00:00,0.0
2023-08-12 13:00:00+00:00,383.4163721196082
2023-08-12 14:00:00+00:00,347.884984683122
2023-08-12 15:00:00+00:00,381.1404701424131
2023-08-12 16:00:00+00:00,366.04242328300546
2023-08-12 17:00:00+00:00,301.59055064985256
2023-08-12 18:00:00+00:00,165.77775251898984
2023-08-12 19:00:00+00:00,224.55204046375283
2023-08-12 20:00:00+00:00,206.93046726617763
2023-08-12 21:00:00+00:00,163.1359582610979
2023-08-12 22:00:00+00:00,123.68227350279722
2023-08-12 23:00:00+00:00,88.1068424893762
2023-08-13 00:00:00+00:00,30.529667033214043
2023-08-13 01:00:00+00:00,0.0
2023-08-13 02:00:00+00:00,0.0
2023-08-13 03:00:00+00:00,0.0
2023-08-13 04:00:00+00:00,0.0
2023-08-13 05:00:00+00:00,0.0
2023-08-13 06:00:00+00:00,0.0
2023-08-13 07:00:00+00:00,0.0
2023-08-13 08:00:00+00:00,0.0
2023-08-13 09:00:00+00:00,0.0
2023-08-13 10:00:00+00:00,0.0
2023-08-13 11:00:00+00:00,0.0
2023-08-13 12:00:00+00:00,0.0
2023-08-13 13:00:00+00:00,437.52506433297225
2023-08-13 14:00:00+00:00,421.3673625726837
2023-08-13 15:00:00+00:00,459.12145105719884
2023-08-13 16:00:00+00:00,392.5240799071549
2023-08-13 17:00:00+00:00,328.9155153118573
2023-08-13 18:00:00+00:00,166.43476631386946
2023-08-13 19:00:00+00:00,201.03010130927365
2023-08-13 20:00:00+00:00,158.02477793669547
2023-08-13 21:00:00+00:00,140.83727179384385
2023-08-13 22:00:00+00:00,83.95864633358497
2023-08-13 23:00:00+00:00,73.73906853270059
2023-08-14 00:00:00+00:00,15.501411324504508
2023-08-14 01:00:00+00:00,0.0
2023-08-14 02:00:00+00:00,0.0
2023-08-14 03:00:00+00:00,0.0
2023-08-14 04:00:00+00:00,0.0
2023-08-14 05:00:00+00:00,0.0
2023-08-14 06:00:00+00:00,0.0
2023-08-14 07:00:00+00:00,0.0
2023-08-14 08:00:00+00:00,0.0
2023-08-14 09:00:00+00:00,0.0
2023-08-14 10:00:00+00:00,0.0
2023-08-14 11:00:00+00:00,0.0
2023-08-14 12:00:00+00:00,0.0
2023-08-14 13:00:00+00:00,297.63793626940327
2023-08-14 14:00:00+00:00,242.1171205328818
2023-08-14 15:00:00+00:00,278.9962642292038
2023-08-14 16:00:00+00:00,217.33180052447867
2023-08-14 17:00:00+00:00,148.6715300092604
2023-08-14 18:00:00+00:00,97.85273250526218
2023-08-14 19:00:00+00:00,197.9081129026691
2023-08-14 20:00:00+00:00,138.6092641239886
2023-08-14 21:00:00+00:00,151.5054206274643
2023-08-14 22:00:00+00:00,129.3345481643055
2023-08-14 23:00:00+00:00,55.03799328001049
2023-08-15 00:00:00+00:00,30.86644892236123
2023-08-15 01:00:00+00:00,0.0
2023-08-15 02:00:00+00:00,0.0
2023-08-15 03:00:00+00:00,0.0
2023-08-15 04:00:00+00:00,0.0
2023-08-15 05:00:00+00:00,0.0
2023-08-15 06:00:00+00:00,0.0
2023-08-15 07:00:00+00:00,0.0
2023-08-15 08:00:00+00:00,0.0
2023-08-15 09:00:00+00:00,0.0
2023-08-15 10:00:00+00:00,0.0
2023-08-15 11:00:00+00:00,0.0
2023-08-15 12:00:00+00:00,0.0
2023-08-15 13:00:00+00:00,495.20650104065544
2023-08-15 14:00:00+00:00,420.89069655106977
2023-08-15 15:00:00+00:00,509.08926575668846
2023-08-15 16:00:00+00:00,440.3378365207414
2023-08-15 17:00:00+00:00,325.40958407779976
2023-08-15 18:00:00+00:00,173.06191512779606
2023-08-15 19:00:00+00:00,248.49860137423025
2023-08-15 20:00:00+00:00,212.79346862075332
2023-08-15 21:00:00+00:00,207.19660421749055
2023-08-15 22:00:00+00:00,178.6638840975501
2023-08-15 23:00:00+00:00,120.62529028052096
2023-08-16 00:00:00+00:00,46.10124141429578
2023-08-16 01:00:00+00:00,0.0
2023-08-16 02:00:00+00:00,0.0
2023-08-16 03:00:00+00:00,0.0
2023-08-16 04:00:00+00:00,0.0
2023-08-16 05:00:00+00:00,0.0
2023-08-16 06:00:00+00:00,0.0
2023-08-16 07:00:00+00:00,0.0
2023-08-16 08:00:00+00:00,0.0
2023-08-16 09:00:00+00:00,0.0
2023-08-16 10:00:00+00:00,0.0
2023-08-16 11:00:00+00:00,0.0
2023-08-16 12:00:00+00:00,0.0
2023-08-16 13:00:00+00:00,552.071151367853
2023-08-16 14:00:00+00:00,480.0891259304631
2023-08-16 15:00:00+00:00,546.2344750410025
2023-08-16 16:00:00+00:00,514.3138353682644
2023-08-16 17:00:00+00:00,438.25522964374227
2023-08-16 18:00:00+00:00,224.92964195660883
2023-08-16 19:00:00+00:00,302.67968690382224
2023-08-16 20:00:00+00:00,249.07797054348657
2023-08-16 21:00:00+00:00,193.00332555433513
2023-08-16 22:00:00+00:00,184.0239933454118
2023-08-16 23:00:00+00:00,103.89750811836167
2023-08-17 00:00:00+00:00,33.37999579079746
2023-08-17 01:00:00+00:00,0.0
2023-08-17 02:00:00+00:00,0.0
2023-08-17 03:00:00+00:00,0.0
2023-08-17 04:00:00+00:00,0.0
2023-08-17 05:00:00+00:00,0.0
2023-08-17 06:00:00+00:00,0.0
2023-08-17 07:00:00+00:00,0.0
2023-08-17 08:00:00+00:00,0.0
2023-08-17 09:00:00+00:00,0.0
2023-08-17 10:00:00+00:00,0.0
2023-08-17 11:00:00+00:00,0.0
2023-08-17 12:00:00+00:00,0.0
2023-08-17 13:00:00+00:00,469.5866437738416
2023-08-17 14:00:00+00:00,408.7709910677577
2023-08-17 15:00:00+00:00,487.4705617683906
2023-08-17 16:00:00+00:00,477.1386563459246
2023-08-17 17:00:00+00:00,387.0438133086347
2023-08-17 18:00:00+00:00,210.40950786893606
2023-08-17 19:00:00+00:00,292.65712431851597
2023-08-17 20:00:00+00:00,235.61671894605124
2023-08-17 21:00:00+00:00,196.50339931729923
2023-08-17 22:00:00+00:00,152.58992587478124
2023-08-17 23:00:00+00:00,116.61177136385975
2023-08-18 00:00:00+00:00,0.0
2023-08-18 01:00:00+00:00,0.0
2023-08-18 02:00:00+00:00,0.0
2023-08-18 03:00:00+00:00,0.0
2023-08-18 04:00:00+00:00,0.0
2023-08-18 05:00:00+00:00,0.0
2023-08-18 06:00:00+00:00,0.0
2023-08-18 07:00:00+00:00,0.0
2023-08-18 08:00:00+00:00,0.0
2023-08-18 09:00:00+00:00,0.0
2023-08-18 10:00:00+00:00,0.0
2023-08-18 11:00:00+00:00,0.0
2023-08-18 12:00:00+00:00,0.0
2023-08-18 13:00:00+00:00,582.6883927275134
2023-08-18 14:00:00+00:00,490.2868174230304
2023-08-18 15:00:00+00:00,561.8546745876778
2023-08-18 16:00:00+00:00,537.6579795783983
2023-08-18 17:00:00+00:00,436.9158005044813
2023-08-18 18:00:00+00:00,207.46159365418484
2023-08-18 19:00:00+00:00,326.2590429360576
2023-08-18 20:00:00+00:00,267.21365002501165
2023-08-18 21:00:00+00:00,224.3593779927822
2023-08-18 22:00:00+00:00,150.92088182394392
2023-08-18 23:00:00+00:00,98.68151393592558
2023-08-19 00:00:00+00:00,42.30708236250124
2023-08-19 01:00:00+00:00,0.0
2023-08-19 02:00:00+00:00,0.0
2023-08-19 03:00:00+00:00,0.0
2023-08-19 04:00:00+00:00,0.0
2023-08-19 05:00:00+00:00,0.0
2023-08-19 06:00:00+00:00,0.0
2023-08-19 07:00:00+00:00,0.0
2023-08-19 08:00:00+00:00,0.0
2023-08-19 09:00:00+00:00,0.0
2023-08-19 10:00:00+00:00,0.0
2023-08-19 11:00:00+00:00,0.0
2023-08-19 12:00:00+00:00,0.0
2023-08-19 13:00:00+00:00,525.2162368769481
2023-08-19 14:00:00+00:00,441.0160953878176
2023-08-19 15:00:00+00:00,513.7441378857133
2023-08-19 16:00:00+00:00,486.9187463571663
2023-08-19 17:00:00+00:00,411.94505516929115
2023-08-19 18:00:00+00:00,209.9025814340565
2023-08-19 19:00:00+00:00,306.19126582648784
2023-08-19 20:00:00+00:00,258.3391014820511
2023-08-19 21:00:00+00:00,220.85194457910015
2023-08-19 22:00:00+00:00,181.6868636815656
2023-08-19 23:00:00+00:00,127.69488921855384
2023-08-20 00:00:00+00:00,41.927790046890685
2023-08-20 01:00:00+00:00,0.0
2023-08-20 02:00:00+00:00,0.0
2023-08-20 03:00:00+00:00,0.0
2023-08-20 04:00:00+00:00,0.0
2023-08-20 05:00:00+00:00,0.0
2023-08-20 06:00:00+00:00,0.0
2023-08-20 07:00:00+00:00,0.0
2023-08-20 08:00:00+00:00,0.0
2023-08-20 09:00:00+00:00,0.0
2023-08-20 10:00:00+00:00,0.0
2023-08-20 11:00:00+00:00,0.0
2023-08-20 12:00:00+00:00,0.0
2023-08-20 13:00:00+00:00,615.4806678953935
2023-08-20 14:00:00+00:00,502.71569022572726
2023-08-20 15:00:00+00:00,566.7524333689179
2023-08-20 16:00:00+00:00,526.2519597047991
2023-08-20 17:00:00+00:00,399.84085857153195
2023-08-20 18:00:00+00:00,190.1372524550592
2023-08-20 19:00:00+00:00,324.8156766869233
2023-08-20 20:00:00+00:00,278.5100048533775
2023-08-20 21:00:00+00:00,251.59693327359568
2023-08-20 22:00:00+00:00,217.339795658363
2023-08-20 23:00:00+00:00,172.83527197028386
2023-08-21 00:00:00+00:00,63.913474830381396
2023-08-21 01:00:00+00:00,0.0
2023-08-21 02:00:00+00:00,0.0
2023-08-21 03:00:00+00:00,0.0
2023-08-21 04:00:00+00:00,0.0
2023-08-21 05:00:00+00:00,0.0
2023-08-21 06:00:00+00:00,0.0
2023-08-21 07:00:00+00:00,0.0
2023-08-21 08:00:00+00:00,0.0
2023-08-21 09:00:00+00:00,0.0
2023-08-21 10:00:00+00:00,0.0
2023-08-21 11:00:00+00:00,0.0
2023-08-21 12:00:00+00:00,0.0
2023-08-21 13:00:00+00:00,597.0318424222822
2023-08-21 14:00:00+00:00,500.71018396172855
2023-08-21 15:00:00+00:00,556.3771987342516
2023-08-21 16:00:00+00:00,532.4984797196971
2023-08-21 17:00:00+00:00,435.774461213256
2023-08-21 18:00:00+00:00,207.35904568899085
2023-08-21 19:00:00+00:00,260.27631785906743
2023-08-21 20:00:00+00:00,237.50609558291512
2023-08-21 21:00:00+00:00,157.7406759949991
2023-08-21 22:00:00+00:00,152.00912655169097
2023-08-21 23:00:00+00:00,102.99869766017879
2023-08-22 00:00:00+00:00,0.0
2023-08-22 01:00:00+00:00,0.0
2023-08-22 02:00:00+00:00,0.0
2023-08-22 03:00:00+00:00,0.0
2023-08-22 04:00:00+00:00,0.0
2023-08-22 05:00:00+00:00,0.0
2023-08-22 06:00:00+00:00,0.0
2023-08-22 07:00:00+00:00,0.0
2023-08-22 08:00:00+00:00,0.0
2023-08-22 09:00:00+00:00,0.0
2023-08-22 10:00:00+00:00,0.0
2023-08-22 11:00:00+00:00,0.0
2023-08-22 12:00:00+00:00,0.0
2023-08-22 13:00:00+00:00,606.1245212306894
2023-08-22 14:00:00+00:00,488.2594896145991
2023-08-22 15:00:00+00:00,541.951175109746
2023-08-22 16:00:00+00:00,503.05764797753073
2023-08-22 17:00:00+00:00,412.95239199499457
2023-08-22 18:00:00+00:00,170.3254969471142
2023-08-22 19:00:00+00:00,291.2718624968034
2023-08-22 20:00:00+00:00,248.12163465145576
2023-08-22 21:00:00+00:00,212.4625223813234
2023-08-22 22:00:00+00:00,135.02938738424496
2023-08-22 23:00:00+00:00,80.38740900418536
2023-08-23 00:00:00+00:00,14.78128445896529
2023-08-23 01:00:00+00:00,0.0
2023-08-23 02:00:00+00:00,0.0
2023-08-23 03:00:00+00:00,0.0
2023-08-23 04:00:00+00:00,0.0
2023-08-23 05:00:00+00:00,0.0
2023-08-23 06:00:00+00:00,0.0
2023-08-23 07:00:00+00:00,0.0
2023-08-23 08:00:00+00:00,0.0
2023-08-23 09:00:00+00:00,0.0
2023-08-23 10:00:00+00:00,0.0
2023-08-23 11:00:00+00:00,0.0
2023-08-23 12:00:00+00:00,0.0
2023-08-23 13:00:00+00:00,272.63568082202084
2023-08-23 14:00:00+00:00,214.6200160013947
2023-08-23 15:00:00+00:00,242.96830503820945
2023-08-23 16:00:00+00:00,201.68666999508355
2023-08-23 17:00:00+00:00,168.38321868601565
2023-08-23 18:00:00+00:00,91.2200123716142
2023-08-23 19:00:00+00:00,103.38165654751911
2023-08-23 20:00:00+00:00,55.43943832513482
2023-08-23 21:00:00+00:00,47.16892819840799
2023-08-23 22:00:00+00:00,31.467538060945998
2023-08-23 23:00:00+00:00,12.0756591903695
2023-08-24 00:00:00+00:00,12.270901455164996
2023-08-24 01:00:00+00:00,0.0
2023-08-24 02:00:00+00:00,0.0
2023-08-24 03:00:00+00:00,0.0
2023-08-24 04:00:00+00:00,0.0
2023-08-24 05:00:00+00:00,0.0
2023-08-24 06:00:00+00:00,0.0
2023-08-24 07:00:00+00:00,0.0
2023-08-24 08:00:00+00:00,0.0
2023-08-24 09:00:00+00:00,0.0
2023-08-24 10:00:00+00:00,0.0
2023-08-24 11:00:00+00:00,0.0
2023-08-24 12:00:00+00:00,0.0
2023-08-24 13:00:00+00:00,498.713902338851
2023-08-24 14:00:00+00:00,418.2189009855188
2023-08-24 15:00:00+00:00,537.2113312302644
2023-08-24 16:00:00+00:00,452.1048561494975
2023-08-24 17:00:00+00:00,362.4298458594981
2023-08-24 18:00:00+00:00,148.9497305223709
2023-08-24 19:00:00+00:00,252.91574941572537
2023-08-24 20:00:00+00:00,213.92224988146765
2023-08-24 21:00:00+00:00,193.9733641985989
2023-08-24 22:00:00+00:00,152.483723092687
2023-08-24 23:00:00+00:00,103.64569001177223
2023-08-25 00:00:00+00:00,34.670724201773524
2023-08-25 01:00:00+00:00,0.0
2023-08-25 02:00:00+00:00,0.0
2023-08-25 03:00:00+00:00,0.0
2023-08-25 04:00:00+00:00,0.0
2023-08-25 05:00:00+00:00,0.0
2023-08-25 06:00:00+00:00,0.0
2023-08-25 07:00:00+00:00,0.0
2023-08-25 08:00:00+00:00,0.0
2023-08-25 09:00:00+00:00,0.0
2023-08-25 10:00:00+00:00,0.0
2023-08-25 11:00:00+00:00,0.0
2023-08-25 12:00:00+00:00,0.0
2023-08-25 13:00:00+00:00,483.20247475649506
2023-08-25 14:00:00+00:00,378.1975064617089
2023-08-25 15:00:00+00:00,405.8837892533376
2023-08-25 16:00:00+00:00,344.61263226324263
2023-08-25 17:00:00+00:00,295.6847094377585
2023-08-25 18:00:00+00:00,165.92729592733215
2023-08-25 19:00:00+00:00,249.2892067764557
2023-08-25 20:00:00+00:00,221.36083341751953
2023-08-25 21:00:00+00:00,166.1623421331831
2023-08-25 22:00:00+00:00,164.18882482675536
2023-08-25 23:00:00+00:00,94.38102746264923
2023-08-26 00:00:00+00:00,10.487117382557123
2023-08-26 01:00:00+00:00,0.0
2023-08-26 02:00:00+00:00,0.0
2023-08-26 03:00:00+00:00,0.0
2023-08-26 04:00:00+00:00,0.0
2023-08-26 05:00:00+00:00,0.0
2023-08-26 06:00:00+00:00,0.0
2023-08-26 07:00:00+00:00,0.0
2023-08-26 08:00:00+00:00,0.0
2023-08-26 09:00:00+00:00,0.0
2023-08-26 10:00:00+00:00,0.0
2023-08-26 11:00:00+00:00,0.0
2023-08-26 12:00:00+00:00,0.0
2023-08-26 13:00:00+00:00,398.6846909841658
2023-08-26 14:00:00+00:00,348.44235003243904
2023-08-26 15:00:00+00:00,480.3577797870953
2023-08-26 16:00:00+00:00,460.961408717997
2023-08-26 17:00:00+00:00,357.7478620039365
2023-08-26 18:00:00+00:00,153.91707933064413
2023-08-26 19:00:00+00:00,307.76036173395994
2023-08-26 20:00:00+00:00,271.8178200475525
2023-08-26 21:00:00+00:00,233.4098412127895
2023-08-26 22:00:00+00:00,170.8708521853273
2023-08-26 23:00:00+00:00,115.73037882591025
2023-08-27 00:00:00+00:00,50.86982730928029
2023-08-27 01:00:00+00:00,0.0
2023-08-27 02:00:00+00:00,0.0
2023-08-27 03:00:00+00:00,0.0
2023-08-27 04:00:00+00:00,0.0
2023-08-27 05:00:00+00:00,0.0
2023-08-27 06:00:00+00:00,0.0
2023-08-27 07:00:00+00:00,0.0
2023-08-27 08:00:00+00:00,0.0
2023-08-27 09:00:00+00:00,0.0
2023-08-27 10:00:00+00:00,0.0
2023-08-27 11:00:00+00:00,0.0
2023-08-27 12:00:00+00:00,0.0
2023-08-27 13:00:00+00:00,453.79066377867366
2023-08-27 14:00:00+00:00,454.6524125566935
2023-08-27 15:00:00+00:00,548.93967446948
2023-08-27 16:00:00+00:00,504.97483266179717
2023-08-27 17:00:00+00:00,398.67986817489947
2023-08-27 18:00:00+00:00,164.34929727308713
2023-08-27 19:00:00+00:00,287.87745755272107
2023-08-27 20:00:00+00:00,240.04985884804424
2023-08-27 21:00:00+00:00,193.07355631858016
2023-08-27 22:00:00+00:00,187.77368619271655
2023-08-27 23:00:00+00:00,127.43033783249216
2023-08-28 00:00:00+00:00,40.21933499863851
2023-08-28 01:00:00+00:00,0.0
2023-08-28 02:00:00+00:00,0.0
2023-08-28 03:00:00+00:00,0.0
2023-08-28 04:00:00+00:00,0.0
2023-08-28 05:00:00+00:00,0.0
2023-08-28 06:00:00+00:00,0.0
2023-08-28 07:00:00+00:00,0.0
2023-08-28 08:00:00+00:00,0.0
2023-08-28 09:00:00+00:00,0.0
2023-08-28 10:00:00+00:00,0.0
2023-08-28 11:00:00+00:00,0.0
2023-08-28 12:00:00+00:00,0.0
2023-08-28 13:00:00+00:00,343.1819498767532
2023-08-28 14:00:00+00:00,371.0394910003754
2023-08-28 15:00:00+00:00,502.4306173460209
2023-08-28 16:00:00+00:00,458.02659909654363
2023-08-28 17:00:00+00:00,375.04382887241485
2023-08-28 18:00:00+00:00,152.80102565844152
2023-08-28 19:00:00+00:00,321.57608771456506
2023-08-28 20:00:00+00:00,255.57515402067614
2023-08-28 21:00:00+00:00,184.49420136431527
2023-08-28 22:00:00+00:00,116.43746990920108
2023-08-28 23:00:00+00:00,65.60312283907666
2023-08-29 00:00:00+00:00,0.0
2023-08-29 01:00:00+00:00,0.0
2023-08-29 02:00:00+00:00,0.0
2023-08-29 03:00:00+00:00,0.0
2023-08-29 04:00:00+00:00,0.0
2023-08-29 05:00:00+00:00,0.0
2023-08-29 06:00:00+00:00,0.0
2023-08-29 07:00:00+00:00,0.0
2023-08-29 08:00:00+00:00,0.0
2023-08-29 09:00:00+00:00,0.0
2023-08-29 10:00:00+00:00,0.0
2023-08-29 11:00:00+00:00,0.0
2023-08-29 12:00:00+00:00,0.0
2023-08-29 13:00:00+00:00,396.904053571599
2023-08-29 14:00:00+00:00,446.785474893109
2023-08-29 15:00:00+00:00,500.0918494735194
2023-08-29 16:00:00+00:00,474.62373027632344
2023-08-29 17:00:00+00:00,404.87375437363943
2023-08-29 18:00:00+00:00,152.90440273645493
2023-08-29 19:00:00+00:00,296.17628655829384
2023-08-29 20:00:00+00:00,246.08718791332853
2023-08-29 21:00:00+00:00,213.84692812256802
2023-08-29 22:00:00+00:00,172.70327879359343
2023-08-29 23:00:00+00:00,113.02750533615665
2023-08-30 00:00:00+00:00,34.852001962229075
2023-08-30 01:00:00+00:00,0.0
2023-08-30 02:00:00+00:00,0.0
2023-08-30 03:00:00+00:00,0.0
2023-08-30 04:00:00+00:00,0.0
2023-08-30 05:00:00+00:00,0.0
2023-08-30 06:00:00+00:00,0.0
2023-08-30 07:00:00+00:00,0.0
2023-08-30 08:00:00+00:00,0.0
2023-08-30 09:00:00+00:00,0.0
2023-08-30 10:00:00+00:00,0.0
2023-08-30 11:00:00+00:00,0.0
2023-08-30 12:00:00+00:00,0.0
2023-08-30 13:00:00+00:00,501.1935328104176
2023-08-30 14:00:00+00:00,518.1160173222369
2023-08-30 15:00:00+00:00,591.2835305034992
2023-08-30 16:00:00+00:00,545.8464500810688
2023-08-30 17:00:00+00:00,436.3933430251515
2023-08-30 18:00:00+00:00,143.88673436485894
2023-08-30 19:00:00+00:00,310.75038382495995
2023-08-30 20:00:00+00:00,282.7804793154807
2023-08-30 21:00:00+00:00,273.70312963142857
2023-08-30 22:00:00+00:00,217.93798821735513
2023-08-30 23:00:00+00:00,171.3537737200735
2023-08-31 00:00:00+00:00,59.648678942979934
2023-08-31 01:00:00+00:00,0.0
2023-08-31 02:00:00+00:00,0.0
2023-08-31 03:00:00+00:00,0.0
2023-08-31 04:00:00+00:00,0.0
2023-08-31 05:00:00+00:00,0.0
2023-08-31 06:00:00+00:00,0.0
2023-08-31 07:00:00+00:00,0.0
2023-08-31 08:00:00+00:00,0.0
2023-08-31 09:00:00+00:00,0.0
2023-08-31 10:00:00+00:00,0.0
2023-08-31 11:00:00+00:00,0.0
2023-08-31 12:00:00+00:00,0.0
2023-08-31 13:00:00+00:00,504.029440993637
2023-08-31 14:00:00+00:00,510.9861456761757
2023-08-31 15:00:00+00:00,584.0150458513159
2023-08-31 16:00:00+00:00,539.6968737067119
2023-08-31 17:00:00+00:00,406.70555127955896
2023-08-31 18:00:00+00:00,143.43219932161477
2023-08-31 19:00:00+00:00,321.7452759438748
2023-08-31 20:00:00+00:00,274.5293903313941
2023-08-31 21:00:00+00:00,283.854703324948
2023-08-31 22:00:00+00:00,250.00312485808038
2023-08-31 23:00:00+00:00,160.89440157930713
2023-09-01 00:00:00+00:00,22.69502175203589
2023-09-01 01:00:00+00:00,0.0
2023-09-01 02:00:00+00:00,0.0
2023-09-01 03:00:00+00:00,0.0
2023-09-01 04:00:00+00:00,0.0
2023-09-01 05:00:00+00:00,0.0
2023-09-01 06:00:00+00:00,0.0
2023-09-01 07:00:00+00:00,0.0
2023-09-01 08:00:00+00:00,0.0
2023-09-01 09:00:00+00:00,0.0
2023-09-01 10:00:00+00:00,0.0
2023-09-01 11:00:00+00:00,0.0
2023-09-01 12:00:00+00:00,0.0
2023-09-01 13:00:00+00:00,435.3543237283913
2023-09-01 14:00:00+00:00,453.55686504327394
2023-09-01 15:00:00+00:00,538.3865438272269
2023-09-01 16:00:00+00:00,495.44197596990597
2023-09-01 17:00:00+00:00,391.9105124498158
2023-09-01 18:00:00+00:00,114.85384291383674
2023-09-01 19:00:00+00:00,270.11966165592054
2023-09-01 20:00:00+00:00,255.32010369496734
2023-09-01 21:00:00+00:00,194.23577136578925
2023-09-01 22:00:00+00:00,128.68539375883466
2023-09-01 23:00:00+00:00,44.62925969800491
2023-09-02 00:00:00+00:00,12.848379173517648
2023-09-02 01:00:00+00:00,0.0
2023-09-02 02:00:00+00:00,0.0
2023-09-02 03:00:00+00:00,0.0
2023-09-02 04:00:00+00:00,0.0
2023-09-02 05:00:00+00:00,0.0
2023-09-02 06:00:00+00:00,0.0
2023-09-02 07:00:00+00:00,0.0
2023-09-02 08:00:00+00:00,0.0
2023-09-02 09:00:00+00:00,0.0
2023-09-02 10:00:00+00:00,0.0
2023-09-02 11:00:00+00:00,0.0
2023-09-02 12:00:00+00:00,0.0
2023-09-02 13:00:00+00:00,346.66246623724743
2023-09-02 14:00:00+00:00,378.3721706374752
2023-09-02 15:00:00+00:00,477.53170646558857
2023-09-02 16:00:00+00:00,427.5858089218973
2023-09-02 17:00:00+00:00,334.62591093737433
2023-09-02 18:00:00+00:00,107.01850327747599
2023-09-02 19:00:00+00:00,300.5590065777946
2023-09-02 20:00:00+00:00,268.6723823882484
2023-09-02 21:00:00+00:00,245.6992221974114
2023-09-02 22:00:00+00:00,192.12113945278793
2023-09-02 23:00:00+00:00,107.36345186517013
2023-09-03 00:00:00+00:00,16.466241559331348
2023-09-03 01:00:00+00:00,0.0
2023-09-03 02:00:00+00:00,0.0
2023-09-03 03:00:00+00:00,0.0
2023-09-03 04:00:00+00:00,0.0
2023-09-03 05:00:00+00:00,0.0
2023-09-03 06:00:00+00:00,0.0
2023-09-03 07:00:00+00:00,0.0
2023-09-03 08:00:00+00:00,0.0
2023-09-03 09:00:00+00:00,0.0
2023-09-03 10:00:00+00:00,0.0
2023-09-03 11:00:00+00:00,0.0
2023-09-03 12:00:00+00:00,0.0
2023-09-03 13:00:00+00:00,485.52245094232757
2023-09-03 14:00:00+00:00,447.48518438270025
2023-09-03 15:00:00+00:00,497.05185852326787
2023-09-03 16:00:00+00:00,445.3945827696112
2023-09-03 17:00:00+00:00,350.00197771375935
2023-09-03 18:00:00+00:00,83.43346441378038
2023-09-03 19:00:00+00:00,227.84552316085856
2023-09-03 20:00:00+00:00,201.6663732793562
2023-09-03 21:00:00+00:00,187.36502620588612
2023-09-03 22:00:00+00:00,149.88531296218878
2023-09-03 23:00:00+00:00,87.71026627853207
2023-09-04 00:00:00+00:00,12.77805774989554
2023-09-04 01:00:00+00:00,0.0
2023-09-04 02:00:00+00:00,0.0
2023-09-04 03:00:00+00:00,0.0
2023-09-04 04:00:00+00:00,0.0
2023-09-04 05:00:00+00:00,0.0
2023-09-04 06:00:00+00:00,0.0
2023-09-04 07:00:00+00:00,0.0
2023-09-04 08:00:00+00:00,0.0
2023-09-04 09:00:00+00:00,0.0
2023-09-04 10:00:00+00:00,0.0
2023-09-04 11:00:00+00:00,0.0
2023-09-04 12:00:00+00:00,0.0
2023-09-04 13:00:00+00:00,467.04024264341575
2023-09-04 14:00:00+00:00,470.0543067509832
2023-09-04 15:00:00+00:00,546.4151163465459
2023-09-04 16:00:00+00:00,492.6099272411682
2023-09-04 17:00:00+00:00,362.3095924211669
2023-09-04 18:00:00+00:00,93.8966500982935
2023-09-04 19:00:00+00:00,302.3594890492138
2023-09-04 20:00:00+00:00,246.97528002009517
2023-09-04 21:00:00+00:00,245.64911824707193
2023-09-04 22:00:00+00:00,197.73051161933768
2023-09-04 23:00:00+00:00,144.91017545652196
2023-09-05 00:00:00+00:00,45.4826515435715
2023-09-05 01:00:00+00:00,0.0
2023-09-05 02:00:00+00:00,0.0
2023-09-05 03:00:00+00:00,0.0
2023-09-05 04:00:00+00:00,0.0
2023-09-05 05:00:00+00:00,0.0
2023-09-05 06:00:00+00:00,0.0
2023-09-05 07:00:00+00:00,0.0
2023-09-05 08:00:00+00:00,0.0
2023-09-05 09:00:00+00:00,0.0
2023-09-05 10:00:00+00:00,0.0
2023-09-05 11:00:00+00:00,0.0
2023-09-05 12:00:00+00:00,0.0
2023-09-05 13:00:00+00:00,461.42961267843447
2023-09-05 14:00:00+00:00,453.7344987439564
2023-09-05 15:00:00+00:00,534.2519202727879
2023-09-05 16:00:00+00:00,505.115204604598
2023-09-05 17:00:00+00:00,361.5162190184514
2023-09-05 18:00:00+00:00,69.7603158526549
2023-09-05 19:00:00+00:00,276.94632882779837
2023-09-05 20:00:00+00:00,198.24284329534
2023-09-05 21:00:00+00:00,186.12928656413828
2023-09-05 22:00:00+00:00,174.0270956322224
2023-09-05 23:00:00+00:00,125.30432288286733
2023-09-06 00:00:00+00:00,47.35270158802177
2023-09-06 01:00:00+00:00,0.0
2023-09-06 02:00:00+00:00,0.0
2023-09-06 03:00:00+00:00,0.0
2023-09-06 04:00:00+00:00,0.0
2023-09-06 05:00:00+00:00,0.0
2023-09-06 06:00:00+00:00,0.0
2023-09-06 07:00:00+00:00,0.0
2023-09-06 08:00:00+00:00,0.0
2023-09-06 09:00:00+00:00,0.0
2023-09-06 10:00:00+00:00,0.0
2023-09-06 11:00:00+00:00,0.0
2023-09-06 12:00:00+00:00,0.0
2023-09-06 13:00:00+00:00,461.3178078912624
2023-09-06 14:00:00+00:00,432.9548639108795
2023-09-06 15:00:00+00:00,473.6492115891738
2023-09-06 16:00:00+00:00,408.2280505294491
2023-09-06 17:00:00+00:00,310.99164462397334
2023-09-06 18:00:00+00:00,51.51958528906613
2023-09-06 19:00:00+00:00,235.15184007768462
2023-09-06 20:00:00+00:00,191.50973072781179
2023-09-06 21:00:00+00:00,139.7631138608016
2023-09-06 22:00:00+00:00,133.70025996213266
2023-09-06 23:00:00+00:00,85.62106403638877
2023-09-07 00:00:00+00:00,13.614852297276586
2023-09-07 01:00:00+00:00,0.0
2023-09-07 02:00:00+00:00,0.0
2023-09-07 03:00:00+00:00,0.0
2023-09-07 04:00:00+00:00,0.0
2023-09-07 05:00:00+00:00,0.0
2023-09-07 06:00:00+00:00,0.0
2023-09-07 07:00:00+00:00,0.0
2023-09-07 08:00:00+00:00,0.0
2023-09-07 09:00:00+00:00,0.0
2023-09-07 10:00:00+00:00,0.0
2023-09-07 11:00:00+00:00,0.0
2023-09-07 12:00:00+00:00,0.0
2023-09-07 13:00:00+00:00,363.28933780955975
2023-09-07 14:00:00+00:00,468.78936351999
2023-09-07 15:00:00+00:00,527.6907867507333
2023-09-07 16:00:00+00:00,499.81898071831984
2023-09-07 17:00:00+00:00,378.104496853706
2023-09-07 18:00:00+00:00,39.43584019936647
2023-09-07 19:00:00+00:00,222.06351807437628
2023-09-07 20:00:00+00:00,184.92664465104102
2023-09-07 21:00:00+00:00,162.517630225711
2023-09-07 22:00:00+00:00,106.09115822450342
2023-09-07 23:00:00+00:00,67.8786779193363
2023-09-08 00:00:00+00:00,24.38897931822743
2023-09-08 01:00:00+00:00,0.0
2023-09-08 02:00:00+00:00,0.0
2023-09-08 03:00:00+00:00,0.0
2023-09-08 04:00:00+00:00,0.0
2023-09-08 05:00:00+00:00,0.0
2023-09-08 06:00:00+00:00,0.0
2023-09-08 07:00:00+00:00,0.0
2023-09-08 08:00:00+00:00,0.0
2023-09-08 09:00:00+00:00,0.0
2023-09-08 10:00:00+00:00,0.0
2023-09-08 11:00:00+00:00,0.0
2023-09-08 12:00:00+00:00,0.0
2023-09-08 13:00:00+00:00,255.40287609536395
2023-09-08 14:00:00+00:00,441.82687327680287
2023-09-08 15:00:00+00:00,462.2948325677556
2023-09-08 16:00:00+00:00,464.18011975065383
2023-09-08 17:00:00+00:00,327.7858786033794
2023-09-08 18:00:00+00:00,11.14851833598594
2023-09-08 19:00:00+00:00,227.2137576387847
2023-09-08 20:00:00+00:00,188.68118434673988
2023-09-08 21:00:00+00:00,142.79398007401397
2023-09-08 22:00:00+00:00,109.58947332191752
2023-09-08 23:00:00+00:00,69.74571410102804
2023-09-09 00:00:00+00:00,22.84225474333923
2023-09-09 01:00:00+00:00,0.0
2023-09-09 02:00:00+00:00,0.0
2023-09-09 03:00:00+00:00,0.0
2023-09-09 04:00:00+00:00,0.0
2023-09-09 05:00:00+00:00,0.0
2023-09-09 06:00:00+00:00,0.0
2023-09-09 07:00:00+00:00,0.0
2023-09-09 08:00:00+00:00,0.0
2023-09-09 09:00:00+00:00,0.0
2023-09-09 10:00:00+00:00,0.0
2023-09-09 11:00:00+00:00,0.0
2023-09-09 12:00:00+00:00,0.0
2023-09-09 13:00:00+00:00,256.22830428874755
2023-09-09 14:00:00+00:00,417.600772919172
2023-09-09 15:00:00+00:00,438.6334076338357
2023-09-09 16:00:00+00:00,421.01353304333725
2023-09-09 17:00:00+00:00,277.8620982681437
2023-09-09 18:00:00+00:00,0.0
2023-09-09 19:00:00+00:00,211.89166288729314
2023-09-09 20:00:00+00:00,195.5538855432918
2023-09-09 21:00:00+00:00,165.6204358876455
2023-09-09 22:00:00+00:00,157.18674530039195
2023-09-09 23:00:00+00:00,119.35824004605708
2023-09-10 00:00:00+00:00,13.002070248865786
2023-09-10 01:00:00+00:00,0.0
2023-09-10 02:00:00+00:00,0.0
2023-09-10 03:00:00+00:00,0.0
2023-09-10 04:00:00+00:00,0.0
2023-09-10 05:00:00+00:00,0.0
2023-09-10 06:00:00+00:00,0.0
2023-09-10 07:00:00+00:00,0.0
2023-09-10 08:00:00+00:00,0.0
2023-09-10 09:00:00+00:00,0.0
2023-09-10 10:00:00+00:00,0.0
2023-09-10 11:00:00+00:00,0.0
2023-09-10 12:00:00+00:00,0.0
2023-09-10 13:00:00+00:00,163.9690525076831
2023-09-10 14:00:00+00:00,187.99327532199257
2023-09-10 15:00:00+00:00,219.57526084541826
2023-09-10 16:00:00+00:00,210.57884757291959
2023-09-10 17:00:00+00:00,155.39432308427692
2023-09-10 18:00:00+00:00,0.0
2023-09-10 19:00:00+00:00,132.05236000037536
2023-09-10 20:00:00+00:00,135.85841795281337
2023-09-10 21:00:00+00:00,101.65054498829282
2023-09-10 22:00:00+00:00,109.02287505746483
2023-09-10 23:00:00+00:00,67.50843897559116
2023-09-11 00:00:00+00:00,0.0
2023-09-11 01:00:00+00:00,0.0
2023-09-11 02:00:00+00:00,0.0
2023-09-11 03:00:00+00:00,0.0
2023-09-11 04:00:00+00:00,0.0
2023-09-11 05:00:00+00:00,0.0
2023-09-11 06:00:00+00:00,0.0
2023-09-11 07:00:00+00:00,0.0
2023-09-11 08:00:00+00:00,0.0
2023-09-11 09:00:00+00:00,0.0
2023-09-11 10:00:00+00:00,0.0
2023-09-11 11:00:00+00:00,0.0
2023-09-11 12:00:00+00:00,0.0
2023-09-11 13:00:00+00:00,127.40054858725016
2023-09-11 14:00:00+00:00,135.58548831100163
2023-09-11 15:00:00+00:00,228.6343415016573
2023-09-11 16:00:00+00:00,257.220763996264
2023-09-11 17:00:00+00:00,198.82728696560852
2023-09-11 18:00:00+00:00,0.0
2023-09-11 19:00:00+00:00,223.2274138034502
2023-09-11 20:00:00+00:00,210.29132511277626
2023-09-11 21:00:00+00:00,199.30926614907196
2023-09-11 22:00:00+00:00,170.87387581109775
2023-09-11 23:00:00+00:00,124.72696178392505
2023-09-12 00:00:00+00:00,26.958669698441657
2023-09-12 01:00:00+00:00,0.0
2023-09-12 02:00:00+00:00,0.0
2023-09-12 03:00:00+00:00,0.0
2023-09-12 04:00:00+00:00,0.0
2023-09-12 05:00:00+00:00,0.0
2023-09-12 06:00:00+00:00,0.0
2023-09-12 07:00:00+00:00,0.0
2023-09-12 08:00:00+00:00,0.0
2023-09-12 09:00:00+00:00,0.0
2023-09-12 10:00:00+00:00,0.0
2023-09-12 11:00:00+00:00,0.0
2023-09-12 12:00:00+00:00,0.0
2023-09-12 13:00:00+00:00,128.16530292557073
2023-09-12 14:00:00+00:00,246.90666984999166
2023-09-12 15:00:00+00:00,278.4198462908289
2023-09-12 16:00:00+00:00,243.07011039952144
2023-09-12 17:00:00+00:00,153.27049616483507
2023-09-12 18:00:00+00:00,0.0
2023-09-12 19:00:00+00:00,147.30260753915027
2023-09-12 20:00:00+00:00,149.33498722066017
2023-09-12 21:00:00+00:00,128.39617676069835
2023-09-12 22:00:00+00:00,112.49111569030366
2023-09-12 23:00:00+00:00,67.41286802471339
2023-09-13 00:00:00+00:00,7.419009618500133
2023-09-13 01:00:00+00:00,0.0
2023-09-13 02:00:00+00:00,0.0
2023-09-13 03:00:00+00:00,0.0
2023-09-13 04:00:00+00:00,0.0
2023-09-13 05:00:00+00:00,0.0
2023-09-13 06:00:00+00:00,0.0
2023-09-13 07:00:00+00:00,0.0
2023-09-13 08:00:00+00:00,0.0
2023-09-13 09:00:00+00:00,0.0
2023-09-13 10:00:00+00:00,0.0
2023-09-13 11:00:00+00:00,0.0
2023-09-13 12:00:00+00:00,0.0
2023-09-13 13:00:00+00:00,174.17543533479815
2023-09-13 14:00:00+00:00,242.44224819648574
2023-09-13 15:00:00+00:00,305.46292108286616
2023-09-13 16:00:00+00:00,285.8614409676432
2023-09-13 17:00:00+00:00,199.1107461018452
2023-09-13 18:00:00+00:00,0.0
2023-09-13 19:00:00+00:00,171.7731029364888
2023-09-13 20:00:00+00:00,157.54857384953425
2023-09-13 21:00:00+00:00,148.40731646628146
2023-09-13 22:00:00+00:00,110.23922327545024
2023-09-13 23:00:00+00:00,96.04554679802277
2023-09-14 00:00:00+00:00,11.318309946362218
2023-09-14 01:00:00+00:00,0.0
2023-09-14 02:00:00+00:00,0.0
2023-09-14 03:00:00+00:00,0.0
2023-09-14 04:00:00+00:00,0.0
2023-09-14 05:00:00+00:00,0.0
2023-09-14 06:00:00+00:00,0.0
2023-09-14 07:00:00+00:00,0.0
2023-09-14 08:00:00+00:00,0.0
2023-09-14 09:00:00+00:00,0.0
2023-09-14 10:00:00+00:00,0.0
2023-09-14 11:00:00+00:00,0.0
2023-09-14 12:00:00+00:00,0.0
2023-09-14 13:00:00+00:00,128.12462295272644
2023-09-14 14:00:00+00:00,309.4418742428017
2023-09-14 15:00:00+00:00,411.4704813451937
2023-09-14 16:00:00+00:00,382.7505231867105
2023-09-14 17:00:00+00:00,286.69751420077034
2023-09-14 18:00:00+00:00,0.0
2023-09-14 19:00:00+00:00,254.92778957745574
2023-09-14 20:00:00+00:00,240.59008841429167
2023-09-14 21:00:00+00:00,228.87062262931533
2023-09-14 22:00:00+00:00,183.13544837707283
2023-09-14 23:00:00+00:00,86.89322861906327
2023-09-15 00:00:00+00:00,0.0
2023-09-15 01:00:00+00:00,0.0
2023-09-15 02:00:00+00:00,0.0
2023-09-15 03:00:00+00:00,0.0
2023-09-15 04:00:00+00:00,0.0
2023-09-15 05:00:00+00:00,0.0
2023-09-15 06:00:00+00:00,0.0
2023-09-15 07:00:00+00:00,0.0
2023-09-15 08:00:00+00:00,0.0
2023-09-15 09:00:00+00:00,0.0
2023-09-15 10:00:00+00:00,0.0
2023-09-15 11:00:00+00:00,0.0
2023-09-15 12:00:00+00:00,0.0
2023-09-15 13:00:00+00:00,257.47939611541676
2023-09-15 14:00:00+00:00,425.0572959027623
2023-09-15 15:00:00+00:00,510.1695834578232
2023-09-15 16:00:00+00:00,461.3503618398316
2023-09-15 17:00:00+00:00,343.0922804492318
2023-09-15 18:00:00+00:00,0.0
2023-09-15 19:00:00+00:00,298.6209054798076
2023-09-15 20:00:00+00:00,265.70063597150687
2023-09-15 21:00:00+00:00,232.43336566276034
2023-09-15 22:00:00+00:00,167.37725006553418
2023-09-15 23:00:00+00:00,103.44068225754518
2023-09-16 00:00:00+00:00,10.087694786055598
2023-09-16 01:00:00+00:00,0.0
2023-09-16 02:00:00+00:00,0.0
2023-09-16 03:00:00+00:00,0.0
2023-09-16 04:00:00+00:00,0.0
2023-09-16 05:00:00+00:00,0.0
2023-09-16 06:00:00+00:00,0.0
2023-09-16 07:00:00+00:00,0.0
2023-09-16 08:00:00+00:00,0.0
2023-09-16 09:00:00+00:00,0.0
2023-09-16 10:00:00+00:00,0.0
2023-09-16 11:00:00+00:00,0.0
2023-09-16 12:00:00+00:00,0.0
2023-09-16 13:00:00+00:00,47.73769269415785
2023-09-16 14:00:00+00:00,300.36024353277395
2023-09-16 15:00:00+00:00,384.65251533792
2023-09-16 16:00:00+00:00,343.52161645118866
2023-09-16 17:00:00+00:00,272.55112430253547
2023-09-16 18:00:00+00:00,0.0
2023-09-16 19:00:00+00:00,248.12385436574755
2023-09-16 20:00:00+00:00,217.3619470440037
2023-09-16 21:00:00+00:00,228.37060171493235
2023-09-16 22:00:00+00:00,164.00805409130223
2023-09-16 23:00:00+00:00,80.89392335391784
2023-09-17 00:00:00+00:00,0.0
2023-09-17 01:00:00+00:00,0.0
2023-09-17 02:00:00+00:00,0.0
2023-09-17 03:00:00+00:00,0.0
2023-09-17 04:00:00+00:00,0.0
2023-09-17 05:00:00+00:00,0.0
2023-09-17 06:00:00+00:00,0.0
2023-09-17 07:00:00+00:00,0.0
2023-09-17 08:00:00+00:00,0.0
2023-09-17 09:00:00+00:00,0.0
2023-09-17 10:00:00+00:00,0.0
2023-09-17 11:00:00+00:00,0.0
2023-09-17 12:00:00+00:00,0.0
2023-09-17 13:00:00+00:00,173.17944988670607
2023-09-17 14:00:00+00:00,350.8852785614735
2023-09-17 15:00:00+00:00,382.18663713788516
2023-09-17 16:00:00+00:00,408.89375841258084
2023-09-17 17:00:00+00:00,277.5300069729495
2023-09-17 18:00:00+00:00,0.0
2023-09-17 19:00:00+00:00,275.61195113411645
2023-09-17 20:00:00+00:00,219.08668416527198
2023-09-17 21:00:00+00:00,177.92260709911113
2023-09-17 22:00:00+00:00,146.892785010656
2023-09-17 23:00:00+00:00,78.85715127031182
2023-09-18 00:00:00+00:00,9.839234773933237
2023-09-18 01:00:00+00:00,0.0
2023-09-18 02:00:00+00:00,0.0
2023-09-18 03:00:00+00:00,0.0
2023-09-18 04:00:00+00:00,0.0
2023-09-18 05:00:00+00:00,0.0
2023-09-18 06:00:00+00:00,0.0
2023-09-18 07:00:00+00:00,0.0
2023-09-18 08:00:00+00:00,0.0
2023-09-18 09:00:00+00:00,0.0
2023-09-18 10:00:00+00:00,0.0
2023-09-18 11:00:00+00:00,0.0
2023-09-18 12:00:00+00:00,0.0
2023-09-18 13:00:00+00:00,258.56932636066705
2023-09-18 14:00:00+00:00,429.1313642979449
2023-09-18 15:00:00+00:00,537.2926114129918
2023-09-18 16:00:00+00:00,453.19958764633446
2023-09-18 17:00:00+00:00,289.1099416190373
2023-09-18 18:00:00+00:00,0.0
2023-09-18 19:00:00+00:00,278.05186050773415
2023-09-18 20:00:00+00:00,266.4619601294516
2023-09-18 21:00:00+00:00,261.06595891603234
2023-09-18 22:00:00+00:00,179.4691782655315
2023-09-18 23:00:00+00:00,120.64407508681347
2023-09-19 00:00:00+00:00,24.43955892409565
2023-09-19 01:00:00+00:00,0.0
2023-09-19 02:00:00+00:00,0.0
2023-09-19 03:00:00+00:00,0.0
2023-09-19 04:00:00+00:00,0.0
2023-09-19 05:00:00+00:00,0.0
2023-09-19 06:00:00+00:00,0.0
2023-09-19 07:00:00+00:00,0.0
2023-09-19 08:00:00+00:00,0.0
2023-09-19 09:00:00+00:00,0.0
2023-09-19 10:00:00+00:00,0.0
2023-09-19 11:00:00+00:00,0.0
2023-09-19 12:00:00+00:00,0.0
2023-09-19 13:00:00+00:00,0.0
2023-09-19 14:00:00+00:00,432.12905660844416
2023-09-19 15:00:00+00:00,531.5797025960225
2023-09-19 16:00:00+00:00,460.06302587823683
2023-09-19 17:00:00+00:00,313.821799853129
2023-09-19 18:00:00+00:00,0.0
2023-09-19 19:00:00+00:00,310.44839872816607
2023-09-19 20:00:00+00:00,273.67316088353715
2023-09-19 21:00:00+00:00,225.90096643776886
2023-09-19 22:00:00+00:00,190.21512085850824
2023-09-19 23:00:00+00:00,75.42448590060893
2023-09-20 00:00:00+00:00,0.0
2023-09-20 01:00:00+00:00,0.0
2023-09-20 02:00:00+00:00,0.0
2023-09-20 03:00:00+00:00,0.0
2023-09-20 04:00:00+00:00,0.0
2023-09-20 05:00:00+00:00,0.0
2023-09-20 06:00:00+00:00,0.0
2023-09-20 07:00:00+00:00,0.0
2023-09-20 08:00:00+00:00,0.0
2023-09-20 09:00:00+00:00,0.0
2023-09-20 10:00:00+00:00,0.0
2023-09-20 11:00:00+00:00,0.0
2023-09-20 12:00:00+00:00,0.0
2023-09-20 13:00:00+00:00,0.0
2023-09-20 14:00:00+00:00,360.7229069789376
2023-09-20 15:00:00+00:00,411.3961337415297
2023-09-20 16:00:00+00:00,362.74889731922786
2023-09-20 17:00:00+00:00,214.8068035362245
2023-09-20 18:00:00+00:00,0.0
2023-09-20 19:00:00+00:00,247.33491232888716
2023-09-20 20:00:00+00:00,236.26474027667132
2023-09-20 21:00:00+00:00,181.30009507185991
2023-09-20 22:00:00+00:00,120.85808022011486
2023-09-20 23:00:00+00:00,59.129121160046054
2023-09-21 00:00:00+00:00,0.0
2023-09-21 01:00:00+00:00,0.0
2023-09-21 02:00:00+00:00,0.0
2023-09-21 03:00:00+00:00,0.0
2023-09-21 04:00:00+00:00,0.0
2023-09-21 05:00:00+00:00,0.0
2023-09-21 06:00:00+00:00,0.0
2023-09-21 07:00:00+00:00,0.0
2023-09-21 08:00:00+00:00,0.0
2023-09-21 09:00:00+00:00,0.0
2023-09-21 10:00:00+00:00,0.0
2023-09-21 11:00:00+00:00,0.0
2023-09-21 12:00:00+00:00,0.0
2023-09-21 13:00:00+00:00,0.0
2023-09-21 14:00:00+00:00,390.3244521957808
2023-09-21 15:00:00+00:00,424.32365314989755
2023-09-21 16:00:00+00:00,404.15418684750426
2023-09-21 17:00:00+00:00,286.71472625483125
2023-09-21 18:00:00+00:00,0.0
2023-09-21 19:00:00+00:00,322.2695285513765
2023-09-21 20:00:00+00:00,316.7706708678341
2023-09-21 21:00:00+00:00,260.81823128256815
2023-09-21 22:00:00+00:00,211.27581571593544
2023-09-21 23:00:00+00:00,121.45640230217265
2023-09-22 00:00:00+00:00,10.126149152431179
2023-09-22 01:00:00+00:00,0.0
2023-09-22 02:00:00+00:00,0.0
2023-09-22 03:00:00+00:00,0.0
2023-09-22 04:00:00+00:00,0.0
2023-09-22 05:00:00+00:00,0.0
2023-09-22 06:00:00+00:00,0.0
2023-09-22 07:00:00+00:00,0.0
2023-09-22 08:00:00+00:00,0.0
2023-09-22 09:00:00+00:00,0.0
2023-09-22 10:00:00+00:00,0.0
2023-09-22 11:00:00+00:00,0.0
2023-09-22 12:00:00+00:00,0.0
2023-09-22 13:00:00+00:00,0.0
2023-09-22 14:00:00+00:00,508.80586366491207
2023-09-22 15:00:00+00:00,494.1422395187669
2023-09-22 16:00:00+00:00,434.55043233843395
2023-09-22 17:00:00+00:00,276.3475527029687
2023-09-22 18:00:00+00:00,316.4048843487963
2023-09-22 19:00:00+00:00,284.61258911897716
2023-09-22 20:00:00+00:00,261.50813491756026
2023-09-22 21:00:00+00:00,208.31290585471183
2023-09-22 22:00:00+00:00,168.567654949174
2023-09-22 23:00:00+00:00,99.34693434475979
2023-09-23 00:00:00+00:00,0.0
2023-09-23 01:00:00+00:00,0.0
2023-09-23 02:00:00+00:00,0.0
2023-09-23 03:00:00+00:00,0.0
2023-09-23 04:00:00+00:00,0.0
2023-09-23 05:00:00+00:00,0.0
2023-09-23 06:00:00+00:00,0.0
2023-09-23 07:00:00+00:00,0.0
2023-09-23 08:00:00+00:00,0.0
2023-09-23 09:00:00+00:00,0.0
2023-09-23 10:00:00+00:00,0.0
2023-09-23 11:00:00+00:00,0.0
2023-09-23 12:00:00+00:00,0.0
2023-09-23 13:00:00+00:00,0.0
2023-09-23 14:00:00+00:00,496.01614849111337
2023-09-23 15:00:00+00:00,492.8403414858114
2023-09-23 16:00:00+00:00,431.0592564664928
2023-09-23 17:00:00+00:00,286.3272627221849
2023-09-23 18:00:00+00:00,373.81423298077124
2023-09-23 19:00:00+00:00,318.44205359403935
2023-09-23 20:00:00+00:00,303.2542004568296
2023-09-23 21:00:00+00:00,242.91643329180874
2023-09-23 22:00:00+00:00,208.3168321343716
2023-09-23 23:00:00+00:00,138.01547700947148
2023-09-24 00:00:00+00:00,13.960170467727046
2023-09-24 01:00:00+00:00,0.0
2023-09-24 02:00:00+00:00,0.0
2023-09-24 03:00:00+00:00,0.0
2023-09-24 04:00:00+00:00,0.0
2023-09-24 05:00:00+00:00,0.0
2023-09-24 06:00:00+00:00,0.0
2023-09-24 07:00:00+00:00,0.0
2023-09-24 08:00:00+00:00,0.0
2023-09-24 09:00:00+00:00,0.0
2023-09-24 10:00:00+00:00,0.0
2023-09-24 11:00:00+00:00,0.0
2023-09-24 12:00:00+00:00,0.0
2023-09-24 13:00:00+00:00,0.0
2023-09-24 14:00:00+00:00,542.0240914478685
2023-09-24 15:00:00+00:00,589.4067518803641
2023-09-24 16:00:00+00:00,523.0492201524248
2023-09-24 17:00:00+00:00,335.3082612158126
2023-09-24 18:00:00+00:00,437.9902808469457
2023-09-24 19:00:00+00:00,376.491792993057
2023-09-24 20:00:00+00:00,339.12718687394914
2023-09-24 21:00:00+00:00,313.03449554454295
2023-09-24 22:00:00+00:00,257.6834167703209
2023-09-24 23:00:00+00:00,170.2677055985064
2023-09-25 00:00:00+00:00,13.346175753370064
2023-09-25 01:00:00+00:00,0.0
2023-09-25 02:00:00+00:00,0.0
2023-09-25 03:00:00+00:00,0.0
2023-09-25 04:00:00+00:00,0.0
2023-09-25 05:00:00+00:00,0.0
2023-09-25 06:00:00+00:00,0.0
2023-09-25 07:00:00+00:00,0.0
2023-09-25 08:00:00+00:00,0.0
2023-09-25 09:00:00+00:00,0.0
2023-09-25 10:00:00+00:00,0.0
2023-09-25 11:00:00+00:00,0.0
2023-09-25 12:00:00+00:00,0.0
2023-09-25 13:00:00+00:00,0.0
2023-09-25 14:00:00+00:00,561.7256221570984
2023-09-25 15:00:00+00:00,534.4716779022145
2023-09-25 16:00:00+00:00,511.922799145801
2023-09-25 17:00:00+00:00,323.0571953890547
2023-09-25 18:00:00+00:00,428.761892117968
2023-09-25 19:00:00+00:00,369.2415756007031
2023-09-25 20:00:00+00:00,351.2089212597102
2023-09-25 21:00:00+00:00,319.3953261326664
2023-09-25 22:00:00+00:00,268.22467791873106
2023-09-25 23:00:00+00:00,156.64192817558842
2023-09-26 00:00:00+00:00,12.281341097620853
2023-09-26 01:00:00+00:00,0.0
2023-09-26 02:00:00+00:00,0.0
2023-09-26 03:00:00+00:00,0.0
2023-09-26 04:00:00+00:00,0.0
2023-09-26 05:00:00+00:00,0.0
2023-09-26 06:00:00+00:00,0.0
2023-09-26 07:00:00+00:00,0.0
2023-09-26 08:00:00+00:00,0.0
2023-09-26 09:00:00+00:00,0.0
2023-09-26 10:00:00+00:00,0.0
2023-09-26 11:00:00+00:00,0.0
2023-09-26 12:00:00+00:00,0.0
2023-09-26 13:00:00+00:00,0.0
2023-09-26 14:00:00+00:00,558.2715792054587
2023-09-26 15:00:00+00:00,583.709789084354
2023-09-26 16:00:00+00:00,521.1054754203661
2023-09-26 17:00:00+00:00,318.8865997453521
2023-09-26 18:00:00+00:00,424.3366588888985
2023-09-26 19:00:00+00:00,388.1154435925087
2023-09-26 20:00:00+00:00,357.25870270515423
2023-09-26 21:00:00+00:00,319.54132417678073
2023-09-26 22:00:00+00:00,264.6010427103586
2023-09-26 23:00:00+00:00,166.84870796469525
2023-09-27 00:00:00+00:00,0.0
2023-09-27 01:00:00+00:00,0.0
2023-09-27 02:00:00+00:00,0.0
2023-09-27 03:00:00+00:00,0.0
2023-09-27 04:00:00+00:00,0.0
2023-09-27 05:00:00+00:00,0.0
2023-09-27 06:00:00+00:00,0.0
2023-09-27 07:00:00+00:00,0.0
2023-09-27 08:00:00+00:00,0.0
2023-09-27 09:00:00+00:00,0.0
2023-09-27 10:00:00+00:00,0.0
2023-09-27 11:00:00+00:00,0.0
2023-09-27 12:00:00+00:00,0.0
2023-09-27 13:00:00+00:00,0.0
2023-09-27 14:00:00+00:00,406.55616671519624
2023-09-27 15:00:00+00:00,423.80600067159
2023-09-27 16:00:00+00:00,388.9458501167274
2023-09-27 17:00:00+00:00,219.00317435633838
2023-09-27 18:00:00+00:00,319.18766288768916
2023-09-27 19:00:00+00:00,262.62191279057475
2023-09-27 20:00:00+00:00,259.49645379618795
2023-09-27 21:00:00+00:00,230.98398463852428
2023-09-27 22:00:00+00:00,187.71725806048144
2023-09-27 23:00:00+00:00,110.56631861071965
2023-09-28 00:00:00+00:00,11.345006727389132
2023-09-28 01:00:00+00:00,0.0
2023-09-28 02:00:00+00:00,0.0
2023-09-28 03:00:00+00:00,0.0
2023-09-28 04:00:00+00:00,0.0
2023-09-28 05:00:00+00:00,0.0
2023-09-28 06:00:00+00:00,0.0
2023-09-28 07:00:00+00:00,0.0
2023-09-28 08:00:00+00:00,0.0
2023-09-28 09:00:00+00:00,0.0
2023-09-28 10:00:00+00:00,0.0
2023-09-28 11:00:00+00:00,0.0
2023-09-28 12:00:00+00:00,0.0
2023-09-28 13:00:00+00:00,0.0
2023-09-28 14:00:00+00:00,492.15120849748996
2023-09-28 15:00:00+00:00,572.8110302520435
2023-09-28 16:00:00+00:00,483.7965394186356
2023-09-28 17:00:00+00:00,280.28286108304127
2023-09-28 18:00:00+00:00,410.51591215909576
2023-09-28 19:00:00+00:00,356.73143950752984
2023-09-28 20:00:00+00:00,333.3572690556903
2023-09-28 21:00:00+00:00,275.1976763679208
2023-09-28 22:00:00+00:00,230.41779162846163
2023-09-28 23:00:00+00:00,143.45353943652614
2023-09-29 00:00:00+00:00,22.296213503228582
2023-09-29 01:00:00+00:00,0.0
2023-09-29 02:00:00+00:00,0.0
2023-09-29 03:00:00+00:00,0.0
2023-09-29 04:00:00+00:00,0.0
2023-09-29 05:00:00+00:00,0.0
2023-09-29 06:00:00+00:00,0.0
2023-09-29 07:00:00+00:00,0.0
2023-09-29 08:00:00+00:00,0.0
2023-09-29 09:00:00+00:00,0.0
2023-09-29 10:00:00+00:00,0.0
2023-09-29 11:00:00+00:00,0.0
2023-09-29 12:00:00+00:00,0.0
2023-09-29 13:00:00+00:00,0.0
2023-09-29 14:00:00+00:00,503.9915162802924
2023-09-29 15:00:00+00:00,574.1640198431685
2023-09-29 16:00:00+00:00,488.36653354257095
2023-09-29 17:00:00+00:00,285.67519403771786
2023-09-29 18:00:00+00:00,391.3938630114733
2023-09-29 19:00:00+00:00,376.161854478864
2023-09-29 20:00:00+00:00,350.47986970599914
2023-09-29 21:00:00+00:00,312.93480132542317
2023-09-29 22:00:00+00:00,259.89108786858134
2023-09-29 23:00:00+00:00,163.96006167513374
2023-09-30 00:00:00+00:00,10.806019318578608
2023-09-30 01:00:00+00:00,0.0
2023-09-30 02:00:00+00:00,0.0
2023-09-30 03:00:00+00:00,0.0
2023-09-30 04:00:00+00:00,0.0
2023-09-30 05:00:00+00:00,0.0
2023-09-30 06:00:00+00:00,0.0
2023-09-30 07:00:00+00:00,0.0
2023-09-30 08:00:00+00:00,0.0
2023-09-30 09:00:00+00:00,0.0
2023-09-30 10:00:00+00:00,0.0
2023-09-30 11:00:00+00:00,0.0
2023-09-30 12:00:00+00:00,0.0
2023-09-30 13:00:00+00:00,0.0
2023-09-30 14:00:00+00:00,564.1517417490801
2023-09-30 15:00:00+00:00,613.8148948449673
2023-09-30 16:00:00+00:00,527.3266917817947
2023-09-30 17:00:00+00:00,301.41336004131125
2023-09-30 18:00:00+00:00,452.2201730430984
2023-09-30 19:00:00+00:00,414.054956032988
2023-09-30 20:00:00+00:00,376.7780033832814
2023-09-30 21:00:00+00:00,345.1947683076764
2023-09-30 22:00:00+00:00,282.27586050851886
2023-09-30 23:00:00+00:00,172.2909153832536
2023-10-01 00:00:00+00:00,0.0
2023-10-01 01:00:00+00:00,0.0
2023-10-01 02:00:00+00:00,0.0
2023-10-01 03:00:00+00:00,0.0
2023-10-01 04:00:00+00:00,0.0
2023-10-01 05:00:00+00:00,0.0
2023-10-01 06:00:00+00:00,0.0
2023-10-01 07:00:00+00:00,0.0
2023-10-01 08:00:00+00:00,0.0
2023-10-01 09:00:00+00:00,0.0
2023-10-01 10:00:00+00:00,0.0
2023-10-01 11:00:00+00:00,0.0
2023-10-01 12:00:00+00:00,0.0
2023-10-01 13:00:00+00:00,0.0
2023-10-01 14:00:00+00:00,501.2038732883272
2023-10-01 15:00:00+00:00,587.4770614388592
2023-10-01 16:00:00+00:00,519.6467875811168
2023-10-01 17:00:00+00:00,293.1339485981553
2023-10-01 18:00:00+00:00,419.90726313003825
2023-10-01 19:00:00+00:00,381.4401339902785
2023-10-01 20:00:00+00:00,361.817370142445
2023-10-01 21:00:00+00:00,330.60012306326445
2023-10-01 22:00:00+00:00,256.63602209656
2023-10-01 23:00:00+00:00,138.77236217074736
2023-10-02 00:00:00+00:00,0.0
2023-10-02 01:00:00+00:00,0.0
2023-10-02 02:00:00+00:00,0.0
2023-10-02 03:00:00+00:00,0.0
2023-10-02 04:00:00+00:00,0.0
2023-10-02 05:00:00+00:00,0.0
2023-10-02 06:00:00+00:00,0.0
2023-10-02 07:00:00+00:00,0.0
2023-10-02 08:00:00+00:00,0.0
2023-10-02 09:00:00+00:00,0.0
2023-10-02 10:00:00+00:00,0.0
2023-10-02 11:00:00+00:00,0.0
2023-10-02 12:00:00+00:00,0.0
2023-10-02 13:00:00+00:00,0.0
2023-10-02 14:00:00+00:00,489.7785354977998
2023-10-02 15:00:00+00:00,586.8146752433632
2023-10-02 16:00:00+00:00,507.3254727194883
2023-10-02 17:00:00+00:00,263.4439984718135
2023-10-02 18:00:00+00:00,423.8979396119825
2023-10-02 19:00:00+00:00,368.47469721245244
2023-10-02 20:00:00+00:00,329.7779571758013
2023-10-02 21:00:00+00:00,262.6759202781176
2023-10-02 22:00:00+00:00,230.97749745421183
2023-10-02 23:00:00+00:00,139.09225501177627
2023-10-03 00:00:00+00:00,0.0
2023-10-03 01:00:00+00:00,0.0
2023-10-03 02:00:00+00:00,0.0
2023-10-03 03:00:00+00:00,0.0
2023-10-03 04:00:00+00:00,0.0
2023-10-03 05:00:00+00:00,0.0
2023-10-03 06:00:00+00:00,0.0
2023-10-03 07:00:00+00:00,0.0
2023-10-03 08:00:00+00:00,0.0
2023-10-03 09:00:00+00:00,0.0
2023-10-03 10:00:00+00:00,0.0
2023-10-03 11:00:00+00:00,0.0
2023-10-03 12:00:00+00:00,0.0
2023-10-03 13:00:00+00:00,0.0
2023-10-03 14:00:00+00:00,484.8482518968743
2023-10-03 15:00:00+00:00,572.7355189729243
2023-10-03 16:00:00+00:00,482.2431375318047
2023-10-03 17:00:00+00:00,245.0256710763601
2023-10-03 18:00:00+00:00,378.3508480350378
2023-10-03 19:00:00+00:00,353.2226364731799
2023-10-03 20:00:00+00:00,280.56591653098025
2023-10-03 21:00:00+00:00,264.54310391917426
2023-10-03 22:00:00+00:00,214.64506293107135
2023-10-03 23:00:00+00:00,121.05837870285836
2023-10-04 00:00:00+00:00,0.0
2023-10-04 01:00:00+00:00,0.0
2023-10-04 02:00:00+00:00,0.0
2023-10-04 03:00:00+00:00,0.0
2023-10-04 04:00:00+00:00,0.0
2023-10-04 05:00:00+00:00,0.0
2023-10-04 06:00:00+00:00,0.0
2023-10-04 07:00:00+00:00,0.0
2023-10-04 08:00:00+00:00,0.0
2023-10-04 09:00:00+00:00,0.0
2023-10-04 10:00:00+00:00,0.0
2023-10-04 11:00:00+00:00,0.0
2023-10-04 12:00:00+00:00,0.0
2023-10-04 13:00:00+00:00,0.0
2023-10-04 14:00:00+00:00,400.02736371181754
2023-10-04 15:00:00+00:00,464.6818827800889
2023-10-04 16:00:00+00:00,402.2424814263874
2023-10-04 17:00:00+00:00,193.2932560318399
2023-10-04 18:00:00+00:00,360.4299925429939
2023-10-04 19:00:00+00:00,294.25333784199955
2023-10-04 20:00:00+00:00,287.9076576962905
2023-10-04 21:00:00+00:00,245.31107718832956
2023-10-04 22:00:00+00:00,210.99995969138172
2023-10-04 23:00:00+00:00,130.74536475794125
2023-10-05 00:00:00+00:00,0.0
2023-10-05 01:00:00+00:00,0.0
2023-10-05 02:00:00+00:00,0.0
2023-10-05 03:00:00+00:00,0.0
2023-10-05 04:00:00+00:00,0.0
2023-10-05 05:00:00+00:00,0.0
2023-10-05 06:00:00+00:00,0.0
2023-10-05 07:00:00+00:00,0.0
2023-10-05 08:00:00+00:00,0.0
2023-10-05 09:00:00+00:00,0.0
2023-10-05 10:00:00+00:00,0.0
2023-10-05 11:00:00+00:00,0.0
2023-10-05 12:00:00+00:00,0.0
2023-10-05 13:00:00+00:00,0.0
2023-10-05 14:00:00+00:00,390.67658775927794
2023-10-05 15:00:00+00:00,481.80666965069446
2023-10-05 16:00:00+00:00,407.5485156521931
2023-10-05 17:00:00+00:00,195.7842671613396
2023-10-05 18:00:00+00:00,363.36793858952973
2023-10-05 19:00:00+00:00,325.6421119473757
2023-10-05 20:00:00+00:00,302.109438230808
2023-10-05 21:00:00+00:00,275.2938609603803
2023-10-05 22:00:00+00:00,209.7701376000308
2023-10-05 23:00:00+00:00,119.00506365418578
2023-10-06 00:00:00+00:00,0.0
2023-10-06 01:00:00+00:00,0.0
2023-10-06 02:00:00+00:00,0.0
2023-10-06 03:00:00+00:00,0.0
2023-10-06 04:00:00+00:00,0.0
2023-10-06 05:00:00+00:00,0.0
2023-10-06 06:00:00+00:00,0.0
2023-10-06 07:00:00+00:00,0.0
2023-10-06 08:00:00+00:00,0.0
2023-10-06 09:00:00+00:00,0.0
2023-10-06 10:00:00+00:00,0.0
2023-10-06 11:00:00+00:00,0.0
2023-10-06 12:00:00+00:00,0.0
2023-10-06 13:00:00+00:00,0.0
2023-10-06 14:00:00+00:00,359.9005182086632
2023-10-06 15:00:00+00:00,374.5944037419022
2023-10-06 16:00:00+00:00,391.85865487740284
2023-10-06 17:00:00+00:00,162.361585021678
2023-10-06 18:00:00+00:00,324.5780328505214
2023-10-06 19:00:00+00:00,271.3282138847405
2023-10-06 20:00:00+00:00,272.71437504949
2023-10-06 21:00:00+00:00,259.16751486590147
2023-10-06 22:00:00+00:00,210.48368621385578
2023-10-06 23:00:00+00:00,92.3639812904932
2023-10-07 00:00:00+00:00,0.0
2023-10-07 01:00:00+00:00,0.0
2023-10-07 02:00:00+00:00,0.0
2023-10-07 03:00:00+00:00,0.0
2023-10-07 04:00:00+00:00,0.0
2023-10-07 05:00:00+00:00,0.0
2023-10-07 06:00:00+00:00,0.0
2023-10-07 07:00:00+00:00,0.0
2023-10-07 08:00:00+00:00,0.0
2023-10-07 09:00:00+00:00,0.0
2023-10-07 10:00:00+00:00,0.0
2023-10-07 11:00:00+00:00,0.0
2023-10-07 12:00:00+00:00,0.0
2023-10-07 13:00:00+00:00,0.0
2023-10-07 14:00:00+00:00,457.6851327037225
2023-10-07 15:00:00+00:00,510.2195498242018
2023-10-07 16:00:00+00:00,381.27874957035175
2023-10-07 17:00:00+00:00,137.35754224360002
2023-10-07 18:00:00+00:00,326.8492150476563
2023-10-07 19:00:00+00:00,299.5852702488247
2023-10-07 20:00:00+00:00,220.62709537927688
2023-10-07 21:00:00+00:00,173.4138442122147
2023-10-07 22:00:00+00:00,140.50608439624978
2023-10-07 23:00:00+00:00,59.23701684373227
2023-10-08 00:00:00+00:00,0.0
2023-10-08 01:00:00+00:00,0.0
2023-10-08 02:00:00+00:00,0.0
2023-10-08 03:00:00+00:00,0.0
2023-10-08 04:00:00+00:00,0.0
2023-10-08 05:00:00+00:00,0.0
2023-10-08 06:00:00+00:00,0.0
2023-10-08 07:00:00+00:00,0.0
2023-10-08 08:00:00+00:00,0.0
2023-10-08 09:00:00+00:00,0.0
2023-10-08 10:00:00+00:00,0.0
2023-10-08 11:00:00+00:00,0.0
2023-10-08 12:00:00+00:00,0.0
2023-10-08 13:00:00+00:00,0.0
2023-10-08 14:00:00+00:00,297.2247014975508
2023-10-08 15:00:00+00:00,336.21488554382216
2023-10-08 16:00:00+00:00,278.76948465610894
2023-10-08 17:00:00+00:00,133.23529353081383
2023-10-08 18:00:00+00:00,246.07049714884394
2023-10-08 19:00:00+00:00,237.3055386339823
2023-10-08 20:00:00+00:00,226.3144104257245
2023-10-08 21:00:00+00:00,225.10974329066025
2023-10-08 22:00:00+00:00,149.91364399648813
2023-10-08 23:00:00+00:00,54.292531315464146
2023-10-09 00:00:00+00:00,0.0
2023-10-09 01:00:00+00:00,0.0
2023-10-09 02:00:00+00:00,0.0
2023-10-09 03:00:00+00:00,0.0
2023-10-09 04:00:00+00:00,0.0
2023-10-09 05:00:00+00:00,0.0
2023-10-09 06:00:00+00:00,0.0
2023-10-09 07:00:00+00:00,0.0
2023-10-09 08:00:00+00:00,0.0
2023-10-09 09:00:00+00:00,0.0
2023-10-09 10:00:00+00:00,0.0
2023-10-09 11:00:00+00:00,0.0
2023-10-09 12:00:00+00:00,0.0
2023-10-09 13:00:00+00:00,0.0
2023-10-09 14:00:00+00:00,298.07990791950147
2023-10-09 15:00:00+00:00,265.31767420339173
2023-10-09 16:00:00+00:00,204.38479341096118
2023-10-09 17:00:00+00:00,92.52941858866883
2023-10-09 18:00:00+00:00,212.04446629091808
2023-10-09 19:00:00+00:00,236.70863745779866
2023-10-09 20:00:00+00:00,219.86061096603808
2023-10-09 21:00:00+00:00,202.44064737488316
2023-10-09 22:00:00+00:00,139.56709675803629
2023-10-09 23:00:00+00:00,25.839886133070014
2023-10-10 00:00:00+00:00,0.0
2023-10-10 01:00:00+00:00,0.0
2023-10-10 02:00:00+00:00,0.0
2023-10-10 03:00:00+00:00,0.0
2023-10-10 04:00:00+00:00,0.0
2023-10-10 05:00:00+00:00,0.0
2023-10-10 06:00:00+00:00,0.0
2023-10-10 07:00:00+00:00,0.0
2023-10-10 08:00:00+00:00,0.0
2023-10-10 09:00:00+00:00,0.0
2023-10-10 10:00:00+00:00,0.0
2023-10-10 11:00:00+00:00,0.0
2023-10-10 12:00:00+00:00,0.0
2023-10-10 13:00:00+00:00,0.0
2023-10-10 14:00:00+00:00,374.49390805247845
2023-10-10 15:00:00+00:00,406.39678868066613
2023-10-10 16:00:00+00:00,347.955200704173
2023-10-10 17:00:00+00:00,130.8925114306733
2023-10-10 18:00:00+00:00,274.45225842998207
2023-10-10 19:00:00+00:00,305.5400924262461
2023-10-10 20:00:00+00:00,293.51874507103133
2023-10-10 21:00:00+00:00,229.64337163363484
2023-10-10 22:00:00+00:00,196.61561391212317
2023-10-10 23:00:00+00:00,96.60222064964323
2023-10-11 00:00:00+00:00,0.0
2023-10-11 01:00:00+00:00,0.0
2023-10-11 02:00:00+00:00,0.0
2023-10-11 03:00:00+00:00,0.0
2023-10-11 04:00:00+00:00,0.0
2023-10-11 05:00:00+00:00,0.0
2023-10-11 06:00:00+00:00,0.0
2023-10-11 07:00:00+00:00,0.0
2023-10-11 08:00:00+00:00,0.0
2023-10-11 09:00:00+00:00,0.0
2023-10-11 10:00:00+00:00,0.0
2023-10-11 11:00:00+00:00,0.0
2023-10-11 12:00:00+00:00,0.0
2023-10-11 13:00:00+00:00,0.0
2023-10-11 14:00:00+00:00,472.08158845710244
2023-10-11 15:00:00+00:00,567.9583825118435
2023-10-11 16:00:00+00:00,446.33654936580797
2023-10-11 17:00:00+00:00,152.83985954877087
2023-10-11 18:00:00+00:00,379.3918042122646
2023-10-11 19:00:00+00:00,337.05443597415046
2023-10-11 20:00:00+00:00,269.3580185948671
2023-10-11 21:00:00+00:00,231.5677626455283
2023-10-11 22:00:00+00:00,180.73946529933923
2023-10-11 23:00:00+00:00,94.72908687656702
2023-10-12 00:00:00+00:00,0.0
2023-10-12 01:00:00+00:00,0.0
2023-10-12 02:00:00+00:00,0.0
2023-10-12 03:00:00+00:00,0.0
2023-10-12 04:00:00+00:00,0.0
2023-10-12 05:00:00+00:00,0.0
2023-10-12 06:00:00+00:00,0.0
2023-10-12 07:00:00+00:00,0.0
2023-10-12 08:00:00+00:00,0.0
2023-10-12 09:00:00+00:00,0.0
2023-10-12 10:00:00+00:00,0.0
2023-10-12 11:00:00+00:00,0.0
2023-10-12 12:00:00+00:00,0.0
2023-10-12 13:00:00+00:00,0.0
2023-10-12 14:00:00+00:00,433.0489509654412
2023-10-12 15:00:00+00:00,477.4387277516089
2023-10-12 16:00:00+00:00,376.59231868189954
2023-10-12 17:00:00+00:00,113.35416553638059
2023-10-12 18:00:00+00:00,354.626879695442
2023-10-12 19:00:00+00:00,334.23369659399435
2023-10-12 20:00:00+00:00,300.01265531663734
2023-10-12 21:00:00+00:00,254.2144377856233
2023-10-12 22:00:00+00:00,206.85216898451108
2023-10-12 23:00:00+00:00,113.77407830497452
2023-10-13 00:00:00+00:00,0.0
2023-10-13 01:00:00+00:00,0.0
2023-10-13 02:00:00+00:00,0.0
2023-10-13 03:00:00+00:00,0.0
2023-10-13 04:00:00+00:00,0.0
2023-10-13 05:00:00+00:00,0.0
2023-10-13 06:00:00+00:00,0.0
2023-10-13 07:00:00+00:00,0.0
2023-10-13 08:00:00+00:00,0.0
2023-10-13 09:00:00+00:00,0.0
2023-10-13 10:00:00+00:00,0.0
2023-10-13 11:00:00+00:00,0.0
2023-10-13 12:00:00+00:00,0.0
2023-10-13 13:00:00+00:00,0.0
2023-10-13 14:00:00+00:00,412.0626406350622
2023-10-13 15:00:00+00:00,486.33865992393186
2023-10-13 16:00:00+00:00,447.5966039659015
2023-10-13 17:00:00+00:00,148.31932227885622
2023-10-13 18:00:00+00:00,409.09002220600496
2023-10-13 19:00:00+00:00,356.67113244844313
2023-10-13 20:00:00+00:00,331.1588595141988
2023-10-13 21:00:00+00:00,281.5944753156314
2023-10-13 22:00:00+00:00,219.08262669825308
2023-10-13 23:00:00+00:00,116.47962219074657
2023-10-14 00:00:00+00:00,0.0
2023-10-14 01:00:00+00:00,0.0
2023-10-14 02:00:00+00:00,0.0
2023-10-14 03:00:00+00:00,0.0
2023-10-14 04:00:00+00:00,0.0
2023-10-14 05:00:00+00:00,0.0
2023-10-14 06:00:00+00:00,0.0
2023-10-14 07:00:00+00:00,0.0
2023-10-14 08:00:00+00:00,0.0
2023-10-14 09:00:00+00:00,0.0
2023-10-14 10:00:00+00:00,0.0
2023-10-14 11:00:00+00:00,0.0
2023-10-14 12:00:00+00:00,0.0
2023-10-14 13:00:00+00:00,0.0
2023-10-14 14:00:00+00:00,469.4839441635385
2023-10-14 15:00:00+00:00,495.26986727380677
2023-10-14 16:00:00+00:00,394.9761498084078
2023-10-14 17:00:00+00:00,116.75166375845407
2023-10-14 18:00:00+00:00,362.6405240606209
2023-10-14 19:00:00+00:00,326.0114436359447
2023-10-14 20:00:00+00:00,324.34168246823054
2023-10-14 21:00:00+00:00,284.6137950256784
2023-10-14 22:00:00+00:00,221.1932024076185
2023-10-14 23:00:00+00:00,103.8846151112961
2023-10-15 00:00:00+00:00,0.0
2023-10-15 01:00:00+00:00,0.0
2023-10-15 02:00:00+00:00,0.0
2023-10-15 03:00:00+00:00,0.0
2023-10-15 04:00:00+00:00,0.0
2023-10-15 05:00:00+00:00,0.0
2023-10-15 06:00:00+00:00,0.0
2023-10-15 07:00:00+00:00,0.0
2023-10-15 08:00:00+00:00,0.0
2023-10-15 09:00:00+00:00,0.0
2023-10-15 10:00:00+00:00,0.0
2023-10-15 11:00:00+00:00,0.0
2023-10-15 12:00:00+00:00,0.0
2023-10-15 13:00:00+00:00,0.0
2023-10-15 14:00:00+00:00,353.31703193921584
2023-10-15 15:00:00+00:00,415.68956900402765
2023-10-15 16:00:00+00:00,344.00901339064814
2023-10-15 17:00:00+00:00,91.01054482033506
2023-10-15 18:00:00+00:00,242.70095124649927
2023-10-15 19:00:00+00:00,264.0218654872886
2023-10-15 20:00:00+00:00,230.5910889992068
2023-10-15 21:00:00+00:00,187.38095205666696
2023-10-15 22:00:00+00:00,145.3797757917673
2023-10-15 23:00:00+00:00,73.23513343871922
2023-10-16 00:00:00+00:00,0.0
2023-10-16 01:00:00+00:00,0.0
2023-10-16 02:00:00+00:00,0.0
2023-10-16 03:00:00+00:00,0.0
2023-10-16 04:00:00+00:00,0.0
2023-10-16 05:00:00+00:00,0.0
2023-10-16 06:00:00+00:00,0.0
2023-10-16 07:00:00+00:00,0.0
2023-10-16 08:00:00+00:00,0.0
2023-10-16 09:00:00+00:00,0.0
2023-10-16 10:00:00+00:00,0.0
2023-10-16 11:00:00+00:00,0.0
2023-10-16 12:00:00+00:00,0.0
2023-10-16 13:00:00+00:00,0.0
2023-10-16 14:00:00+00:00,302.65248412456515
2023-10-16 15:00:00+00:00,365.2702970929992
2023-10-16 16:00:00+00:00,291.8469637418821
2023-10-16 17:00:00+00:00,65.34432433969404
2023-10-16 18:00:00+00:00,283.31908367001876
2023-10-16 19:00:00+00:00,257.922016121043
2023-10-16 20:00:00+00:00,251.88024887790849
2023-10-16 21:00:00+00:00,231.3268607721922
2023-10-16 22:00:00+00:00,175.47593645471363
2023-10-16 23:00:00+00:00,92.22624005830907
2023-10-17 00:00:00+00:00,0.0
2023-10-17 01:00:00+00:00,0.0
2023-10-17 02:00:00+00:00,0.0
2023-10-17 03:00:00+00:00,0.0
2023-10-17 04:00:00+00:00,0.0
2023-10-17 05:00:00+00:00,0.0
2023-10-17 06:00:00+00:00,0.0
2023-10-17 07:00:00+00:00,0.0
2023-10-17 08:00:00+00:00,0.0
2023-10-17 09:00:00+00:00,0.0
2023-10-17 10:00:00+00:00,0.0
2023-10-17 11:00:00+00:00,0.0
2023-10-17 12:00:00+00:00,0.0
2023-10-17 13:00:00+00:00,0.0
2023-10-17 14:00:00+00:00,500.0373288422316
2023-10-17 15:00:00+00:00,548.0479704402461
2023-10-17 16:00:00+00:00,436.65835727058266
2023-10-17 17:00:00+00:00,106.7147487804977
2023-10-17 18:00:00+00:00,447.45328093488894
2023-10-17 19:00:00+00:00,420.8451475402922
2023-10-17 20:00:00+00:00,374.2878001034335
2023-10-17 21:00:00+00:00,286.6230915609262
2023-10-17 22:00:00+00:00,191.14801593559477
2023-10-17 23:00:00+00:00,82.38769973249421
2023-10-18 00:00:00+00:00,0.0
2023-10-18 01:00:00+00:00,0.0
2023-10-18 02:00:00+00:00,0.0
2023-10-18 03:00:00+00:00,0.0
2023-10-18 04:00:00+00:00,0.0
2023-10-18 05:00:00+00:00,0.0
2023-10-18 06:00:00+00:00,0.0
2023-10-18 07:00:00+00:00,0.0
2023-10-18 08:00:00+00:00,0.0
2023-10-18 09:00:00+00:00,0.0
2023-10-18 10:00:00+00:00,0.0
2023-10-18 11:00:00+00:00,0.0
2023-10-18 12:00:00+00:00,0.0
2023-10-18 13:00:00+00:00,0.0
2023-10-18 14:00:00+00:00,296.1318692211864
2023-10-18 15:00:00+00:00,348.7402172329023
2023-10-18 16:00:00+00:00,265.5296868083569
2023-10-18 17:00:00+00:00,52.66086246605291
2023-10-18 18:00:00+00:00,296.02925434662376
2023-10-18 19:00:00+00:00,318.24005249743203
2023-10-18 20:00:00+00:00,280.58446445322346
2023-10-18 21:00:00+00:00,239.32707213072388
2023-10-18 22:00:00+00:00,142.50366786429194
2023-10-18 23:00:00+00:00,51.44167178873911
2023-10-19 00:00:00+00:00,0.0
2023-10-19 01:00:00+00:00,0.0
2023-10-19 02:00:00+00:00,0.0
2023-10-19 03:00:00+00:00,0.0
2023-10-19 04:00:00+00:00,0.0
2023-10-19 05:00:00+00:00,0.0
2023-10-19 06:00:00+00:00,0.0
2023-10-19 07:00:00+00:00,0.0
2023-10-19 08:00:00+00:00,0.0
2023-10-19 09:00:00+00:00,0.0
2023-10-19 10:00:00+00:00,0.0
2023-10-19 11:00:00+00:00,0.0
2023-10-19 12:00:00+00:00,0.0
2023-10-19 13:00:00+00:00,0.0
2023-10-19 14:00:00+00:00,343.1925487842468
2023-10-19 15:00:00+00:00,444.3366567296451
2023-10-19 16:00:00+00:00,359.0692127822943
2023-10-19 17:00:00+00:00,68.36633646856266
2023-10-19 18:00:00+00:00,398.64516025400957
2023-10-19 19:00:00+00:00,379.12584594694675
2023-10-19 20:00:00+00:00,332.08291825729697
2023-10-19 21:00:00+00:00,244.91889292456096
2023-10-19 22:00:00+00:00,156.31119826093126
2023-10-19 23:00:00+00:00,71.82929963043843
2023-10-20 00:00:00+00:00,0.0
2023-10-20 01:00:00+00:00,0.0
2023-10-20 02:00:00+00:00,0.0
2023-10-20 03:00:00+00:00,0.0
2023-10-20 04:00:00+00:00,0.0
2023-10-20 05:00:00+00:00,0.0
2023-10-20 06:00:00+00:00,0.0
2023-10-20 07:00:00+00:00,0.0
2023-10-20 08:00:00+00:00,0.0
2023-10-20 09:00:00+00:00,0.0
2023-10-20 10:00:00+00:00,0.0
2023-10-20 11:00:00+00:00,0.0
2023-10-20 12:00:00+00:00,0.0
2023-10-20 13:00:00+00:00,0.0
2023-10-20 14:00:00+00:00,412.4124081761945
2023-10-20 15:00:00+00:00,381.5983572494051
2023-10-20 16:00:00+00:00,300.39288609027386
2023-10-20 17:00:00+00:00,38.15946503558278
2023-10-20 18:00:00+00:00,290.3512241368621
2023-10-20 19:00:00+00:00,311.1540424269338
2023-10-20 20:00:00+00:00,286.179043877067
2023-10-20 21:00:00+00:00,247.9852055926666
2023-10-20 22:00:00+00:00,182.22920734292438
2023-10-20 23:00:00+00:00,75.97993787488917
2023-10-21 00:00:00+00:00,0.0
2023-10-21 01:00:00+00:00,0.0
2023-10-21 02:00:00+00:00,0.0
2023-10-21 03:00:00+00:00,0.0
2023-10-21 04:00:00+00:00,0.0
2023-10-21 05:00:00+00:00,0.0
2023-10-21 06:00:00+00:00,0.0
2023-10-21 07:00:00+00:00,0.0
2023-10-21 08:00:00+00:00,0.0
2023-10-21 09:00:00+00:00,0.0
2023-10-21 10:00:00+00:00,0.0
2023-10-21 11:00:00+00:00,0.0
2023-10-21 12:00:00+00:00,0.0
2023-10-21 13:00:00+00:00,0.0
2023-10-21 14:00:00+00:00,276.67717817310154
2023-10-21 15:00:00+00:00,238.47617998618958
2023-10-21 16:00:00+00:00,175.83593969021058
2023-10-21 17:00:00+00:00,12.505504522858546
2023-10-21 18:00:00+00:00,211.56528309659575
2023-10-21 19:00:00+00:00,196.0110376105416
2023-10-21 20:00:00+00:00,191.6881920493428
2023-10-21 21:00:00+00:00,182.08772124372592
2023-10-21 22:00:00+00:00,106.02833735982956
2023-10-21 23:00:00+00:00,25.829683793848442
2023-10-22 00:00:00+00:00,0.0
2023-10-22 01:00:00+00:00,0.0
2023-10-22 02:00:00+00:00,0.0
2023-10-22 03:00:00+00:00,0.0
2023-10-22 04:00:00+00:00,0.0
2023-10-22 05:00:00+00:00,0.0
2023-10-22 06:00:00+00:00,0.0
2023-10-22 07:00:00+00:00,0.0
2023-10-22 08:00:00+00:00,0.0
2023-10-22 09:00:00+00:00,0.0
2023-10-22 10:00:00+00:00,0.0
2023-10-22 11:00:00+00:00,0.0
2023-10-22 12:00:00+00:00,0.0
2023-10-22 13:00:00+00:00,0.0
2023-10-22 14:00:00+00:00,417.11973888244734
2023-10-22 15:00:00+00:00,406.98137860428454
2023-10-22 16:00:00+00:00,363.47460405169636
2023-10-22 17:00:00+00:00,0.0
2023-10-22 18:00:00+00:00,399.69141218880617
2023-10-22 19:00:00+00:00,374.3414744348291
2023-10-22 20:00:00+00:00,342.42376040070053
2023-10-22 21:00:00+00:00,311.1266412086574
2023-10-22 22:00:00+00:00,213.0741660536876
2023-10-22 23:00:00+00:00,61.16923828016445
2023-10-23 00:00:00+00:00,0.0
2023-10-23 01:00:00+00:00,0.0
2023-10-23 02:00:00+00:00,0.0
2023-10-23 03:00:00+00:00,0.0
2023-10-23 04:00:00+00:00,0.0
2023-10-23 05:00:00+00:00,0.0
2023-10-23 06:00:00+00:00,0.0
2023-10-23 07:00:00+00:00,0.0
2023-10-23 08:00:00+00:00,0.0
2023-10-23 09:00:00+00:00,0.0
2023-10-23 10:00:00+00:00,0.0
2023-10-23 11:00:00+00:00,0.0
2023-10-23 12:00:00+00:00,0.0
2023-10-23 13:00:00+00:00,0.0
2023-10-23 14:00:00+00:00,457.1123900852174
2023-10-23 15:00:00+00:00,380.4743801856221
2023-10-23 16:00:00+00:00,363.42114579802075
2023-10-23 17:00:00+00:00,0.0
2023-10-23 18:00:00+00:00,389.1301974218875
2023-10-23 19:00:00+00:00,370.63077467321233
2023-10-23 20:00:00+00:00,331.68768233732857
2023-10-23 21:00:00+00:00,272.53327995968493
2023-10-23 22:00:00+00:00,196.69462542609585
2023-10-23 23:00:00+00:00,90.08067815279155
2023-10-24 00:00:00+00:00,0.0
2023-10-24 01:00:00+00:00,0.0
2023-10-24 02:00:00+00:00,0.0
2023-10-24 03:00:00+00:00,0.0
2023-10-24 04:00:00+00:00,0.0
2023-10-24 05:00:00+00:00,0.0
2023-10-24 06:00:00+00:00,0.0
2023-10-24 07:00:00+00:00,0.0
2023-10-24 08:00:00+00:00,0.0
2023-10-24 09:00:00+00:00,0.0
2023-10-24 10:00:00+00:00,0.0
2023-10-24 11:00:00+00:00,0.0
2023-10-24 12:00:00+00:00,0.0
2023-10-24 13:00:00+00:00,0.0
2023-10-24 14:00:00+00:00,360.26996804133984
2023-10-24 15:00:00+00:00,327.7118424003202
2023-10-24 16:00:00+00:00,335.89847463510347
2023-10-24 17:00:00+00:00,0.0
2023-10-24 18:00:00+00:00,359.21047876796064
2023-10-24 19:00:00+00:00,295.6306292279105
2023-10-24 20:00:00+00:00,299.03798021042655
2023-10-24 21:00:00+00:00,274.07254548282725
2023-10-24 22:00:00+00:00,200.9049526206649
2023-10-24 23:00:00+00:00,71.79590824070787
2023-10-25 00:00:00+00:00,0.0
2023-10-25 01:00:00+00:00,0.0
2023-10-25 02:00:00+00:00,0.0
2023-10-25 03:00:00+00:00,0.0
2023-10-25 04:00:00+00:00,0.0
2023-10-25 05:00:00+00:00,0.0
2023-10-25 06:00:00+00:00,0.0
2023-10-25 07:00:00+00:00,0.0
2023-10-25 08:00:00+00:00,0.0
2023-10-25 09:00:00+00:00,0.0
2023-10-25 10:00:00+00:00,0.0
2023-10-25 11:00:00+00:00,0.0
2023-10-25 12:00:00+00:00,0.0
2023-10-25 13:00:00+00:00,0.0
2023-10-25 14:00:00+00:00,577.0669181343902
2023-10-25 15:00:00+00:00,476.63924763393567
2023-10-25 16:00:00+00:00,443.09820264406244
2023-10-25 17:00:00+00:00,0.0
2023-10-25 18:00:00+00:00,458.87477822642336
2023-10-25 19:00:00+00:00,438.75207868958046
2023-10-25 20:00:00+00:00,397.72099889489436
2023-10-25 21:00:00+00:00,346.84435661907963
2023-10-25 22:00:00+00:00,250.11183422876857
2023-10-25 23:00:00+00:00,100.20369049610808
2023-10-26 00:00:00+00:00,0.0
2023-10-26 01:00:00+00:00,0.0
2023-10-26 02:00:00+00:00,0.0
2023-10-26 03:00:00+00:00,0.0
2023-10-26 04:00:00+00:00,0.0
2023-10-26 05:00:00+00:00,0.0
2023-10-26 06:00:00+00:00,0.0
2023-10-26 07:00:00+00:00,0.0
2023-10-26 08:00:00+00:00,0.0
2023-10-26 09:00:00+00:00,0.0
2023-10-26 10:00:00+00:00,0.0
2023-10-26 11:00:00+00:00,0.0
2023-10-26 12:00:00+00:00,0.0
2023-10-26 13:00:00+00:00,0.0
2023-10-26 14:00:00+00:00,491.48287138328504
2023-10-26 15:00:00+00:00,453.8715732149267
2023-10-26 16:00:00+00:00,439.9401950984456
2023-10-26 17:00:00+00:00,0.0
2023-10-26 18:00:00+00:00,453.55104510048903
2023-10-26 19:00:00+00:00,406.5871006201971
2023-10-26 20:00:00+00:00,347.6080464852536
2023-10-26 21:00:00+00:00,287.23787269672044
2023-10-26 22:00:00+00:00,188.96843492449867
2023-10-26 23:00:00+00:00,65.61713288588454
2023-10-27 00:00:00+00:00,0.0
2023-10-27 01:00:00+00:00,0.0
2023-10-27 02:00:00+00:00,0.0
2023-10-27 03:00:00+00:00,0.0
2023-10-27 04:00:00+00:00,0.0
2023-10-27 05:00:00+00:00,0.0
2023-10-27 06:00:00+00:00,0.0
2023-10-27 07:00:00+00:00,0.0
2023-10-27 08:00:00+00:00,0.0
2023-10-27 09:00:00+00:00,0.0
2023-10-27 10:00:00+00:00,0.0
2023-10-27 11:00:00+00:00,0.0
2023-10-27 12:00:00+00:00,0.0
2023-10-27 13:00:00+00:00,0.0
2023-10-27 14:00:00+00:00,594.5736976336538
2023-10-27 15:00:00+00:00,487.81213006592833
2023-10-27 16:00:00+00:00,402.5102485014186
2023-10-27 17:00:00+00:00,0.0
2023-10-27 18:00:00+00:00,413.2216794357377
2023-10-27 19:00:00+00:00,397.2719707372737
2023-10-27 20:00:00+00:00,359.2536180608551
2023-10-27 21:00:00+00:00,307.4735711942174
2023-10-27 22:00:00+00:00,232.10855471130355
2023-10-27 23:00:00+00:00,95.33321385122677
2023-10-28 00:00:00+00:00,0.0
2023-10-28 01:00:00+00:00,0.0
2023-10-28 02:00:00+00:00,0.0
2023-10-28 03:00:00+00:00,0.0
2023-10-28 04:00:00+00:00,0.0
2023-10-28 05:00:00+00:00,0.0
2023-10-28 06:00:00+00:00,0.0
2023-10-28 07:00:00+00:00,0.0
2023-10-28 08:00:00+00:00,0.0
2023-10-28 09:00:00+00:00,0.0
2023-10-28 10:00:00+00:00,0.0
2023-10-28 11:00:00+00:00,0.0
2023-10-28 12:00:00+00:00,0.0
2023-10-28 13:00:00+00:00,0.0
2023-10-28 14:00:00+00:00,563.989815246285
2023-10-28 15:00:00+00:00,446.7877395406722
2023-10-28 16:00:00+00:00,413.4180018043771
2023-10-28 17:00:00+00:00,0.0
2023-10-28 18:00:00+00:00,407.70371038438833
2023-10-28 19:00:00+00:00,379.1266648735873
2023-10-28 20:00:00+00:00,330.67744460065205
2023-10-28 21:00:00+00:00,265.29342842150726
2023-10-28 22:00:00+00:00,178.18988914194014
2023-10-28 23:00:00+00:00,78.12271542643312
2023-10-29 00:00:00+00:00,0.0
2023-10-29 01:00:00+00:00,0.0
2023-10-29 02:00:00+00:00,0.0
2023-10-29 03:00:00+00:00,0.0
2023-10-29 04:00:00+00:00,0.0
2023-10-29 05:00:00+00:00,0.0
2023-10-29 06:00:00+00:00,0.0
2023-10-29 07:00:00+00:00,0.0
2023-10-29 08:00:00+00:00,0.0
2023-10-29 09:00:00+00:00,0.0
2023-10-29 10:00:00+00:00,0.0
2023-10-29 11:00:00+00:00,0.0
2023-10-29 12:00:00+00:00,0.0
2023-10-29 13:00:00+00:00,0.0
2023-10-29 14:00:00+00:00,446.72553032095607
2023-10-29 15:00:00+00:00,349.76732701674064
2023-10-29 16:00:00+00:00,312.9450450482789
2023-10-29 17:00:00+00:00,0.0
2023-10-29 18:00:00+00:00,355.65029260549176
2023-10-29 19:00:00+00:00,258.7511662259879
2023-10-29 20:00:00+00:00,244.77996715349613
2023-10-29 21:00:00+00:00,213.3552349588721
2023-10-29 22:00:00+00:00,134.34920999730232
2023-10-29 23:00:00+00:00,51.64718987705604
2023-10-30 00:00:00+00:00,0.0
2023-10-30 01:00:00+00:00,0.0
2023-10-30 02:00:00+00:00,0.0
2023-10-30 03:00:00+00:00,0.0
2023-10-30 04:00:00+00:00,0.0
2023-10-30 05:00:00+00:00,0.0
2023-10-30 06:00:00+00:00,0.0
2023-10-30 07:00:00+00:00,0.0
2023-10-30 08:00:00+00:00,0.0
2023-10-30 09:00:00+00:00,0.0
2023-10-30 10:00:00+00:00,0.0
2023-10-30 11:00:00+00:00,0.0
2023-10-30 12:00:00+00:00,0.0
2023-10-30 13:00:00+00:00,0.0
2023-10-30 14:00:00+00:00,487.5263979941954
2023-10-30 15:00:00+00:00,393.11888010323474
2023-10-30 16:00:00+00:00,332.88139384718096
2023-10-30 17:00:00+00:00,0.0
2023-10-30 18:00:00+00:00,332.46904254090356
2023-10-30 19:00:00+00:00,347.1062352805443
2023-10-30 20:00:00+00:00,315.9351421273075
2023-10-30 21:00:00+00:00,253.73631254930203
2023-10-30 22:00:00+00:00,159.6495538802274
2023-10-30 23:00:00+00:00,57.142920628818814
2023-10-31 00:00:00+00:00,0.0
2023-10-31 01:00:00+00:00,0.0
2023-10-31 02:00:00+00:00,0.0
2023-10-31 03:00:00+00:00,0.0
2023-10-31 04:00:00+00:00,0.0
2023-10-31 05:00:00+00:00,0.0
2023-10-31 06:00:00+00:00,0.0
2023-10-31 07:00:00+00:00,0.0
2023-10-31 08:00:00+00:00,0.0
2023-10-31 09:00:00+00:00,0.0
2023-10-31 10:00:00+00:00,0.0
2023-10-31 11:00:00+00:00,0.0
2023-10-31 12:00:00+00:00,0.0
2023-10-31 13:00:00+00:00,0.0
2023-10-31 14:00:00+00:00,548.0996860297813
2023-10-31 15:00:00+00:00,430.82979081440294
2023-10-31 16:00:00+00:00,342.6819294205837
2023-10-31 17:00:00+00:00,0.0
2023-10-31 18:00:00+00:00,456.62355033477706
2023-10-31 19:00:00+00:00,421.98485989086277
2023-10-31 20:00:00+00:00,342.58028332610735
2023-10-31 21:00:00+00:00,280.3279837808379
2023-10-31 22:00:00+00:00,186.39277985444278
2023-10-31 23:00:00+00:00,56.58390654905015
2023-11-01 00:00:00+00:00,0.0
2023-11-01 01:00:00+00:00,0.0
2023-11-01 02:00:00+00:00,0.0
2023-11-01 03:00:00+00:00,0.0
2023-11-01 04:00:00+00:00,0.0
2023-11-01 05:00:00+00:00,0.0
2023-11-01 06:00:00+00:00,0.0
2023-11-01 07:00:00+00:00,0.0
2023-11-01 08:00:00+00:00,0.0
2023-11-01 09:00:00+00:00,0.0
2023-11-01 10:00:00+00:00,0.0
2023-11-01 11:00:00+00:00,0.0
2023-11-01 12:00:00+00:00,0.0
2023-11-01 13:00:00+00:00,0.0
2023-11-01 14:00:00+00:00,597.2048505425615
2023-11-01 15:00:00+00:00,466.7967798282528
2023-11-01 16:00:00+00:00,415.1156301458986
2023-11-01 17:00:00+00:00,0.0
2023-11-01 18:00:00+00:00,469.6511615282402
2023-11-01 19:00:00+00:00,444.8262820091186
2023-11-01 20:00:00+00:00,404.0984377620943
2023-11-01 21:00:00+00:00,338.928420772097
2023-11-01 22:00:00+00:00,218.10402335962706
2023-11-01 23:00:00+00:00,62.47953295149179
2023-11-02 00:00:00+00:00,0.0
2023-11-02 01:00:00+00:00,0.0
2023-11-02 02:00:00+00:00,0.0
2023-11-02 03:00:00+00:00,0.0
2023-11-02 04:00:00+00:00,0.0
2023-11-02 05:00:00+00:00,0.0
2023-11-02 06:00:00+00:00,0.0
2023-11-02 07:00:00+00:00,0.0
2023-11-02 08:00:00+00:00,0.0
2023-11-02 09:00:00+00:00,0.0
2023-11-02 10:00:00+00:00,0.0
2023-11-02 11:00:00+00:00,0.0
2023-11-02 12:00:00+00:00,0.0
2023-11-02 13:00:00+00:00,0.0
2023-11-02 14:00:00+00:00,606.8418733468026
2023-11-02 15:00:00+00:00,478.3726891347566
2023-11-02 16:00:00+00:00,416.84999734620095
2023-11-02 17:00:00+00:00,0.0
2023-11-02 18:00:00+00:00,478.0483402156106
2023-11-02 19:00:00+00:00,452.9860209306516
2023-11-02 20:00:00+00:00,413.6251593503219
2023-11-02 21:00:00+00:00,353.2176655162055
2023-11-02 22:00:00+00:00,250.61452519165388
2023-11-02 23:00:00+00:00,64.0008036540316
2023-11-03 00:00:00+00:00,0.0
2023-11-03 01:00:00+00:00,0.0
2023-11-03 02:00:00+00:00,0.0
2023-11-03 03:00:00+00:00,0.0
2023-11-03 04:00:00+00:00,0.0
2023-11-03 05:00:00+00:00,0.0
2023-11-03 06:00:00+00:00,0.0
2023-11-03 07:00:00+00:00,0.0
2023-11-03 08:00:00+00:00,0.0
2023-11-03 09:00:00+00:00,0.0
2023-11-03 10:00:00+00:00,0.0
2023-11-03 11:00:00+00:00,0.0
2023-11-03 12:00:00+00:00,0.0
2023-11-03 13:00:00+00:00,0.0
2023-11-03 14:00:00+00:00,439.3696285744715
2023-11-03 15:00:00+00:00,367.93796701326386
2023-11-03 16:00:00+00:00,364.68943671148173
2023-11-03 17:00:00+00:00,0.0
2023-11-03 18:00:00+00:00,448.56541621917864
2023-11-03 19:00:00+00:00,427.6219202171296
2023-11-03 20:00:00+00:00,391.1844553832709
2023-11-03 21:00:00+00:00,308.6232400451286
2023-11-03 22:00:00+00:00,223.50838582279036
2023-11-03 23:00:00+00:00,40.898844757835946
2023-11-04 00:00:00+00:00,0.0
2023-11-04 01:00:00+00:00,0.0
2023-11-04 02:00:00+00:00,0.0
2023-11-04 03:00:00+00:00,0.0
2023-11-04 04:00:00+00:00,0.0
2023-11-04 05:00:00+00:00,0.0
2023-11-04 06:00:00+00:00,0.0
2023-11-04 07:00:00+00:00,0.0
2023-11-04 08:00:00+00:00,0.0
2023-11-04 09:00:00+00:00,0.0
2023-11-04 10:00:00+00:00,0.0
2023-11-04 11:00:00+00:00,0.0
2023-11-04 12:00:00+00:00,0.0
2023-11-04 13:00:00+00:00,0.0
2023-11-04 14:00:00+00:00,597.0578963042339
2023-11-04 15:00:00+00:00,467.2753961140613
2023-11-04 16:00:00+00:00,402.9782799673069
2023-11-04 17:00:00+00:00,0.0
2023-11-04 18:00:00+00:00,471.88439126354865
2023-11-04 19:00:00+00:00,439.1458606661213
2023-11-04 20:00:00+00:00,389.72377449274126
2023-11-04 21:00:00+00:00,305.5748253306453
2023-11-04 22:00:00+00:00,179.77324056257498
2023-11-04 23:00:00+00:00,37.67737244150444
2023-11-05 00:00:00+00:00,0.0
2023-11-05 01:00:00+00:00,0.0
2023-11-05 02:00:00+00:00,0.0
2023-11-05 03:00:00+00:00,0.0
2023-11-05 04:00:00+00:00,0.0
2023-11-05 05:00:00+00:00,0.0
2023-11-05 06:00:00+00:00,0.0
2023-11-05 07:00:00+00:00,0.0
2023-11-05 08:00:00+00:00,0.0
2023-11-05 09:00:00+00:00,0.0
2023-11-05 10:00:00+00:00,0.0
2023-11-05 11:00:00+00:00,0.0
2023-11-05 12:00:00+00:00,0.0
2023-11-05 13:00:00+00:00,0.0
2023-11-05 14:00:00+00:00,552.5447887646751
2023-11-05 15:00:00+00:00,392.16461276507124
2023-11-05 16:00:00+00:00,346.6390632459443
2023-11-05 17:00:00+00:00,0.0
2023-11-05 18:00:00+00:00,415.65774940912223
2023-11-05 19:00:00+00:00,410.15180158066715
2023-11-05 20:00:00+00:00,387.1500953289158
2023-11-05 21:00:00+00:00,330.3448106390148
2023-11-05 22:00:00+00:00,219.63744459152952
2023-11-05 23:00:00+00:00,61.95813908984912
2023-11-06 00:00:00+00:00,0.0
2023-11-06 01:00:00+00:00,0.0
2023-11-06 02:00:00+00:00,0.0
2023-11-06 03:00:00+00:00,0.0
2023-11-06 04:00:00+00:00,0.0
2023-11-06 05:00:00+00:00,0.0
2023-11-06 06:00:00+00:00,0.0
2023-11-06 07:00:00+00:00,0.0
2023-11-06 08:00:00+00:00,0.0
2023-11-06 09:00:00+00:00,0.0
2023-11-06 10:00:00+00:00,0.0
2023-11-06 11:00:00+00:00,0.0
2023-11-06 12:00:00+00:00,0.0
2023-11-06 13:00:00+00:00,0.0
2023-11-06 14:00:00+00:00,581.0996768384248
2023-11-06 15:00:00+00:00,446.28551545520037
2023-11-06 16:00:00+00:00,384.25761359549796
2023-11-06 17:00:00+00:00,0.0
2023-11-06 18:00:00+00:00,477.4544730603645
2023-11-06 19:00:00+00:00,451.071838864644
2023-11-06 20:00:00+00:00,410.5041863138283
2023-11-06 21:00:00+00:00,346.0243769433436
2023-11-06 22:00:00+00:00,236.71483390713715
2023-11-06 23:00:00+00:00,55.82812054654344
2023-11-07 00:00:00+00:00,0.0
2023-11-07 01:00:00+00:00,0.0
2023-11-07 02:00:00+00:00,0.0
2023-11-07 03:00:00+00:00,0.0
2023-11-07 04:00:00+00:00,0.0
2023-11-07 05:00:00+00:00,0.0
2023-11-07 06:00:00+00:00,0.0
2023-11-07 07:00:00+00:00,0.0
2023-11-07 08:00:00+00:00,0.0
2023-11-07 09:00:00+00:00,0.0
2023-11-07 10:00:00+00:00,0.0
2023-11-07 11:00:00+00:00,0.0
2023-11-07 12:00:00+00:00,0.0
2023-11-07 13:00:00+00:00,0.0
2023-11-07 14:00:00+00:00,603.8557498825269
2023-11-07 15:00:00+00:00,464.1293045993004
2023-11-07 16:00:00+00:00,390.43243828638015
2023-11-07 17:00:00+00:00,0.0
2023-11-07 18:00:00+00:00,484.38219127505744
2023-11-07 19:00:00+00:00,457.6269544982608
2023-11-07 20:00:00+00:00,414.4188758917805
2023-11-07 21:00:00+00:00,349.6207269519322
2023-11-07 22:00:00+00:00,243.58476901780853
2023-11-07 23:00:00+00:00,65.041732181292
2023-11-08 00:00:00+00:00,0.0
2023-11-08 01:00:00+00:00,0.0
2023-11-08 02:00:00+00:00,0.0
2023-11-08 03:00:00+00:00,0.0
2023-11-08 04:00:00+00:00,0.0
2023-11-08 05:00:00+00:00,0.0
2023-11-08 06:00:00+00:00,0.0
2023-11-08 07:00:00+00:00,0.0
2023-11-08 08:00:00+00:00,0.0
2023-11-08 09:00:00+00:00,0.0
2023-11-08 10:00:00+00:00,0.0
2023-11-08 11:00:00+00:00,0.0
2023-11-08 12:00:00+00:00,0.0
2023-11-08 13:00:00+00:00,0.0
2023-11-08 14:00:00+00:00,623.1550794115313
2023-11-08 15:00:00+00:00,464.6858042549441
2023-11-08 16:00:00+00:00,386.04644562054796
2023-11-08 17:00:00+00:00,0.0
2023-11-08 18:00:00+00:00,469.3469684421404
2023-11-08 19:00:00+00:00,451.4191119225805
2023-11-08 20:00:00+00:00,409.7213426307312
2023-11-08 21:00:00+00:00,336.10628743967305
2023-11-08 22:00:00+00:00,227.5577019531728
2023-11-08 23:00:00+00:00,47.941127366592646
2023-11-09 00:00:00+00:00,0.0
2023-11-09 01:00:00+00:00,0.0
2023-11-09 02:00:00+00:00,0.0
2023-11-09 03:00:00+00:00,0.0
2023-11-09 04:00:00+00:00,0.0
2023-11-09 05:00:00+00:00,0.0
2023-11-09 06:00:00+00:00,0.0
2023-11-09 07:00:00+00:00,0.0
2023-11-09 08:00:00+00:00,0.0
2023-11-09 09:00:00+00:00,0.0
2023-11-09 10:00:00+00:00,0.0
2023-11-09 11:00:00+00:00,0.0
2023-11-09 12:00:00+00:00,0.0
2023-11-09 13:00:00+00:00,0.0
2023-11-09 14:00:00+00:00,532.9057225692848
2023-11-09 15:00:00+00:00,401.30694926642076
2023-11-09 16:00:00+00:00,331.34003358640194
2023-11-09 17:00:00+00:00,0.0
2023-11-09 18:00:00+00:00,434.7725622638067
2023-11-09 19:00:00+00:00,399.72470599064263
2023-11-09 20:00:00+00:00,361.8346037273191
2023-11-09 21:00:00+00:00,314.30818456407843
2023-11-09 22:00:00+00:00,190.7805519994494
2023-11-09 23:00:00+00:00,28.67985099827502
2023-11-10 00:00:00+00:00,0.0
2023-11-10 01:00:00+00:00,0.0
2023-11-10 02:00:00+00:00,0.0
2023-11-10 03:00:00+00:00,0.0
2023-11-10 04:00:00+00:00,0.0
2023-11-10 05:00:00+00:00,0.0
2023-11-10 06:00:00+00:00,0.0
2023-11-10 07:00:00+00:00,0.0
2023-11-10 08:00:00+00:00,0.0
2023-11-10 09:00:00+00:00,0.0
2023-11-10 10:00:00+00:00,0.0
2023-11-10 11:00:00+00:00,0.0
2023-11-10 12:00:00+00:00,0.0
2023-11-10 13:00:00+00:00,0.0
2023-11-10 14:00:00+00:00,511.35950094802024
2023-11-10 15:00:00+00:00,348.82367184476544
2023-11-10 16:00:00+00:00,310.10940109753966
2023-11-10 17:00:00+00:00,0.0
2023-11-10 18:00:00+00:00,410.8288386706975
2023-11-10 19:00:00+00:00,414.90308323990365
2023-11-10 20:00:00+00:00,381.21295845701894
2023-11-10 21:00:00+00:00,307.2663500956635
2023-11-10 22:00:00+00:00,206.21778671601533
2023-11-10 23:00:00+00:00,30.253904482963218
2023-11-11 00:00:00+00:00,0.0
2023-11-11 01:00:00+00:00,0.0
2023-11-11 02:00:00+00:00,0.0
2023-11-11 03:00:00+00:00,0.0
2023-11-11 04:00:00+00:00,0.0
2023-11-11 05:00:00+00:00,0.0
2023-11-11 06:00:00+00:00,0.0
2023-11-11 07:00:00+00:00,0.0
2023-11-11 08:00:00+00:00,0.0
2023-11-11 09:00:00+00:00,0.0
2023-11-11 10:00:00+00:00,0.0
2023-11-11 11:00:00+00:00,0.0
2023-11-11 12:00:00+00:00,0.0
2023-11-11 13:00:00+00:00,0.0
2023-11-11 14:00:00+00:00,623.2815217162059
2023-11-11 15:00:00+00:00,454.3161224474636
2023-11-11 16:00:00+00:00,358.75584795260625
2023-11-11 17:00:00+00:00,515.8823706788694
2023-11-11 18:00:00+00:00,474.7761660180365
2023-11-11 19:00:00+00:00,445.9143892141839
2023-11-11 20:00:00+00:00,409.957561785112
2023-11-11 21:00:00+00:00,307.2081244901836
2023-11-11 22:00:00+00:00,218.0390839999544
2023-11-11 23:00:00+00:00,56.92676437521782
2023-11-12 00:00:00+00:00,0.0
2023-11-12 01:00:00+00:00,0.0
2023-11-12 02:00:00+00:00,0.0
2023-11-12 03:00:00+00:00,0.0
2023-11-12 04:00:00+00:00,0.0
2023-11-12 05:00:00+00:00,0.0
2023-11-12 06:00:00+00:00,0.0
2023-11-12 07:00:00+00:00,0.0
2023-11-12 08:00:00+00:00,0.0
2023-11-12 09:00:00+00:00,0.0
2023-11-12 10:00:00+00:00,0.0
2023-11-12 11:00:00+00:00,0.0
2023-11-12 12:00:00+00:00,0.0
2023-11-12 13:00:00+00:00,0.0
2023-11-12 14:00:00+00:00,356.67718817492687
2023-11-12 15:00:00+00:00,348.8162444421739
2023-11-12 16:00:00+00:00,294.510113263153
2023-11-12 17:00:00+00:00,391.91797688082494
2023-11-12 18:00:00+00:00,421.3458260291731
2023-11-12 19:00:00+00:00,398.91083211868823
2023-11-12 20:00:00+00:00,311.67222578466556
2023-11-12 21:00:00+00:00,238.01881824252985
2023-11-12 22:00:00+00:00,163.7123574125105
2023-11-12 23:00:00+00:00,20.117062317561548
2023-11-13 00:00:00+00:00,0.0
2023-11-13 01:00:00+00:00,0.0
2023-11-13 02:00:00+00:00,0.0
2023-11-13 03:00:00+00:00,0.0
2023-11-13 04:00:00+00:00,0.0
2023-11-13 05:00:00+00:00,0.0
2023-11-13 06:00:00+00:00,0.0
2023-11-13 07:00:00+00:00,0.0
2023-11-13 08:00:00+00:00,0.0
2023-11-13 09:00:00+00:00,0.0
2023-11-13 10:00:00+00:00,0.0
2023-11-13 11:00:00+00:00,0.0
2023-11-13 12:00:00+00:00,0.0
2023-11-13 13:00:00+00:00,0.0
2023-11-13 14:00:00+00:00,452.36152735698244
2023-11-13 15:00:00+00:00,376.60805255081846
2023-11-13 16:00:00+00:00,320.8260462266472
2023-11-13 17:00:00+00:00,471.1988678097989
2023-11-13 18:00:00+00:00,414.09969664441263
2023-11-13 19:00:00+00:00,395.2362698548359
2023-11-13 20:00:00+00:00,367.5376904676801
2023-11-13 21:00:00+00:00,294.74945549783405
2023-11-13 22:00:00+00:00,185.55699290585244
2023-11-13 23:00:00+00:00,45.02151980071898
2023-11-14 00:00:00+00:00,0.0
2023-11-14 01:00:00+00:00,0.0
2023-11-14 02:00:00+00:00,0.0
2023-11-14 03:00:00+00:00,0.0
2023-11-14 04:00:00+00:00,0.0
2023-11-14 05:00:00+00:00,0.0
2023-11-14 06:00:00+00:00,0.0
2023-11-14 07:00:00+00:00,0.0
2023-11-14 08:00:00+00:00,0.0
2023-11-14 09:00:00+00:00,0.0
2023-11-14 10:00:00+00:00,0.0
2023-11-14 11:00:00+00:00,0.0
2023-11-14 12:00:00+00:00,0.0
2023-11-14 13:00:00+00:00,0.0
2023-11-14 14:00:00+00:00,384.47963206004823
2023-11-14 15:00:00+00:00,359.96556727164517
2023-11-14 16:00:00+00:00,248.5907074126834
2023-11-14 17:00:00+00:00,378.1975161089729
2023-11-14 18:00:00+00:00,398.7498116638563
2023-11-14 19:00:00+00:00,374.9075192691632
2023-11-14 20:00:00+00:00,362.2249410919291
2023-11-14 21:00:00+00:00,264.401441168851
2023-11-14 22:00:00+00:00,161.32614874495746
2023-11-14 23:00:00+00:00,34.76248248554035
2023-11-15 00:00:00+00:00,0.0
2023-11-15 01:00:00+00:00,0.0
2023-11-15 02:00:00+00:00,0.0
2023-11-15 03:00:00+00:00,0.0
2023-11-15 04:00:00+00:00,0.0
2023-11-15 05:00:00+00:00,0.0
2023-11-15 06:00:00+00:00,0.0
2023-11-15 07:00:00+00:00,0.0
2023-11-15 08:00:00+00:00,0.0
2023-11-15 09:00:00+00:00,0.0
2023-11-15 10:00:00+00:00,0.0
2023-11-15 11:00:00+00:00,0.0
2023-11-15 12:00:00+00:00,0.0
2023-11-15 13:00:00+00:00,0.0
2023-11-15 14:00:00+00:00,353.4170034217116
2023-11-15 15:00:00+00:00,363.00421778007336
2023-11-15 16:00:00+00:00,273.80426250950353
2023-11-15 17:00:00+00:00,427.1444487808715
2023-11-15 18:00:00+00:00,390.9337442415585
2023-11-15 19:00:00+00:00,369.8363467211161
2023-11-15 20:00:00+00:00,334.1716965409642
2023-11-15 21:00:00+00:00,250.62862148271657
2023-11-15 22:00:00+00:00,153.517123254894
2023-11-15 23:00:00+00:00,27.222419193568943
2023-11-16 00:00:00+00:00,0.0
2023-11-16 01:00:00+00:00,0.0
2023-11-16 02:00:00+00:00,0.0
2023-11-16 03:00:00+00:00,0.0
2023-11-16 04:00:00+00:00,0.0
2023-11-16 05:00:00+00:00,0.0
2023-11-16 06:00:00+00:00,0.0
2023-11-16 07:00:00+00:00,0.0
2023-11-16 08:00:00+00:00,0.0
2023-11-16 09:00:00+00:00,0.0
2023-11-16 10:00:00+00:00,0.0
2023-11-16 11:00:00+00:00,0.0
2023-11-16 12:00:00+00:00,0.0
2023-11-16 13:00:00+00:00,0.0
2023-11-16 14:00:00+00:00,377.8829234494683
2023-11-16 15:00:00+00:00,391.8886491877097
2023-11-16 16:00:00+00:00,300.7791082810618
2023-11-16 17:00:00+00:00,467.3976186185276
2023-11-16 18:00:00+00:00,420.10561567115855
2023-11-16 19:00:00+00:00,414.42450476055024
2023-11-16 20:00:00+00:00,379.3387808725394
2023-11-16 21:00:00+00:00,314.13792223972683
2023-11-16 22:00:00+00:00,208.91086608514323
2023-11-16 23:00:00+00:00,17.190678001429017
2023-11-17 00:00:00+00:00,0.0
2023-11-17 01:00:00+00:00,0.0
2023-11-17 02:00:00+00:00,0.0
2023-11-17 03:00:00+00:00,0.0
2023-11-17 04:00:00+00:00,0.0
2023-11-17 05:00:00+00:00,0.0
2023-11-17 06:00:00+00:00,0.0
2023-11-17 07:00:00+00:00,0.0
2023-11-17 08:00:00+00:00,0.0
2023-11-17 09:00:00+00:00,0.0
2023-11-17 10:00:00+00:00,0.0
2023-11-17 11:00:00+00:00,0.0
2023-11-17 12:00:00+00:00,0.0
2023-11-17 13:00:00+00:00,0.0
2023-11-17 14:00:00+00:00,323.3800046007063
2023-11-17 15:00:00+00:00,371.52066715858217
2023-11-17 16:00:00+00:00,307.3306685958742
2023-11-17 17:00:00+00:00,497.3772938756744
2023-11-17 18:00:00+00:00,477.7221465499993
2023-11-17 19:00:00+00:00,449.1773451163371
2023-11-17 20:00:00+00:00,409.1487105652546
2023-11-17 21:00:00+00:00,342.6754454139757
2023-11-17 22:00:00+00:00,228.39855008739323
2023-11-17 23:00:00+00:00,32.02977646383719
2023-11-18 00:00:00+00:00,0.0
2023-11-18 01:00:00+00:00,0.0
2023-11-18 02:00:00+00:00,0.0
2023-11-18 03:00:00+00:00,0.0
2023-11-18 04:00:00+00:00,0.0
2023-11-18 05:00:00+00:00,0.0
2023-11-18 06:00:00+00:00,0.0
2023-11-18 07:00:00+00:00,0.0
2023-11-18 08:00:00+00:00,0.0
2023-11-18 09:00:00+00:00,0.0
2023-11-18 10:00:00+00:00,0.0
2023-11-18 11:00:00+00:00,0.0
2023-11-18 12:00:00+00:00,0.0
2023-11-18 13:00:00+00:00,0.0
2023-11-18 14:00:00+00:00,357.68725472645207
2023-11-18 15:00:00+00:00,387.1660808103529
2023-11-18 16:00:00+00:00,294.5502962757733
2023-11-18 17:00:00+00:00,450.40360785136363
2023-11-18 18:00:00+00:00,418.9856130560099
2023-11-18 19:00:00+00:00,380.34411231649506
2023-11-18 20:00:00+00:00,349.26961225612496
2023-11-18 21:00:00+00:00,292.7410954843469
2023-11-18 22:00:00+00:00,194.24725947198272
2023-11-18 23:00:00+00:00,30.361284412194504
2023-11-19 00:00:00+00:00,0.0
2023-11-19 01:00:00+00:00,0.0
2023-11-19 02:00:00+00:00,0.0
2023-11-19 03:00:00+00:00,0.0
2023-11-19 04:00:00+00:00,0.0
2023-11-19 05:00:00+00:00,0.0
2023-11-19 06:00:00+00:00,0.0
2023-11-19 07:00:00+00:00,0.0
2023-11-19 08:00:00+00:00,0.0
2023-11-19 09:00:00+00:00,0.0
2023-11-19 10:00:00+00:00,0.0
2023-11-19 11:00:00+00:00,0.0
2023-11-19 12:00:00+00:00,0.0
2023-11-19 13:00:00+00:00,0.0
2023-11-19 14:00:00+00:00,368.6424603886206
2023-11-19 15:00:00+00:00,434.48981468896636
2023-11-19 16:00:00+00:00,318.25469503820807
2023-11-19 17:00:00+00:00,524.387678935081
2023-11-19 18:00:00+00:00,484.4164933289348
2023-11-19 19:00:00+00:00,465.5542305195024
2023-11-19 20:00:00+00:00,423.53847423852625
2023-11-19 21:00:00+00:00,354.39907361157196
2023-11-19 22:00:00+00:00,230.56251718462022
2023-11-19 23:00:00+00:00,41.060250981658264
2023-11-20 00:00:00+00:00,0.0
2023-11-20 01:00:00+00:00,0.0
2023-11-20 02:00:00+00:00,0.0
2023-11-20 03:00:00+00:00,0.0
2023-11-20 04:00:00+00:00,0.0
2023-11-20 05:00:00+00:00,0.0
2023-11-20 06:00:00+00:00,0.0
2023-11-20 07:00:00+00:00,0.0
2023-11-20 08:00:00+00:00,0.0
2023-11-20 09:00:00+00:00,0.0
2023-11-20 10:00:00+00:00,0.0
2023-11-20 11:00:00+00:00,0.0
2023-11-20 12:00:00+00:00,0.0
2023-11-20 13:00:00+00:00,0.0
2023-11-20 14:00:00+00:00,171.56482919593637
2023-11-20 15:00:00+00:00,229.78467805862712
2023-11-20 16:00:00+00:00,182.62071021680524
2023-11-20 17:00:00+00:00,331.20198049921237
2023-11-20 18:00:00+00:00,320.72159163527425
2023-11-20 19:00:00+00:00,307.9818942981407
2023-11-20 20:00:00+00:00,290.2089527054573
2023-11-20 21:00:00+00:00,262.2780765246528
2023-11-20 22:00:00+00:00,168.94184743636654
2023-11-20 23:00:00+00:00,29.58412390458575
2023-11-21 00:00:00+00:00,0.0
2023-11-21 01:00:00+00:00,0.0
2023-11-21 02:00:00+00:00,0.0
2023-11-21 03:00:00+00:00,0.0
2023-11-21 04:00:00+00:00,0.0
2023-11-21 05:00:00+00:00,0.0
2023-11-21 06:00:00+00:00,0.0
2023-11-21 07:00:00+00:00,0.0
2023-11-21 08:00:00+00:00,0.0
2023-11-21 09:00:00+00:00,0.0
2023-11-21 10:00:00+00:00,0.0
2023-11-21 11:00:00+00:00,0.0
2023-11-21 12:00:00+00:00,0.0
2023-11-21 13:00:00+00:00,0.0
2023-11-21 14:00:00+00:00,256.2201092822584
2023-11-21 15:00:00+00:00,387.68861133492084
2023-11-21 16:00:00+00:00,269.2905622174321
2023-11-21 17:00:00+00:00,461.46040346606975
2023-11-21 18:00:00+00:00,412.0424129080573
2023-11-21 19:00:00+00:00,417.53457682480075
2023-11-21 20:00:00+00:00,380.2917744537255
2023-11-21 21:00:00+00:00,307.9363156755638
2023-11-21 22:00:00+00:00,197.71669582105073
2023-11-21 23:00:00+00:00,16.735890510625502
2023-11-22 00:00:00+00:00,0.0
2023-11-22 01:00:00+00:00,0.0
2023-11-22 02:00:00+00:00,0.0
2023-11-22 03:00:00+00:00,0.0
2023-11-22 04:00:00+00:00,0.0
2023-11-22 05:00:00+00:00,0.0
2023-11-22 06:00:00+00:00,0.0
2023-11-22 07:00:00+00:00,0.0
2023-11-22 08:00:00+00:00,0.0
2023-11-22 09:00:00+00:00,0.0
2023-11-22 10:00:00+00:00,0.0
2023-11-22 11:00:00+00:00,0.0
2023-11-22 12:00:00+00:00,0.0
2023-11-22 13:00:00+00:00,0.0
2023-11-22 14:00:00+00:00,127.32373780070742
2023-11-22 15:00:00+00:00,224.18699590067604
2023-11-22 16:00:00+00:00,204.79296103675298
2023-11-22 17:00:00+00:00,340.98183419949294
2023-11-22 18:00:00+00:00,267.57625620426717
2023-11-22 19:00:00+00:00,265.97106171537195
2023-11-22 20:00:00+00:00,256.6655504450157
2023-11-22 21:00:00+00:00,207.29799756681095
2023-11-22 22:00:00+00:00,142.72492942126686
2023-11-22 23:00:00+00:00,17.08703207393028
2023-11-23 00:00:00+00:00,0.0
2023-11-23 01:00:00+00:00,0.0
2023-11-23 02:00:00+00:00,0.0
2023-11-23 03:00:00+00:00,0.0
2023-11-23 04:00:00+00:00,0.0
2023-11-23 05:00:00+00:00,0.0
2023-11-23 06:00:00+00:00,0.0
2023-11-23 07:00:00+00:00,0.0
2023-11-23 08:00:00+00:00,0.0
2023-11-23 09:00:00+00:00,0.0
2023-11-23 10:00:00+00:00,0.0
2023-11-23 11:00:00+00:00,0.0
2023-11-23 12:00:00+00:00,0.0
2023-11-23 13:00:00+00:00,0.0
2023-11-23 14:00:00+00:00,127.55508770299728
2023-11-23 15:00:00+00:00,205.61337092752174
2023-11-23 16:00:00+00:00,184.47081184445895
2023-11-23 17:00:00+00:00,323.17406936672717
2023-11-23 18:00:00+00:00,273.8609355376809
2023-11-23 19:00:00+00:00,271.2024815549185
2023-11-23 20:00:00+00:00,224.06864729723222
2023-11-23 21:00:00+00:00,179.78530561619667
2023-11-23 22:00:00+00:00,78.2078702680768
2023-11-23 23:00:00+00:00,0.0
2023-11-24 00:00:00+00:00,0.0
2023-11-24 01:00:00+00:00,0.0
2023-11-24 02:00:00+00:00,0.0
2023-11-24 03:00:00+00:00,0.0
2023-11-24 04:00:00+00:00,0.0
2023-11-24 05:00:00+00:00,0.0
2023-11-24 06:00:00+00:00,0.0
2023-11-24 07:00:00+00:00,0.0
2023-11-24 08:00:00+00:00,0.0
2023-11-24 09:00:00+00:00,0.0
2023-11-24 10:00:00+00:00,0.0
2023-11-24 11:00:00+00:00,0.0
2023-11-24 12:00:00+00:00,0.0
2023-11-24 13:00:00+00:00,0.0
2023-11-24 14:00:00+00:00,127.87821498695627
2023-11-24 15:00:00+00:00,323.673041959898
2023-11-24 16:00:00+00:00,242.26070641305185
2023-11-24 17:00:00+00:00,432.1737347377835
2023-11-24 18:00:00+00:00,387.3362649191813
2023-11-24 19:00:00+00:00,390.53735201540513
2023-11-24 20:00:00+00:00,351.5437123767154
2023-11-24 21:00:00+00:00,279.88388277555964
2023-11-24 22:00:00+00:00,192.5878150624459
2023-11-24 23:00:00+00:00,27.480643685965372
2023-11-25 00:00:00+00:00,0.0
2023-11-25 01:00:00+00:00,0.0
2023-11-25 02:00:00+00:00,0.0
2023-11-25 03:00:00+00:00,0.0
2023-11-25 04:00:00+00:00,0.0
2023-11-25 05:00:00+00:00,0.0
2023-11-25 06:00:00+00:00,0.0
2023-11-25 07:00:00+00:00,0.0
2023-11-25 08:00:00+00:00,0.0
2023-11-25 09:00:00+00:00,0.0
2023-11-25 10:00:00+00:00,0.0
2023-11-25 11:00:00+00:00,0.0
2023-11-25 12:00:00+00:00,0.0
2023-11-25 13:00:00+00:00,0.0
2023-11-25 14:00:00+00:00,126.19456947162136
2023-11-25 15:00:00+00:00,417.7157873115894
2023-11-25 16:00:00+00:00,286.7391756804987
2023-11-25 17:00:00+00:00,498.51269329213886
2023-11-25 18:00:00+00:00,443.97890435299297
2023-11-25 19:00:00+00:00,431.0778058342414
2023-11-25 20:00:00+00:00,338.46461889540575
2023-11-25 21:00:00+00:00,280.8364543953672
2023-11-25 22:00:00+00:00,189.76336886792538
2023-11-25 23:00:00+00:00,29.124051433996584
2023-11-26 00:00:00+00:00,0.0
2023-11-26 01:00:00+00:00,0.0
2023-11-26 02:00:00+00:00,0.0
2023-11-26 03:00:00+00:00,0.0
2023-11-26 04:00:00+00:00,0.0
2023-11-26 05:00:00+00:00,0.0
2023-11-26 06:00:00+00:00,0.0
2023-11-26 07:00:00+00:00,0.0
2023-11-26 08:00:00+00:00,0.0
2023-11-26 09:00:00+00:00,0.0
2023-11-26 10:00:00+00:00,0.0
2023-11-26 11:00:00+00:00,0.0
2023-11-26 12:00:00+00:00,0.0
2023-11-26 13:00:00+00:00,0.0
2023-11-26 14:00:00+00:00,127.51257199622087
2023-11-26 15:00:00+00:00,299.88522294192154
2023-11-26 16:00:00+00:00,231.3461150693406
2023-11-26 17:00:00+00:00,406.0253065471291
2023-11-26 18:00:00+00:00,407.6739719727472
2023-11-26 19:00:00+00:00,377.208950849622
2023-11-26 20:00:00+00:00,338.99484577973584
2023-11-26 21:00:00+00:00,292.0885011920678
2023-11-26 22:00:00+00:00,185.7589776764219
2023-11-26 23:00:00+00:00,18.282190531736877
2023-11-27 00:00:00+00:00,0.0
2023-11-27 01:00:00+00:00,0.0
2023-11-27 02:00:00+00:00,0.0
2023-11-27 03:00:00+00:00,0.0
2023-11-27 04:00:00+00:00,0.0
2023-11-27 05:00:00+00:00,0.0
2023-11-27 06:00:00+00:00,0.0
2023-11-27 07:00:00+00:00,0.0
2023-11-27 08:00:00+00:00,0.0
2023-11-27 09:00:00+00:00,0.0
2023-11-27 10:00:00+00:00,0.0
2023-11-27 11:00:00+00:00,0.0
2023-11-27 12:00:00+00:00,0.0
2023-11-27 13:00:00+00:00,0.0
2023-11-27 14:00:00+00:00,127.22283077839087
2023-11-27 15:00:00+00:00,307.020229428464
2023-11-27 16:00:00+00:00,229.34132952797722
2023-11-27 17:00:00+00:00,417.52309628777294
2023-11-27 18:00:00+00:00,396.2716479808091
2023-11-27 19:00:00+00:00,362.5358141733184
2023-11-27 20:00:00+00:00,298.51667749697486
2023-11-27 21:00:00+00:00,204.47018751969782
2023-11-27 22:00:00+00:00,138.59465140070162
2023-11-27 23:00:00+00:00,17.72519237350479
2023-11-28 00:00:00+00:00,0.0
2023-11-28 01:00:00+00:00,0.0
2023-11-28 02:00:00+00:00,0.0
2023-11-28 03:00:00+00:00,0.0
2023-11-28 04:00:00+00:00,0.0
2023-11-28 05:00:00+00:00,0.0
2023-11-28 06:00:00+00:00,0.0
2023-11-28 07:00:00+00:00,0.0
2023-11-28 08:00:00+00:00,0.0
2023-11-28 09:00:00+00:00,0.0
2023-11-28 10:00:00+00:00,0.0
2023-11-28 11:00:00+00:00,0.0
2023-11-28 12:00:00+00:00,0.0
2023-11-28 13:00:00+00:00,0.0
2023-11-28 14:00:00+00:00,0.0
2023-11-28 15:00:00+00:00,395.94653160399463
2023-11-28 16:00:00+00:00,265.8318527654861
2023-11-28 17:00:00+00:00,488.93708259717056
2023-11-28 18:00:00+00:00,452.98878620641767
2023-11-28 19:00:00+00:00,413.43993330630457
2023-11-28 20:00:00+00:00,325.93772887059583
2023-11-28 21:00:00+00:00,248.55636167471684
2023-11-28 22:00:00+00:00,148.78557053185406
2023-11-28 23:00:00+00:00,26.887214026089804
2023-11-29 00:00:00+00:00,0.0
2023-11-29 01:00:00+00:00,0.0
2023-11-29 02:00:00+00:00,0.0
2023-11-29 03:00:00+00:00,0.0
2023-11-29 04:00:00+00:00,0.0
2023-11-29 05:00:00+00:00,0.0
2023-11-29 06:00:00+00:00,0.0
2023-11-29 07:00:00+00:00,0.0
2023-11-29 08:00:00+00:00,0.0
2023-11-29 09:00:00+00:00,0.0
2023-11-29 10:00:00+00:00,0.0
2023-11-29 11:00:00+00:00,0.0
2023-11-29 12:00:00+00:00,0.0
2023-11-29 13:00:00+00:00,0.0
2023-11-29 14:00:00+00:00,0.0
2023-11-29 15:00:00+00:00,249.36331860070223
2023-11-29 16:00:00+00:00,186.77451888135855
2023-11-29 17:00:00+00:00,335.7155969607686
2023-11-29 18:00:00+00:00,316.3810697782576
2023-11-29 19:00:00+00:00,292.398802993202
2023-11-29 20:00:00+00:00,260.20442197834586
2023-11-29 21:00:00+00:00,214.36473500605413
2023-11-29 22:00:00+00:00,125.2641391484932
2023-11-29 23:00:00+00:00,13.132793575105849
2023-11-30 00:00:00+00:00,0.0
2023-11-30 01:00:00+00:00,0.0
2023-11-30 02:00:00+00:00,0.0
2023-11-30 03:00:00+00:00,0.0
2023-11-30 04:00:00+00:00,0.0
2023-11-30 05:00:00+00:00,0.0
2023-11-30 06:00:00+00:00,0.0
2023-11-30 07:00:00+00:00,0.0
2023-11-30 08:00:00+00:00,0.0
2023-11-30 09:00:00+00:00,0.0
2023-11-30 10:00:00+00:00,0.0
2023-11-30 11:00:00+00:00,0.0
2023-11-30 12:00:00+00:00,0.0
2023-11-30 13:00:00+00:00,0.0
2023-11-30 14:00:00+00:00,0.0
2023-11-30 15:00:00+00:00,300.98984257608646
2023-11-30 16:00:00+00:00,208.5006098693635
2023-11-30 17:00:00+00:00,418.59769232834986
2023-11-30 18:00:00+00:00,333.96859444391526
2023-11-30 19:00:00+00:00,274.0386006461352
2023-11-30 20:00:00+00:00,206.07780073102882
2023-11-30 21:00:00+00:00,158.0346110643156
2023-11-30 22:00:00+00:00,103.33840758890068
2023-11-30 23:00:00+00:00,17.94949202857592
2023-12-01 00:00:00+00:00,0.0
2023-12-01 01:00:00+00:00,0.0
2023-12-01 02:00:00+00:00,0.0
2023-12-01 03:00:00+00:00,0.0
2023-12-01 04:00:00+00:00,0.0
2023-12-01 05:00:00+00:00,0.0
2023-12-01 06:00:00+00:00,0.0
2023-12-01 07:00:00+00:00,0.0
2023-12-01 08:00:00+00:00,0.0
2023-12-01 09:00:00+00:00,0.0
2023-12-01 10:00:00+00:00,0.0
2023-12-01 11:00:00+00:00,0.0
2023-12-01 12:00:00+00:00,0.0
2023-12-01 13:00:00+00:00,0.0
2023-12-01 14:00:00+00:00,0.0
2023-12-01 15:00:00+00:00,451.4678156767654
2023-12-01 16:00:00+00:00,270.7455399714241
2023-12-01 17:00:00+00:00,487.16757284572833
2023-12-01 18:00:00+00:00,477.97726910789817
2023-12-01 19:00:00+00:00,424.27344347159124
2023-12-01 20:00:00+00:00,301.64605675459035
2023-12-01 21:00:00+00:00,217.4320558487448
2023-12-01 22:00:00+00:00,125.34268991698673
2023-12-01 23:00:00+00:00,0.0
2023-12-02 00:00:00+00:00,0.0
2023-12-02 01:00:00+00:00,0.0
2023-12-02 02:00:00+00:00,0.0
2023-12-02 03:00:00+00:00,0.0
2023-12-02 04:00:00+00:00,0.0
2023-12-02 05:00:00+00:00,0.0
2023-12-02 06:00:00+00:00,0.0
2023-12-02 07:00:00+00:00,0.0
2023-12-02 08:00:00+00:00,0.0
2023-12-02 09:00:00+00:00,0.0
2023-12-02 10:00:00+00:00,0.0
2023-12-02 11:00:00+00:00,0.0
2023-12-02 12:00:00+00:00,0.0
2023-12-02 13:00:00+00:00,0.0
2023-12-02 14:00:00+00:00,0.0
2023-12-02 15:00:00+00:00,221.6606552263959
2023-12-02 16:00:00+00:00,155.76072228396467
2023-12-02 17:00:00+00:00,369.0415056818054
2023-12-02 18:00:00+00:00,361.3572511417089
2023-12-02 19:00:00+00:00,307.79789417365134
2023-12-02 20:00:00+00:00,266.12464249225053
2023-12-02 21:00:00+00:00,182.3583595794072
2023-12-02 22:00:00+00:00,83.59858785760404
2023-12-02 23:00:00+00:00,15.918197610230953
2023-12-03 00:00:00+00:00,0.0
2023-12-03 01:00:00+00:00,0.0
2023-12-03 02:00:00+00:00,0.0
2023-12-03 03:00:00+00:00,0.0
2023-12-03 04:00:00+00:00,0.0
2023-12-03 05:00:00+00:00,0.0
2023-12-03 06:00:00+00:00,0.0
2023-12-03 07:00:00+00:00,0.0
2023-12-03 08:00:00+00:00,0.0
2023-12-03 09:00:00+00:00,0.0
2023-12-03 10:00:00+00:00,0.0
2023-12-03 11:00:00+00:00,0.0
2023-12-03 12:00:00+00:00,0.0
2023-12-03 13:00:00+00:00,0.0
2023-12-03 14:00:00+00:00,0.0
2023-12-03 15:00:00+00:00,194.34365985369627
2023-12-03 16:00:00+00:00,141.5537340252387
2023-12-03 17:00:00+00:00,256.5575426486999
2023-12-03 18:00:00+00:00,287.5298159438771
2023-12-03 19:00:00+00:00,307.5523783804379
2023-12-03 20:00:00+00:00,294.22233696944846
2023-12-03 21:00:00+00:00,260.5274204416149
2023-12-03 22:00:00+00:00,152.83245208657368
2023-12-03 23:00:00+00:00,16.293319547203648
2023-12-04 00:00:00+00:00,0.0
2023-12-04 01:00:00+00:00,0.0
2023-12-04 02:00:00+00:00,0.0
2023-12-04 03:00:00+00:00,0.0
2023-12-04 04:00:00+00:00,0.0
2023-12-04 05:00:00+00:00,0.0
2023-12-04 06:00:00+00:00,0.0
2023-12-04 07:00:00+00:00,0.0
2023-12-04 08:00:00+00:00,0.0
2023-12-04 09:00:00+00:00,0.0
2023-12-04 10:00:00+00:00,0.0
2023-12-04 11:00:00+00:00,0.0
2023-12-04 12:00:00+00:00,0.0
2023-12-04 13:00:00+00:00,0.0
2023-12-04 14:00:00+00:00,0.0
2023-12-04 15:00:00+00:00,445.6361287684724
2023-12-04 16:00:00+00:00,291.48813247671404
2023-12-04 17:00:00+00:00,539.5985578100623
2023-12-04 18:00:00+00:00,496.56165173281323
2023-12-04 19:00:00+00:00,447.5800082392116
2023-12-04 20:00:00+00:00,418.1563043787481
2023-12-04 21:00:00+00:00,354.5343787720639
2023-12-04 22:00:00+00:00,233.75835562869818
2023-12-04 23:00:00+00:00,30.012408623822637
2023-12-05 00:00:00+00:00,0.0
2023-12-05 01:00:00+00:00,0.0
2023-12-05 02:00:00+00:00,0.0
2023-12-05 03:00:00+00:00,0.0
2023-12-05 04:00:00+00:00,0.0
2023-12-05 05:00:00+00:00,0.0
2023-12-05 06:00:00+00:00,0.0
2023-12-05 07:00:00+00:00,0.0
2023-12-05 08:00:00+00:00,0.0
2023-12-05 09:00:00+00:00,0.0
2023-12-05 10:00:00+00:00,0.0
2023-12-05 11:00:00+00:00,0.0
2023-12-05 12:00:00+00:00,0.0
2023-12-05 13:00:00+00:00,0.0
2023-12-05 14:00:00+00:00,0.0
2023-12-05 15:00:00+00:00,401.33694525019456
2023-12-05 16:00:00+00:00,258.91999033080447
2023-12-05 17:00:00+00:00,480.8706645030293
2023-12-05 18:00:00+00:00,441.8910779782213
2023-12-05 19:00:00+00:00,414.1817858268232
2023-12-05 20:00:00+00:00,355.1233072271921
2023-12-05 21:00:00+00:00,271.71146247988753
2023-12-05 22:00:00+00:00,176.41741759618466
2023-12-05 23:00:00+00:00,16.71626953649449
2023-12-06 00:00:00+00:00,0.0
2023-12-06 01:00:00+00:00,0.0
2023-12-06 02:00:00+00:00,0.0
2023-12-06 03:00:00+00:00,0.0
2023-12-06 04:00:00+00:00,0.0
2023-12-06 05:00:00+00:00,0.0
2023-12-06 06:00:00+00:00,0.0
2023-12-06 07:00:00+00:00,0.0
2023-12-06 08:00:00+00:00,0.0
2023-12-06 09:00:00+00:00,0.0
2023-12-06 10:00:00+00:00,0.0
2023-12-06 11:00:00+00:00,0.0
2023-12-06 12:00:00+00:00,0.0
2023-12-06 13:00:00+00:00,0.0
2023-12-06 14:00:00+00:00,0.0
2023-12-06 15:00:00+00:00,268.2218627599324
2023-12-06 16:00:00+00:00,179.25095982490157
2023-12-06 17:00:00+00:00,311.61590421000926
2023-12-06 18:00:00+00:00,201.83436964405936
2023-12-06 19:00:00+00:00,231.35216944388347
2023-12-06 20:00:00+00:00,222.6169070067053
2023-12-06 21:00:00+00:00,195.93205008625412
2023-12-06 22:00:00+00:00,118.82676194975295
2023-12-06 23:00:00+00:00,14.47368262249644
2023-12-07 00:00:00+00:00,0.0
2023-12-07 01:00:00+00:00,0.0
2023-12-07 02:00:00+00:00,0.0
2023-12-07 03:00:00+00:00,0.0
2023-12-07 04:00:00+00:00,0.0
2023-12-07 05:00:00+00:00,0.0
2023-12-07 06:00:00+00:00,0.0
2023-12-07 07:00:00+00:00,0.0
2023-12-07 08:00:00+00:00,0.0
2023-12-07 09:00:00+00:00,0.0
2023-12-07 10:00:00+00:00,0.0
2023-12-07 11:00:00+00:00,0.0
2023-12-07 12:00:00+00:00,0.0
2023-12-07 13:00:00+00:00,0.0
2023-12-07 14:00:00+00:00,0.0
2023-12-07 15:00:00+00:00,243.90647499475892
2023-12-07 16:00:00+00:00,138.00855381912868
2023-12-07 17:00:00+00:00,258.733831643763
2023-12-07 18:00:00+00:00,265.24642521043614
2023-12-07 19:00:00+00:00,226.9377753701729
2023-12-07 20:00:00+00:00,222.31908053619213
2023-12-07 21:00:00+00:00,132.56254499794693
2023-12-07 22:00:00+00:00,17.87585824505215
2023-12-07 23:00:00+00:00,0.0
2023-12-08 00:00:00+00:00,0.0
2023-12-08 01:00:00+00:00,0.0
2023-12-08 02:00:00+00:00,0.0
2023-12-08 03:00:00+00:00,0.0
2023-12-08 04:00:00+00:00,0.0
2023-12-08 05:00:00+00:00,0.0
2023-12-08 06:00:00+00:00,0.0
2023-12-08 07:00:00+00:00,0.0
2023-12-08 08:00:00+00:00,0.0
2023-12-08 09:00:00+00:00,0.0
2023-12-08 10:00:00+00:00,0.0
2023-12-08 11:00:00+00:00,0.0
2023-12-08 12:00:00+00:00,0.0
2023-12-08 13:00:00+00:00,0.0
2023-12-08 14:00:00+00:00,0.0
2023-12-08 15:00:00+00:00,280.1540681436234
2023-12-08 16:00:00+00:00,156.50034817742687
2023-12-08 17:00:00+00:00,322.8197788530145
2023-12-08 18:00:00+00:00,280.81405461911714
2023-12-08 19:00:00+00:00,257.72268715318324
2023-12-08 20:00:00+00:00,251.29753042833212
2023-12-08 21:00:00+00:00,222.76115892707034
2023-12-08 22:00:00+00:00,150.12497325944213
2023-12-08 23:00:00+00:00,14.657233311321072
2023-12-09 00:00:00+00:00,0.0
2023-12-09 01:00:00+00:00,0.0
2023-12-09 02:00:00+00:00,0.0
2023-12-09 03:00:00+00:00,0.0
2023-12-09 04:00:00+00:00,0.0
2023-12-09 05:00:00+00:00,0.0
2023-12-09 06:00:00+00:00,0.0
2023-12-09 07:00:00+00:00,0.0
2023-12-09 08:00:00+00:00,0.0
2023-12-09 09:00:00+00:00,0.0
2023-12-09 10:00:00+00:00,0.0
2023-12-09 11:00:00+00:00,0.0
2023-12-09 12:00:00+00:00,0.0
2023-12-09 13:00:00+00:00,0.0
2023-12-09 14:00:00+00:00,0.0
2023-12-09 15:00:00+00:00,414.2639768619718
2023-12-09 16:00:00+00:00,227.52310065394144
2023-12-09 17:00:00+00:00,450.87251074454
2023-12-09 18:00:00+00:00,426.83954020425364
2023-12-09 19:00:00+00:00,389.4355692099939
2023-12-09 20:00:00+00:00,373.128340913494
2023-12-09 21:00:00+00:00,269.4997448368528
2023-12-09 22:00:00+00:00,179.73619900785357
2023-12-09 23:00:00+00:00,15.18245810920847
2023-12-10 00:00:00+00:00,0.0
2023-12-10 01:00:00+00:00,0.0
2023-12-10 02:00:00+00:00,0.0
2023-12-10 03:00:00+00:00,0.0
2023-12-10 04:00:00+00:00,0.0
2023-12-10 05:00:00+00:00,0.0
2023-12-10 06:00:00+00:00,0.0
2023-12-10 07:00:00+00:00,0.0
2023-12-10 08:00:00+00:00,0.0
2023-12-10 09:00:00+00:00,0.0
2023-12-10 10:00:00+00:00,0.0
2023-12-10 11:00:00+00:00,0.0
2023-12-10 12:00:00+00:00,0.0
2023-12-10 13:00:00+00:00,0.0
2023-12-10 14:00:00+00:00,0.0
2023-12-10 15:00:00+00:00,467.3394727109765
2023-12-10 16:00:00+00:00,244.04297353386434
2023-12-10 17:00:00+00:00,455.3601558149274
2023-12-10 18:00:00+00:00,424.045889713118
2023-12-10 19:00:00+00:00,399.542894691699
2023-12-10 20:00:00+00:00,362.2057920251953
2023-12-10 21:00:00+00:00,296.6648355726577
2023-12-10 22:00:00+00:00,189.90898662174197
2023-12-10 23:00:00+00:00,13.950369126279321
2023-12-11 00:00:00+00:00,0.0
2023-12-11 01:00:00+00:00,0.0
2023-12-11 02:00:00+00:00,0.0
2023-12-11 03:00:00+00:00,0.0
2023-12-11 04:00:00+00:00,0.0
2023-12-11 05:00:00+00:00,0.0
2023-12-11 06:00:00+00:00,0.0
2023-12-11 07:00:00+00:00,0.0
2023-12-11 08:00:00+00:00,0.0
2023-12-11 09:00:00+00:00,0.0
2023-12-11 10:00:00+00:00,0.0
2023-12-11 11:00:00+00:00,0.0
2023-12-11 12:00:00+00:00,0.0
2023-12-11 13:00:00+00:00,0.0
2023-12-11 14:00:00+00:00,0.0
2023-12-11 15:00:00+00:00,303.78366066070276
2023-12-11 16:00:00+00:00,168.803193958552
2023-12-11 17:00:00+00:00,366.9981324881807
2023-12-11 18:00:00+00:00,322.6295321639515
2023-12-11 19:00:00+00:00,297.3978346034167
2023-12-11 20:00:00+00:00,244.88934364228592
2023-12-11 21:00:00+00:00,231.54770493702168
2023-12-11 22:00:00+00:00,150.7896595858209
2023-12-11 23:00:00+00:00,12.169411924333707
2023-12-12 00:00:00+00:00,0.0
2023-12-12 01:00:00+00:00,0.0
2023-12-12 02:00:00+00:00,0.0
2023-12-12 03:00:00+00:00,0.0
2023-12-12 04:00:00+00:00,0.0
2023-12-12 05:00:00+00:00,0.0
2023-12-12 06:00:00+00:00,0.0
2023-12-12 07:00:00+00:00,0.0
2023-12-12 08:00:00+00:00,0.0
2023-12-12 09:00:00+00:00,0.0
2023-12-12 10:00:00+00:00,0.0
2023-12-12 11:00:00+00:00,0.0
2023-12-12 12:00:00+00:00,0.0
2023-12-12 13:00:00+00:00,0.0
2023-12-12 14:00:00+00:00,0.0
2023-12-12 15:00:00+00:00,326.05284750044217
2023-12-12 16:00:00+00:00,176.8307242619309
2023-12-12 17:00:00+00:00,353.82032448287913
2023-12-12 18:00:00+00:00,380.10974119019187
2023-12-12 19:00:00+00:00,296.5266368069369
2023-12-12 20:00:00+00:00,294.2902818775295
2023-12-12 21:00:00+00:00,244.87812188063026
2023-12-12 22:00:00+00:00,147.76112001541503
2023-12-12 23:00:00+00:00,16.68272523487013
2023-12-13 00:00:00+00:00,0.0
2023-12-13 01:00:00+00:00,0.0
2023-12-13 02:00:00+00:00,0.0
2023-12-13 03:00:00+00:00,0.0
2023-12-13 04:00:00+00:00,0.0
2023-12-13 05:00:00+00:00,0.0
2023-12-13 06:00:00+00:00,0.0
2023-12-13 07:00:00+00:00,0.0
2023-12-13 08:00:00+00:00,0.0
2023-12-13 09:00:00+00:00,0.0
2023-12-13 10:00:00+00:00,0.0
2023-12-13 11:00:00+00:00,0.0
2023-12-13 12:00:00+00:00,0.0
2023-12-13 13:00:00+00:00,0.0
2023-12-13 14:00:00+00:00,0.0
2023-12-13 15:00:00+00:00,210.48881450572904
2023-12-13 16:00:00+00:00,113.96907524127528
2023-12-13 17:00:00+00:00,391.05711807021567
2023-12-13 18:00:00+00:00,387.14647856992383
2023-12-13 19:00:00+00:00,367.18089604352826
2023-12-13 20:00:00+00:00,310.1326060005809
2023-12-13 21:00:00+00:00,225.73228792867664
2023-12-13 22:00:00+00:00,140.24895640255525
2023-12-13 23:00:00+00:00,0.0
2023-12-14 00:00:00+00:00,0.0
2023-12-14 01:00:00+00:00,0.0
2023-12-14 02:00:00+00:00,0.0
2023-12-14 03:00:00+00:00,0.0
2023-12-14 04:00:00+00:00,0.0
2023-12-14 05:00:00+00:00,0.0
2023-12-14 06:00:00+00:00,0.0
2023-12-14 07:00:00+00:00,0.0
2023-12-14 08:00:00+00:00,0.0
2023-12-14 09:00:00+00:00,0.0
2023-12-14 10:00:00+00:00,0.0
2023-12-14 11:00:00+00:00,0.0
2023-12-14 12:00:00+00:00,0.0
2023-12-14 13:00:00+00:00,0.0
2023-12-14 14:00:00+00:00,0.0
2023-12-14 15:00:00+00:00,357.24647488458544
2023-12-14 16:00:00+00:00,212.5640119255836
2023-12-14 17:00:00+00:00,505.6732877434136
2023-12-14 18:00:00+00:00,480.33899723892597
2023-12-14 19:00:00+00:00,437.93329789458335
2023-12-14 20:00:00+00:00,396.7660593573044
2023-12-14 21:00:00+00:00,334.0029431965359
2023-12-14 22:00:00+00:00,199.07784387445153
2023-12-14 23:00:00+00:00,18.065260641141908
2023-12-15 00:00:00+00:00,0.0
2023-12-15 01:00:00+00:00,0.0
2023-12-15 02:00:00+00:00,0.0
2023-12-15 03:00:00+00:00,0.0
2023-12-15 04:00:00+00:00,0.0
2023-12-15 05:00:00+00:00,0.0
2023-12-15 06:00:00+00:00,0.0
2023-12-15 07:00:00+00:00,0.0
2023-12-15 08:00:00+00:00,0.0
2023-12-15 09:00:00+00:00,0.0
2023-12-15 10:00:00+00:00,0.0
2023-12-15 11:00:00+00:00,0.0
2023-12-15 12:00:00+00:00,0.0
2023-12-15 13:00:00+00:00,0.0
2023-12-15 14:00:00+00:00,0.0
2023-12-15 15:00:00+00:00,342.837886736307
2023-12-15 16:00:00+00:00,198.51029435940234
2023-12-15 17:00:00+00:00,489.85956568179034
2023-12-15 18:00:00+00:00,430.8037935609904
2023-12-15 19:00:00+00:00,410.6580528652448
2023-12-15 20:00:00+00:00,348.743437474942
2023-12-15 21:00:00+00:00,267.59679531034266
2023-12-15 22:00:00+00:00,169.07043670692795
2023-12-15 23:00:00+00:00,34.77812176139729
2023-12-16 00:00:00+00:00,0.0
2023-12-16 01:00:00+00:00,0.0
2023-12-16 02:00:00+00:00,0.0
2023-12-16 03:00:00+00:00,0.0
2023-12-16 04:00:00+00:00,0.0
2023-12-16 05:00:00+00:00,0.0
2023-12-16 06:00:00+00:00,0.0
2023-12-16 07:00:00+00:00,0.0
2023-12-16 08:00:00+00:00,0.0
2023-12-16 09:00:00+00:00,0.0
2023-12-16 10:00:00+00:00,0.0
2023-12-16 11:00:00+00:00,0.0
2023-12-16 12:00:00+00:00,0.0
2023-12-16 13:00:00+00:00,0.0
2023-12-16 14:00:00+00:00,0.0
2023-12-16 15:00:00+00:00,240.73292114305806
2023-12-16 16:00:00+00:00,170.3400242014768
2023-12-16 17:00:00+00:00,427.48442729794345
2023-12-16 18:00:00+00:00,355.15400219896964
2023-12-16 19:00:00+00:00,378.7148748869898
2023-12-16 20:00:00+00:00,362.1159542215152
2023-12-16 21:00:00+00:00,306.66042746456293
2023-12-16 22:00:00+00:00,170.76004005604
2023-12-16 23:00:00+00:00,13.455751892232847
2023-12-17 00:00:00+00:00,0.0
2023-12-17 01:00:00+00:00,0.0
2023-12-17 02:00:00+00:00,0.0
2023-12-17 03:00:00+00:00,0.0
2023-12-17 04:00:00+00:00,0.0
2023-12-17 05:00:00+00:00,0.0
2023-12-17 06:00:00+00:00,0.0
2023-12-17 07:00:00+00:00,0.0
2023-12-17 08:00:00+00:00,0.0
2023-12-17 09:00:00+00:00,0.0
2023-12-17 10:00:00+00:00,0.0
2023-12-17 11:00:00+00:00,0.0
2023-12-17 12:00:00+00:00,0.0
2023-12-17 13:00:00+00:00,0.0
2023-12-17 14:00:00+00:00,0.0
2023-12-17 15:00:00+00:00,116.08720110706459
2023-12-17 16:00:00+00:00,117.91711817752791
2023-12-17 17:00:00+00:00,371.40124279699995
2023-12-17 18:00:00+00:00,304.77234285990386
2023-12-17 19:00:00+00:00,309.4326040912192
2023-12-17 20:00:00+00:00,332.0681214106936
2023-12-17 21:00:00+00:00,272.74649179328236
2023-12-17 22:00:00+00:00,178.589509743116
2023-12-17 23:00:00+00:00,42.042957566389
2023-12-18 00:00:00+00:00,0.0
2023-12-18 01:00:00+00:00,0.0
2023-12-18 02:00:00+00:00,0.0
2023-12-18 03:00:00+00:00,0.0
2023-12-18 04:00:00+00:00,0.0
2023-12-18 05:00:00+00:00,0.0
2023-12-18 06:00:00+00:00,0.0
2023-12-18 07:00:00+00:00,0.0
2023-12-18 08:00:00+00:00,0.0
2023-12-18 09:00:00+00:00,0.0
2023-12-18 10:00:00+00:00,0.0
2023-12-18 11:00:00+00:00,0.0
2023-12-18 12:00:00+00:00,0.0
2023-12-18 13:00:00+00:00,0.0
2023-12-18 14:00:00+00:00,0.0
2023-12-18 15:00:00+00:00,409.0512942976516
2023-12-18 16:00:00+00:00,199.99051037685305
2023-12-18 17:00:00+00:00,496.1461731275148
2023-12-18 18:00:00+00:00,448.37123179221163
2023-12-18 19:00:00+00:00,425.4882617387214
2023-12-18 20:00:00+00:00,348.1397296656226
2023-12-18 21:00:00+00:00,285.5415779102238
2023-12-18 22:00:00+00:00,160.74514453487438
2023-12-18 23:00:00+00:00,19.816850603197143
2023-12-19 00:00:00+00:00,0.0
2023-12-19 01:00:00+00:00,0.0
2023-12-19 02:00:00+00:00,0.0
2023-12-19 03:00:00+00:00,0.0
2023-12-19 04:00:00+00:00,0.0
2023-12-19 05:00:00+00:00,0.0
2023-12-19 06:00:00+00:00,0.0
2023-12-19 07:00:00+00:00,0.0
2023-12-19 08:00:00+00:00,0.0
2023-12-19 09:00:00+00:00,0.0
2023-12-19 10:00:00+00:00,0.0
2023-12-19 11:00:00+00:00,0.0
2023-12-19 12:00:00+00:00,0.0
2023-12-19 13:00:00+00:00,0.0
2023-12-19 14:00:00+00:00,0.0
2023-12-19 15:00:00+00:00,338.2525954921771
2023-12-19 16:00:00+00:00,184.1032614151214
2023-12-19 17:00:00+00:00,444.44688937123027
2023-12-19 18:00:00+00:00,396.69249584930316
2023-12-19 19:00:00+00:00,363.9510978424274
2023-12-19 20:00:00+00:00,349.4648199308496
2023-12-19 21:00:00+00:00,292.9437851809586
2023-12-19 22:00:00+00:00,192.07723428874087
2023-12-19 23:00:00+00:00,29.472760756626133
2023-12-20 00:00:00+00:00,0.0
2023-12-20 01:00:00+00:00,0.0
2023-12-20 02:00:00+00:00,0.0
2023-12-20 03:00:00+00:00,0.0
2023-12-20 04:00:00+00:00,0.0
2023-12-20 05:00:00+00:00,0.0
2023-12-20 06:00:00+00:00,0.0
2023-12-20 07:00:00+00:00,0.0
2023-12-20 08:00:00+00:00,0.0
2023-12-20 09:00:00+00:00,0.0
2023-12-20 10:00:00+00:00,0.0
2023-12-20 11:00:00+00:00,0.0
2023-12-20 12:00:00+00:00,0.0
2023-12-20 13:00:00+00:00,0.0
2023-12-20 14:00:00+00:00,0.0
2023-12-20 15:00:00+00:00,322.4723109332473
2023-12-20 16:00:00+00:00,195.59412997316258
2023-12-20 17:00:00+00:00,492.41677985536626
2023-12-20 18:00:00+00:00,467.9234711330996
2023-12-20 19:00:00+00:00,405.4412333249784
2023-12-20 20:00:00+00:00,349.4598287571862
2023-12-20 21:00:00+00:00,297.4136458794024
2023-12-20 22:00:00+00:00,196.58576426496575
2023-12-20 23:00:00+00:00,31.874836195871904
2023-12-21 00:00:00+00:00,0.0
2023-12-21 01:00:00+00:00,0.0
2023-12-21 02:00:00+00:00,0.0
2023-12-21 03:00:00+00:00,0.0
2023-12-21 04:00:00+00:00,0.0
2023-12-21 05:00:00+00:00,0.0
2023-12-21 06:00:00+00:00,0.0
2023-12-21 07:00:00+00:00,0.0
2023-12-21 08:00:00+00:00,0.0
2023-12-21 09:00:00+00:00,0.0
2023-12-21 10:00:00+00:00,0.0
2023-12-21 11:00:00+00:00,0.0
2023-12-21 12:00:00+00:00,0.0
2023-12-21 13:00:00+00:00,0.0
2023-12-21 14:00:00+00:00,0.0
2023-12-21 15:00:00+00:00,275.82348854232276
2023-12-21 16:00:00+00:00,157.16580438378722
2023-12-21 17:00:00+00:00,358.4113622530656
2023-12-21 18:00:00+00:00,282.14120145204106
2023-12-21 19:00:00+00:00,290.0855710226613
2023-12-21 20:00:00+00:00,260.13454453032386
2023-12-21 21:00:00+00:00,243.36606113223846
2023-12-21 22:00:00+00:00,131.23709895864013
2023-12-21 23:00:00+00:00,12.19845194905634
2023-12-22 00:00:00+00:00,0.0
2023-12-22 01:00:00+00:00,0.0
2023-12-22 02:00:00+00:00,0.0
2023-12-22 03:00:00+00:00,0.0
2023-12-22 04:00:00+00:00,0.0
2023-12-22 05:00:00+00:00,0.0
2023-12-22 06:00:00+00:00,0.0
2023-12-22 07:00:00+00:00,0.0
2023-12-22 08:00:00+00:00,0.0
2023-12-22 09:00:00+00:00,0.0
2023-12-22 10:00:00+00:00,0.0
2023-12-22 11:00:00+00:00,0.0
2023-12-22 12:00:00+00:00,0.0
2023-12-22 13:00:00+00:00,0.0
2023-12-22 14:00:00+00:00,0.0
2023-12-22 15:00:00+00:00,112.49351411038793
2023-12-22 16:00:00+00:00,70.94202010559245
2023-12-22 17:00:00+00:00,234.0577543511757
2023-12-22 18:00:00+00:00,227.8925798069562
2023-12-22 19:00:00+00:00,247.97114156378697
2023-12-22 20:00:00+00:00,232.7470260639378
2023-12-22 21:00:00+00:00,175.71033802864733
2023-12-22 22:00:00+00:00,115.4327628518206
2023-12-22 23:00:00+00:00,21.598980040897448
2023-12-23 00:00:00+00:00,0.0
2023-12-23 01:00:00+00:00,0.0
2023-12-23 02:00:00+00:00,0.0
2023-12-23 03:00:00+00:00,0.0
2023-12-23 04:00:00+00:00,0.0
2023-12-23 05:00:00+00:00,0.0
2023-12-23 06:00:00+00:00,0.0
2023-12-23 07:00:00+00:00,0.0
2023-12-23 08:00:00+00:00,0.0
2023-12-23 09:00:00+00:00,0.0
2023-12-23 10:00:00+00:00,0.0
2023-12-23 11:00:00+00:00,0.0
2023-12-23 12:00:00+00:00,0.0
2023-12-23 13:00:00+00:00,0.0
2023-12-23 14:00:00+00:00,0.0
2023-12-23 15:00:00+00:00,245.27683981388373
2023-12-23 16:00:00+00:00,117.5285915043002
2023-12-23 17:00:00+00:00,306.0106367350595
2023-12-23 18:00:00+00:00,218.00130863154536
2023-12-23 19:00:00+00:00,237.00179222923563
2023-12-23 20:00:00+00:00,210.81980882957336
2023-12-23 21:00:00+00:00,224.82524393898066
2023-12-23 22:00:00+00:00,195.2955843496703
2023-12-23 23:00:00+00:00,31.985418772496455
2023-12-24 00:00:00+00:00,0.0
2023-12-24 01:00:00+00:00,0.0
2023-12-24 02:00:00+00:00,0.0
2023-12-24 03:00:00+00:00,0.0
2023-12-24 04:00:00+00:00,0.0
2023-12-24 05:00:00+00:00,0.0
2023-12-24 06:00:00+00:00,0.0
2023-12-24 07:00:00+00:00,0.0
2023-12-24 08:00:00+00:00,0.0
2023-12-24 09:00:00+00:00,0.0
2023-12-24 10:00:00+00:00,0.0
2023-12-24 11:00:00+00:00,0.0
2023-12-24 12:00:00+00:00,0.0
2023-12-24 13:00:00+00:00,0.0
2023-12-24 14:00:00+00:00,0.0
2023-12-24 15:00:00+00:00,417.6790362769632
2023-12-24 16:00:00+00:00,211.2796871254318
2023-12-24 17:00:00+00:00,498.19123071887526
2023-12-24 18:00:00+00:00,473.5187248032028
2023-12-24 19:00:00+00:00,445.6170585975146
2023-12-24 20:00:00+00:00,344.50427154689106
2023-12-24 21:00:00+00:00,319.94421092553773
2023-12-24 22:00:00+00:00,212.58889111309648
2023-12-24 23:00:00+00:00,51.54457294879746
2023-12-25 00:00:00+00:00,0.0
2023-12-25 01:00:00+00:00,0.0
2023-12-25 02:00:00+00:00,0.0
2023-12-25 03:00:00+00:00,0.0
2023-12-25 04:00:00+00:00,0.0
2023-12-25 05:00:00+00:00,0.0
2023-12-25 06:00:00+00:00,0.0
2023-12-25 07:00:00+00:00,0.0
2023-12-25 08:00:00+00:00,0.0
2023-12-25 09:00:00+00:00,0.0
2023-12-25 10:00:00+00:00,0.0
2023-12-25 11:00:00+00:00,0.0
2023-12-25 12:00:00+00:00,0.0
2023-12-25 13:00:00+00:00,0.0
2023-12-25 14:00:00+00:00,0.0
2023-12-25 15:00:00+00:00,452.14140740958965
2023-12-25 16:00:00+00:00,261.0618504883989
2023-12-25 17:00:00+00:00,497.36779375002493
2023-12-25 18:00:00+00:00,427.5001437202588
2023-12-25 19:00:00+00:00,388.81589609472354
2023-12-25 20:00:00+00:00,347.9538404249811
2023-12-25 21:00:00+00:00,280.51037513412274
2023-12-25 22:00:00+00:00,202.75789777804542
2023-12-25 23:00:00+00:00,53.17445616236898
2023-12-26 00:00:00+00:00,0.0
2023-12-26 01:00:00+00:00,0.0
2023-12-26 02:00:00+00:00,0.0
2023-12-26 03:00:00+00:00,0.0
2023-12-26 04:00:00+00:00,0.0
2023-12-26 05:00:00+00:00,0.0
2023-12-26 06:00:00+00:00,0.0
2023-12-26 07:00:00+00:00,0.0
2023-12-26 08:00:00+00:00,0.0
2023-12-26 09:00:00+00:00,0.0
2023-12-26 10:00:00+00:00,0.0
2023-12-26 11:00:00+00:00,0.0
2023-12-26 12:00:00+00:00,0.0
2023-12-26 13:00:00+00:00,0.0
2023-12-26 14:00:00+00:00,0.0
2023-12-26 15:00:00+00:00,387.2890366763279
2023-12-26 16:00:00+00:00,229.89786404221528
2023-12-26 17:00:00+00:00,474.3409256265513
2023-12-26 18:00:00+00:00,448.74547583909475
2023-12-26 19:00:00+00:00,418.873317504427
2023-12-26 20:00:00+00:00,384.4279188024206
2023-12-26 21:00:00+00:00,299.24350778324686
2023-12-26 22:00:00+00:00,208.42542019989023
2023-12-26 23:00:00+00:00,54.24107438669056
2023-12-27 00:00:00+00:00,0.0
2023-12-27 01:00:00+00:00,0.0
2023-12-27 02:00:00+00:00,0.0
2023-12-27 03:00:00+00:00,0.0
2023-12-27 04:00:00+00:00,0.0
2023-12-27 05:00:00+00:00,0.0
2023-12-27 06:00:00+00:00,0.0
2023-12-27 07:00:00+00:00,0.0
2023-12-27 08:00:00+00:00,0.0
2023-12-27 09:00:00+00:00,0.0
2023-12-27 10:00:00+00:00,0.0
2023-12-27 11:00:00+00:00,0.0
2023-12-27 12:00:00+00:00,0.0
2023-12-27 13:00:00+00:00,0.0
2023-12-27 14:00:00+00:00,0.0
2023-12-27 15:00:00+00:00,408.37467517458396
2023-12-27 16:00:00+00:00,231.10374066254803
2023-12-27 17:00:00+00:00,479.0733474817293
2023-12-27 18:00:00+00:00,425.24896104792697
2023-12-27 19:00:00+00:00,415.15993101844947
2023-12-27 20:00:00+00:00,404.88961918561836
2023-12-27 21:00:00+00:00,350.8164550142904
2023-12-27 22:00:00+00:00,230.62740329250263
2023-12-27 23:00:00+00:00,56.79778055641347
2023-12-28 00:00:00+00:00,0.0
2023-12-28 01:00:00+00:00,0.0
2023-12-28 02:00:00+00:00,0.0
2023-12-28 03:00:00+00:00,0.0
2023-12-28 04:00:00+00:00,0.0
2023-12-28 05:00:00+00:00,0.0
2023-12-28 06:00:00+00:00,0.0
2023-12-28 07:00:00+00:00,0.0
2023-12-28 08:00:00+00:00,0.0
2023-12-28 09:00:00+00:00,0.0
2023-12-28 10:00:00+00:00,0.0
2023-12-28 11:00:00+00:00,0.0
2023-12-28 12:00:00+00:00,0.0
2023-12-28 13:00:00+00:00,0.0
2023-12-28 14:00:00+00:00,0.0
2023-12-28 15:00:00+00:00,241.95462861755274
2023-12-28 16:00:00+00:00,132.064044915075
2023-12-28 17:00:00+00:00,231.61661003517227
2023-12-28 18:00:00+00:00,229.81349338262575
2023-12-28 19:00:00+00:00,208.50714432766154
2023-12-28 20:00:00+00:00,244.45633128400587
2023-12-28 21:00:00+00:00,230.3334911255297
2023-12-28 22:00:00+00:00,126.80156519324402
2023-12-28 23:00:00+00:00,44.035999302720825
2023-12-29 00:00:00+00:00,0.0
2023-12-29 01:00:00+00:00,0.0
2023-12-29 02:00:00+00:00,0.0
2023-12-29 03:00:00+00:00,0.0
2023-12-29 04:00:00+00:00,0.0
2023-12-29 05:00:00+00:00,0.0
2023-12-29 06:00:00+00:00,0.0
2023-12-29 07:00:00+00:00,0.0
2023-12-29 08:00:00+00:00,0.0
2023-12-29 09:00:00+00:00,0.0
2023-12-29 10:00:00+00:00,0.0
2023-12-29 11:00:00+00:00,0.0
2023-12-29 12:00:00+00:00,0.0
2023-12-29 13:00:00+00:00,0.0
2023-12-29 14:00:00+00:00,0.0
2023-12-29 15:00:00+00:00,213.8214999543885
2023-12-29 16:00:00+00:00,145.92150217680967
2023-12-29 17:00:00+00:00,363.4195923199861
2023-12-29 18:00:00+00:00,262.4631346357876
2023-12-29 19:00:00+00:00,270.5230160558933
2023-12-29 20:00:00+00:00,257.83546927294003
2023-12-29 21:00:00+00:00,214.4370345266599
2023-12-29 22:00:00+00:00,145.63547132087854
2023-12-29 23:00:00+00:00,42.77812791482447
2023-12-30 00:00:00+00:00,0.0
2023-12-30 01:00:00+00:00,0.0
2023-12-30 02:00:00+00:00,0.0
2023-12-30 03:00:00+00:00,0.0
2023-12-30 04:00:00+00:00,0.0
2023-12-30 05:00:00+00:00,0.0
2023-12-30 06:00:00+00:00,0.0
2023-12-30 07:00:00+00:00,0.0
2023-12-30 08:00:00+00:00,0.0
2023-12-30 09:00:00+00:00,0.0
2023-12-30 10:00:00+00:00,0.0
2023-12-30 11:00:00+00:00,0.0
2023-12-30 12:00:00+00:00,0.0
2023-12-30 13:00:00+00:00,0.0
2023-12-30 14:00:00+00:00,0.0
2023-12-30 15:00:00+00:00,327.3427606321375
2023-12-30 16:00:00+00:00,212.21999135219298
2023-12-30 17:00:00+00:00,399.77842252369936
2023-12-30 18:00:00+00:00,337.54815435573
2023-12-30 19:00:00+00:00,340.1347625943065
2023-12-30 20:00:00+00:00,314.81798467800144
2023-12-30 21:00:00+00:00,282.2811010780152
2023-12-30 22:00:00+00:00,187.35518890059186
2023-12-30 23:00:00+00:00,56.39077855468355
2023-12-31 00:00:00+00:00,0.0
2023-12-31 01:00:00+00:00,0.0
2023-12-31 02:00:00+00:00,0.0
2023-12-31 03:00:00+00:00,0.0
2023-12-31 04:00:00+00:00,0.0
2023-12-31 05:00:00+00:00,0.0
2023-12-31 06:00:00+00:00,0.0
2023-12-31 07:00:00+00:00,0.0
2023-12-31 08:00:00+00:00,0.0
2023-12-31 09:00:00+00:00,0.0
2023-12-31 10:00:00+00:00,0.0
2023-12-31 11:00:00+00:00,0.0
2023-12-31 12:00:00+00:00,0.0
2023-12-31 13:00:00+00:00,0.0
2023-12-31 14:00:00+00:00,0.0
2023-12-31 15:00:00+00:00,302.0558940428398
2023-12-31 16:00:00+00:00,208.44874386825555
2023-12-31 17:00:00+00:00,0.0
2023-12-31 18:00:00+00:00,358.5441809588652
2023-12-31 19:00:00+00:00,321.8552962382333
2023-12-31 20:00:00+00:00,283.2328422633417
2023-12-31 21:00:00+00:00,222.91387686596798
2023-12-31 22:00:00+00:00,159.86915817566026
2023-12-31 23:00:00+00:00,45.94591628983594
