,PNM
2023-01-01 00:00:00+00:00,5.294981433390531e-05
2023-01-01 01:00:00+00:00,0.0
2023-01-01 02:00:00+00:00,0.0
2023-01-01 03:00:00+00:00,0.0
2023-01-01 04:00:00+00:00,0.0
2023-01-01 05:00:00+00:00,0.0
2023-01-01 06:00:00+00:00,0.0
2023-01-01 07:00:00+00:00,0.0
2023-01-01 08:00:00+00:00,0.0
2023-01-01 09:00:00+00:00,0.0
2023-01-01 10:00:00+00:00,0.0
2023-01-01 11:00:00+00:00,0.0
2023-01-01 12:00:00+00:00,0.0
2023-01-01 13:00:00+00:00,0.0
2023-01-01 14:00:00+00:00,0.0
2023-01-01 15:00:00+00:00,0.01877633299491728
2023-01-01 16:00:00+00:00,0.030759743673249358
2023-01-01 17:00:00+00:00,0.03226026014221855
2023-01-01 18:00:00+00:00,0.030979729387312235
2023-01-01 19:00:00+00:00,0.029541733527683932
2023-01-01 20:00:00+00:00,0.027843174318716926
2023-01-01 21:00:00+00:00,0.025816986512697603
2023-01-01 22:00:00+00:00,0.01971580751277587
2023-01-01 23:00:00+00:00,0.008088586737596602
2023-01-02 00:00:00+00:00,5.4247775180510044e-05
2023-01-02 01:00:00+00:00,0.0
2023-01-02 02:00:00+00:00,0.0
2023-01-02 03:00:00+00:00,0.0
2023-01-02 04:00:00+00:00,0.0
2023-01-02 05:00:00+00:00,0.0
2023-01-02 06:00:00+00:00,0.0
2023-01-02 07:00:00+00:00,0.0
2023-01-02 08:00:00+00:00,0.0
2023-01-02 09:00:00+00:00,0.0
2023-01-02 10:00:00+00:00,0.0
2023-01-02 11:00:00+00:00,0.0
2023-01-02 12:00:00+00:00,0.0
2023-01-02 13:00:00+00:00,0.0
2023-01-02 14:00:00+00:00,0.0
2023-01-02 15:00:00+00:00,0.027457765171771745
2023-01-02 16:00:00+00:00,0.04148541072705868
2023-01-02 17:00:00+00:00,0.04081329321410847
2023-01-02 18:00:00+00:00,0.036889768150124125
2023-01-02 19:00:00+00:00,0.033828226402078915
2023-01-02 20:00:00+00:00,0.03177093905688746
2023-01-02 21:00:00+00:00,0.029791109066515026
2023-01-02 22:00:00+00:00,0.02496174699373968
2023-01-02 23:00:00+00:00,0.009891978904724225
2023-01-03 00:00:00+00:00,7.126754024424834e-05
2023-01-03 01:00:00+00:00,0.0
2023-01-03 02:00:00+00:00,0.0
2023-01-03 03:00:00+00:00,0.0
2023-01-03 04:00:00+00:00,0.0
2023-01-03 05:00:00+00:00,0.0
2023-01-03 06:00:00+00:00,0.0
2023-01-03 07:00:00+00:00,0.0
2023-01-03 08:00:00+00:00,0.0
2023-01-03 09:00:00+00:00,0.0
2023-01-03 10:00:00+00:00,0.0
2023-01-03 11:00:00+00:00,0.0
2023-01-03 12:00:00+00:00,0.0
2023-01-03 13:00:00+00:00,0.0
2023-01-03 14:00:00+00:00,0.0
2023-01-03 15:00:00+00:00,0.027997430998382176
2023-01-03 16:00:00+00:00,0.0426551786280313
2023-01-03 17:00:00+00:00,0.04250263944066633
2023-01-03 18:00:00+00:00,0.03754596017221541
2023-01-03 19:00:00+00:00,0.03425798341570631
2023-01-03 20:00:00+00:00,0.03198670031441886
2023-01-03 21:00:00+00:00,0.02925386922066437
2023-01-03 22:00:00+00:00,0.023616012084154307
2023-01-03 23:00:00+00:00,0.010453439996908174
2023-01-04 00:00:00+00:00,8.937963002870913e-05
2023-01-04 01:00:00+00:00,0.0
2023-01-04 02:00:00+00:00,0.0
2023-01-04 03:00:00+00:00,0.0
2023-01-04 04:00:00+00:00,0.0
2023-01-04 05:00:00+00:00,0.0
2023-01-04 06:00:00+00:00,0.0
2023-01-04 07:00:00+00:00,0.0
2023-01-04 08:00:00+00:00,0.0
2023-01-04 09:00:00+00:00,0.0
2023-01-04 10:00:00+00:00,0.0
2023-01-04 11:00:00+00:00,0.0
2023-01-04 12:00:00+00:00,0.0
2023-01-04 13:00:00+00:00,0.0
2023-01-04 14:00:00+00:00,0.0
2023-01-04 15:00:00+00:00,0.028786954492708006
2023-01-04 16:00:00+00:00,0.04356792926303496
2023-01-04 17:00:00+00:00,0.041628267166516915
2023-01-04 18:00:00+00:00,0.038363966810546976
2023-01-04 19:00:00+00:00,0.035211956260919046
2023-01-04 20:00:00+00:00,0.03357280811386152
2023-01-04 21:00:00+00:00,0.031740026843144815
2023-01-04 22:00:00+00:00,0.02649620860275996
2023-01-04 23:00:00+00:00,0.01155183608700075
2023-01-05 00:00:00+00:00,0.00010863133835564843
2023-01-05 01:00:00+00:00,0.0
2023-01-05 02:00:00+00:00,0.0
2023-01-05 03:00:00+00:00,0.0
2023-01-05 04:00:00+00:00,0.0
2023-01-05 05:00:00+00:00,0.0
2023-01-05 06:00:00+00:00,0.0
2023-01-05 07:00:00+00:00,0.0
2023-01-05 08:00:00+00:00,0.0
2023-01-05 09:00:00+00:00,0.0
2023-01-05 10:00:00+00:00,0.0
2023-01-05 11:00:00+00:00,0.0
2023-01-05 12:00:00+00:00,0.0
2023-01-05 13:00:00+00:00,0.0
2023-01-05 14:00:00+00:00,0.0
2023-01-05 15:00:00+00:00,0.029067412825484137
2023-01-05 16:00:00+00:00,0.04434663269632208
2023-01-05 17:00:00+00:00,0.04246297041836362
2023-01-05 18:00:00+00:00,0.03800815039975037
2023-01-05 19:00:00+00:00,0.0348725471878562
2023-01-05 20:00:00+00:00,0.03327102123037319
2023-01-05 21:00:00+00:00,0.0318003723598505
2023-01-05 22:00:00+00:00,0.026483026031397145
2023-01-05 23:00:00+00:00,0.011045058150839665
2023-01-06 00:00:00+00:00,0.00010394489622073005
2023-01-06 01:00:00+00:00,0.0
2023-01-06 02:00:00+00:00,0.0
2023-01-06 03:00:00+00:00,0.0
2023-01-06 04:00:00+00:00,0.0
2023-01-06 05:00:00+00:00,0.0
2023-01-06 06:00:00+00:00,0.0
2023-01-06 07:00:00+00:00,0.0
2023-01-06 08:00:00+00:00,0.0
2023-01-06 09:00:00+00:00,0.0
2023-01-06 10:00:00+00:00,0.0
2023-01-06 11:00:00+00:00,0.0
2023-01-06 12:00:00+00:00,0.0
2023-01-06 13:00:00+00:00,0.0
2023-01-06 14:00:00+00:00,0.0
2023-01-06 15:00:00+00:00,0.028791917848991294
2023-01-06 16:00:00+00:00,0.04432885887230614
2023-01-06 17:00:00+00:00,0.04321246435871156
2023-01-06 18:00:00+00:00,0.03919923829917215
2023-01-06 19:00:00+00:00,0.0356429727644973
2023-01-06 20:00:00+00:00,0.034320877060442914
2023-01-06 21:00:00+00:00,0.03287269349139875
2023-01-06 22:00:00+00:00,0.027818026599418
2023-01-06 23:00:00+00:00,0.012532962733155807
2023-01-07 00:00:00+00:00,0.00014897932829000484
2023-01-07 01:00:00+00:00,0.0
2023-01-07 02:00:00+00:00,0.0
2023-01-07 03:00:00+00:00,0.0
2023-01-07 04:00:00+00:00,0.0
2023-01-07 05:00:00+00:00,0.0
2023-01-07 06:00:00+00:00,0.0
2023-01-07 07:00:00+00:00,0.0
2023-01-07 08:00:00+00:00,0.0
2023-01-07 09:00:00+00:00,0.0
2023-01-07 10:00:00+00:00,0.0
2023-01-07 11:00:00+00:00,0.0
2023-01-07 12:00:00+00:00,0.0
2023-01-07 13:00:00+00:00,0.0
2023-01-07 14:00:00+00:00,0.0
2023-01-07 15:00:00+00:00,0.028596623473039207
2023-01-07 16:00:00+00:00,0.04443450421917114
2023-01-07 17:00:00+00:00,0.04264286509431043
2023-01-07 18:00:00+00:00,0.03818685982435247
2023-01-07 19:00:00+00:00,0.034885485883738056
2023-01-07 20:00:00+00:00,0.03311697267592602
2023-01-07 21:00:00+00:00,0.03157140635547116
2023-01-07 22:00:00+00:00,0.027021802987452666
2023-01-07 23:00:00+00:00,0.012155620026618446
2023-01-08 00:00:00+00:00,0.00016618423746452826
2023-01-08 01:00:00+00:00,0.0
2023-01-08 02:00:00+00:00,0.0
2023-01-08 03:00:00+00:00,0.0
2023-01-08 04:00:00+00:00,0.0
2023-01-08 05:00:00+00:00,0.0
2023-01-08 06:00:00+00:00,0.0
2023-01-08 07:00:00+00:00,0.0
2023-01-08 08:00:00+00:00,0.0
2023-01-08 09:00:00+00:00,0.0
2023-01-08 10:00:00+00:00,0.0
2023-01-08 11:00:00+00:00,0.0
2023-01-08 12:00:00+00:00,0.0
2023-01-08 13:00:00+00:00,0.0
2023-01-08 14:00:00+00:00,0.0
2023-01-08 15:00:00+00:00,0.026857125204392387
2023-01-08 16:00:00+00:00,0.04394374080242362
2023-01-08 17:00:00+00:00,0.042926663278036306
2023-01-08 18:00:00+00:00,0.03894017994337168
2023-01-08 19:00:00+00:00,0.0353506137825017
2023-01-08 20:00:00+00:00,0.03380946345048691
2023-01-08 21:00:00+00:00,0.032771822961113445
2023-01-08 22:00:00+00:00,0.027680914805003842
2023-01-08 23:00:00+00:00,0.012754105528952555
2023-01-09 00:00:00+00:00,0.00019585968078483784
2023-01-09 01:00:00+00:00,0.0
2023-01-09 02:00:00+00:00,0.0
2023-01-09 03:00:00+00:00,0.0
2023-01-09 04:00:00+00:00,0.0
2023-01-09 05:00:00+00:00,0.0
2023-01-09 06:00:00+00:00,0.0
2023-01-09 07:00:00+00:00,0.0
2023-01-09 08:00:00+00:00,0.0
2023-01-09 09:00:00+00:00,0.0
2023-01-09 10:00:00+00:00,0.0
2023-01-09 11:00:00+00:00,0.0
2023-01-09 12:00:00+00:00,0.0
2023-01-09 13:00:00+00:00,0.0
2023-01-09 14:00:00+00:00,0.0
2023-01-09 15:00:00+00:00,0.026583445377091244
2023-01-09 16:00:00+00:00,0.04215017096541687
2023-01-09 17:00:00+00:00,0.04083267159823248
2023-01-09 18:00:00+00:00,0.03662442569781343
2023-01-09 19:00:00+00:00,0.033469659186541975
2023-01-09 20:00:00+00:00,0.031014739305138334
2023-01-09 21:00:00+00:00,0.028455213878785916
2023-01-09 22:00:00+00:00,0.02327144923896223
2023-01-09 23:00:00+00:00,0.010998564878558905
2023-01-10 00:00:00+00:00,0.00020851098014475778
2023-01-10 01:00:00+00:00,0.0
2023-01-10 02:00:00+00:00,0.0
2023-01-10 03:00:00+00:00,0.0
2023-01-10 04:00:00+00:00,0.0
2023-01-10 05:00:00+00:00,0.0
2023-01-10 06:00:00+00:00,0.0
2023-01-10 07:00:00+00:00,0.0
2023-01-10 08:00:00+00:00,0.0
2023-01-10 09:00:00+00:00,0.0
2023-01-10 10:00:00+00:00,0.0
2023-01-10 11:00:00+00:00,0.0
2023-01-10 12:00:00+00:00,0.0
2023-01-10 13:00:00+00:00,0.0
2023-01-10 14:00:00+00:00,0.0
2023-01-10 15:00:00+00:00,0.024970590217736604
2023-01-10 16:00:00+00:00,0.03942032503484711
2023-01-10 17:00:00+00:00,0.03840216614920141
2023-01-10 18:00:00+00:00,0.03480105208718997
2023-01-10 19:00:00+00:00,0.032720676682746135
2023-01-10 20:00:00+00:00,0.030690138914072528
2023-01-10 21:00:00+00:00,0.028367860444561036
2023-01-10 22:00:00+00:00,0.023972384030774778
2023-01-10 23:00:00+00:00,0.011596679463322322
2023-01-11 00:00:00+00:00,0.00022812602345164494
2023-01-11 01:00:00+00:00,0.0
2023-01-11 02:00:00+00:00,0.0
2023-01-11 03:00:00+00:00,0.0
2023-01-11 04:00:00+00:00,0.0
2023-01-11 05:00:00+00:00,0.0
2023-01-11 06:00:00+00:00,0.0
2023-01-11 07:00:00+00:00,0.0
2023-01-11 08:00:00+00:00,0.0
2023-01-11 09:00:00+00:00,0.0
2023-01-11 10:00:00+00:00,0.0
2023-01-11 11:00:00+00:00,0.0
2023-01-11 12:00:00+00:00,0.0
2023-01-11 13:00:00+00:00,0.0
2023-01-11 14:00:00+00:00,0.0
2023-01-11 15:00:00+00:00,0.030738129373806742
2023-01-11 16:00:00+00:00,0.04634844460929381
2023-01-11 17:00:00+00:00,0.045171521732434716
2023-01-11 18:00:00+00:00,0.04027401750092659
2023-01-11 19:00:00+00:00,0.036882287787469305
2023-01-11 20:00:00+00:00,0.03457434793717394
2023-01-11 21:00:00+00:00,0.0334399686529937
2023-01-11 22:00:00+00:00,0.028585294633362172
2023-01-11 23:00:00+00:00,0.013995723225916192
2023-01-12 00:00:00+00:00,0.00028130756867892113
2023-01-12 01:00:00+00:00,0.0
2023-01-12 02:00:00+00:00,0.0
2023-01-12 03:00:00+00:00,0.0
2023-01-12 04:00:00+00:00,0.0
2023-01-12 05:00:00+00:00,0.0
2023-01-12 06:00:00+00:00,0.0
2023-01-12 07:00:00+00:00,0.0
2023-01-12 08:00:00+00:00,0.0
2023-01-12 09:00:00+00:00,0.0
2023-01-12 10:00:00+00:00,0.0
2023-01-12 11:00:00+00:00,0.0
2023-01-12 12:00:00+00:00,0.0
2023-01-12 13:00:00+00:00,0.0
2023-01-12 14:00:00+00:00,0.0
2023-01-12 15:00:00+00:00,0.03180306990048651
2023-01-12 16:00:00+00:00,0.045098550404091824
2023-01-12 17:00:00+00:00,0.04438281949695427
2023-01-12 18:00:00+00:00,0.03966779972284076
2023-01-12 19:00:00+00:00,0.036371844350293475
2023-01-12 20:00:00+00:00,0.03432010042645147
2023-01-12 21:00:00+00:00,0.03349709638718436
2023-01-12 22:00:00+00:00,0.029377572639460087
2023-01-12 23:00:00+00:00,0.015136851708369056
2023-01-13 00:00:00+00:00,0.0003519240936603802
2023-01-13 01:00:00+00:00,0.0
2023-01-13 02:00:00+00:00,0.0
2023-01-13 03:00:00+00:00,0.0
2023-01-13 04:00:00+00:00,0.0
2023-01-13 05:00:00+00:00,0.0
2023-01-13 06:00:00+00:00,0.0
2023-01-13 07:00:00+00:00,0.0
2023-01-13 08:00:00+00:00,0.0
2023-01-13 09:00:00+00:00,0.0
2023-01-13 10:00:00+00:00,0.0
2023-01-13 11:00:00+00:00,0.0
2023-01-13 12:00:00+00:00,0.0
2023-01-13 13:00:00+00:00,0.0
2023-01-13 14:00:00+00:00,0.0
2023-01-13 15:00:00+00:00,0.03158787036978255
2023-01-13 16:00:00+00:00,0.04497609448625858
2023-01-13 17:00:00+00:00,0.04400688445744005
2023-01-13 18:00:00+00:00,0.03949105363810253
2023-01-13 19:00:00+00:00,0.03647241126852762
2023-01-13 20:00:00+00:00,0.034614828864795215
2023-01-13 21:00:00+00:00,0.03329554016746127
2023-01-13 22:00:00+00:00,0.02899835022072872
2023-01-13 23:00:00+00:00,0.014739146679159817
2023-01-14 00:00:00+00:00,0.0003500399166957981
2023-01-14 01:00:00+00:00,0.0
2023-01-14 02:00:00+00:00,0.0
2023-01-14 03:00:00+00:00,0.0
2023-01-14 04:00:00+00:00,0.0
2023-01-14 05:00:00+00:00,0.0
2023-01-14 06:00:00+00:00,0.0
2023-01-14 07:00:00+00:00,0.0
2023-01-14 08:00:00+00:00,0.0
2023-01-14 09:00:00+00:00,0.0
2023-01-14 10:00:00+00:00,0.0
2023-01-14 11:00:00+00:00,0.0
2023-01-14 12:00:00+00:00,0.0
2023-01-14 13:00:00+00:00,0.0
2023-01-14 14:00:00+00:00,0.0
2023-01-14 15:00:00+00:00,0.026822041952201746
2023-01-14 16:00:00+00:00,0.04260111515875901
2023-01-14 17:00:00+00:00,0.041320850134489696
2023-01-14 18:00:00+00:00,0.03937808554182322
2023-01-14 19:00:00+00:00,0.036491849339275545
2023-01-14 20:00:00+00:00,0.03401192223885952
2023-01-14 21:00:00+00:00,0.03231055020578432
2023-01-14 22:00:00+00:00,0.027914067199630035
2023-01-14 23:00:00+00:00,0.0145931010037993
2023-01-15 00:00:00+00:00,0.0004068492175807662
2023-01-15 01:00:00+00:00,0.0
2023-01-15 02:00:00+00:00,0.0
2023-01-15 03:00:00+00:00,0.0
2023-01-15 04:00:00+00:00,0.0
2023-01-15 05:00:00+00:00,0.0
2023-01-15 06:00:00+00:00,0.0
2023-01-15 07:00:00+00:00,0.0
2023-01-15 08:00:00+00:00,0.0
2023-01-15 09:00:00+00:00,0.0
2023-01-15 10:00:00+00:00,0.0
2023-01-15 11:00:00+00:00,0.0
2023-01-15 12:00:00+00:00,0.0
2023-01-15 13:00:00+00:00,0.0
2023-01-15 14:00:00+00:00,0.0
2023-01-15 15:00:00+00:00,0.027773830798462858
2023-01-15 16:00:00+00:00,0.040015600234066535
2023-01-15 17:00:00+00:00,0.0412970826003942
2023-01-15 18:00:00+00:00,0.039601413217490514
2023-01-15 19:00:00+00:00,0.035427015848932215
2023-01-15 20:00:00+00:00,0.032547443660853416
2023-01-15 21:00:00+00:00,0.03182679632110234
2023-01-15 22:00:00+00:00,0.027828536723633314
2023-01-15 23:00:00+00:00,0.014551241200088416
2023-01-16 00:00:00+00:00,0.00038124554234384854
2023-01-16 01:00:00+00:00,0.0
2023-01-16 02:00:00+00:00,0.0
2023-01-16 03:00:00+00:00,0.0
2023-01-16 04:00:00+00:00,0.0
2023-01-16 05:00:00+00:00,0.0
2023-01-16 06:00:00+00:00,0.0
2023-01-16 07:00:00+00:00,0.0
2023-01-16 08:00:00+00:00,0.0
2023-01-16 09:00:00+00:00,0.0
2023-01-16 10:00:00+00:00,0.0
2023-01-16 11:00:00+00:00,0.0
2023-01-16 12:00:00+00:00,0.0
2023-01-16 13:00:00+00:00,0.0
2023-01-16 14:00:00+00:00,0.0
2023-01-16 15:00:00+00:00,0.02635932688123119
2023-01-16 16:00:00+00:00,0.03912232961338059
2023-01-16 17:00:00+00:00,0.03937127993354798
2023-01-16 18:00:00+00:00,0.03637114354436015
2023-01-16 19:00:00+00:00,0.033850449636127336
2023-01-16 20:00:00+00:00,0.03232858750366953
2023-01-16 21:00:00+00:00,0.03108284041372165
2023-01-16 22:00:00+00:00,0.027704096291308194
2023-01-16 23:00:00+00:00,0.014557722372722364
2023-01-17 00:00:00+00:00,0.00042736180347266824
2023-01-17 01:00:00+00:00,0.0
2023-01-17 02:00:00+00:00,0.0
2023-01-17 03:00:00+00:00,0.0
2023-01-17 04:00:00+00:00,0.0
2023-01-17 05:00:00+00:00,0.0
2023-01-17 06:00:00+00:00,0.0
2023-01-17 07:00:00+00:00,0.0
2023-01-17 08:00:00+00:00,0.0
2023-01-17 09:00:00+00:00,0.0
2023-01-17 10:00:00+00:00,0.0
2023-01-17 11:00:00+00:00,0.0
2023-01-17 12:00:00+00:00,0.0
2023-01-17 13:00:00+00:00,0.0
2023-01-17 14:00:00+00:00,0.0
2023-01-17 15:00:00+00:00,0.028276605376702863
2023-01-17 16:00:00+00:00,0.04101146013482144
2023-01-17 17:00:00+00:00,0.04080941369701527
2023-01-17 18:00:00+00:00,0.03729731599592801
2023-01-17 19:00:00+00:00,0.03452909828169081
2023-01-17 20:00:00+00:00,0.033150396670033284
2023-01-17 21:00:00+00:00,0.031831132699975354
2023-01-17 22:00:00+00:00,0.027611920667916744
2023-01-17 23:00:00+00:00,0.014200152337377057
2023-01-18 00:00:00+00:00,0.0005264697722720215
2023-01-18 01:00:00+00:00,0.0
2023-01-18 02:00:00+00:00,0.0
2023-01-18 03:00:00+00:00,0.0
2023-01-18 04:00:00+00:00,0.0
2023-01-18 05:00:00+00:00,0.0
2023-01-18 06:00:00+00:00,0.0
2023-01-18 07:00:00+00:00,0.0
2023-01-18 08:00:00+00:00,0.0
2023-01-18 09:00:00+00:00,0.0
2023-01-18 10:00:00+00:00,0.0
2023-01-18 11:00:00+00:00,0.0
2023-01-18 12:00:00+00:00,0.0
2023-01-18 13:00:00+00:00,0.0
2023-01-18 14:00:00+00:00,0.0
2023-01-18 15:00:00+00:00,0.030599139819146307
2023-01-18 16:00:00+00:00,0.04304542041205221
2023-01-18 17:00:00+00:00,0.042490636251628196
2023-01-18 18:00:00+00:00,0.03880402475147726
2023-01-18 19:00:00+00:00,0.035549455073730994
2023-01-18 20:00:00+00:00,0.033647983781202685
2023-01-18 21:00:00+00:00,0.030809658991547962
2023-01-18 22:00:00+00:00,0.026590312165360046
2023-01-18 23:00:00+00:00,0.014950149598271767
2023-01-19 00:00:00+00:00,0.0006218248084262326
2023-01-19 01:00:00+00:00,0.0
2023-01-19 02:00:00+00:00,0.0
2023-01-19 03:00:00+00:00,0.0
2023-01-19 04:00:00+00:00,0.0
2023-01-19 05:00:00+00:00,0.0
2023-01-19 06:00:00+00:00,0.0
2023-01-19 07:00:00+00:00,0.0
2023-01-19 08:00:00+00:00,0.0
2023-01-19 09:00:00+00:00,0.0
2023-01-19 10:00:00+00:00,0.0
2023-01-19 11:00:00+00:00,0.0
2023-01-19 12:00:00+00:00,0.0
2023-01-19 13:00:00+00:00,0.0
2023-01-19 14:00:00+00:00,0.0
2023-01-19 15:00:00+00:00,0.027294502083435562
2023-01-19 16:00:00+00:00,0.04046961258045311
2023-01-19 17:00:00+00:00,0.04034457454363748
2023-01-19 18:00:00+00:00,0.037700673586902406
2023-01-19 19:00:00+00:00,0.03510276359824572
2023-01-19 20:00:00+00:00,0.03297383759144357
2023-01-19 21:00:00+00:00,0.030498899712635245
2023-01-19 22:00:00+00:00,0.025537019526506197
2023-01-19 23:00:00+00:00,0.013439128808780584
2023-01-20 00:00:00+00:00,0.0005968863158143676
2023-01-20 01:00:00+00:00,0.0
2023-01-20 02:00:00+00:00,0.0
2023-01-20 03:00:00+00:00,0.0
2023-01-20 04:00:00+00:00,0.0
2023-01-20 05:00:00+00:00,0.0
2023-01-20 06:00:00+00:00,0.0
2023-01-20 07:00:00+00:00,0.0
2023-01-20 08:00:00+00:00,0.0
2023-01-20 09:00:00+00:00,0.0
2023-01-20 10:00:00+00:00,0.0
2023-01-20 11:00:00+00:00,0.0
2023-01-20 12:00:00+00:00,0.0
2023-01-20 13:00:00+00:00,0.0
2023-01-20 14:00:00+00:00,0.0
2023-01-20 15:00:00+00:00,0.025764569706830404
2023-01-20 16:00:00+00:00,0.039746409254187653
2023-01-20 17:00:00+00:00,0.04021768767588917
2023-01-20 18:00:00+00:00,0.03929518270069809
2023-01-20 19:00:00+00:00,0.03667315533380783
2023-01-20 20:00:00+00:00,0.03531554648503979
2023-01-20 21:00:00+00:00,0.03377800035685566
2023-01-20 22:00:00+00:00,0.030083104115212072
2023-01-20 23:00:00+00:00,0.017057611047611908
2023-01-21 00:00:00+00:00,0.0008268453229332473
2023-01-21 01:00:00+00:00,0.0
2023-01-21 02:00:00+00:00,0.0
2023-01-21 03:00:00+00:00,0.0
2023-01-21 04:00:00+00:00,0.0
2023-01-21 05:00:00+00:00,0.0
2023-01-21 06:00:00+00:00,0.0
2023-01-21 07:00:00+00:00,0.0
2023-01-21 08:00:00+00:00,0.0
2023-01-21 09:00:00+00:00,0.0
2023-01-21 10:00:00+00:00,0.0
2023-01-21 11:00:00+00:00,0.0
2023-01-21 12:00:00+00:00,0.0
2023-01-21 13:00:00+00:00,0.0
2023-01-21 14:00:00+00:00,0.0
2023-01-21 15:00:00+00:00,0.029240228011833097
2023-01-21 16:00:00+00:00,0.04172426085338274
2023-01-21 17:00:00+00:00,0.04175500324991975
2023-01-21 18:00:00+00:00,0.03951012860331993
2023-01-21 19:00:00+00:00,0.035899242406382835
2023-01-21 20:00:00+00:00,0.03350615901348642
2023-01-21 21:00:00+00:00,0.0315453464915814
2023-01-21 22:00:00+00:00,0.0281110523653117
2023-01-21 23:00:00+00:00,0.01619417478144979
2023-01-22 00:00:00+00:00,0.0008508909638868036
2023-01-22 01:00:00+00:00,0.0
2023-01-22 02:00:00+00:00,0.0
2023-01-22 03:00:00+00:00,0.0
2023-01-22 04:00:00+00:00,0.0
2023-01-22 05:00:00+00:00,0.0
2023-01-22 06:00:00+00:00,0.0
2023-01-22 07:00:00+00:00,0.0
2023-01-22 08:00:00+00:00,0.0
2023-01-22 09:00:00+00:00,0.0
2023-01-22 10:00:00+00:00,0.0
2023-01-22 11:00:00+00:00,0.0
2023-01-22 12:00:00+00:00,0.0
2023-01-22 13:00:00+00:00,0.0
2023-01-22 14:00:00+00:00,0.0
2023-01-22 15:00:00+00:00,0.03001944649038703
2023-01-22 16:00:00+00:00,0.04246992731680677
2023-01-22 17:00:00+00:00,0.043062133230143414
2023-01-22 18:00:00+00:00,0.03976853171718704
2023-01-22 19:00:00+00:00,0.037040290270155846
2023-01-22 20:00:00+00:00,0.03530945721591603
2023-01-22 21:00:00+00:00,0.03364755479911537
2023-01-22 22:00:00+00:00,0.029797733921776957
2023-01-22 23:00:00+00:00,0.017297280697760587
2023-01-23 00:00:00+00:00,0.0009328826126396553
2023-01-23 01:00:00+00:00,0.0
2023-01-23 02:00:00+00:00,0.0
2023-01-23 03:00:00+00:00,0.0
2023-01-23 04:00:00+00:00,0.0
2023-01-23 05:00:00+00:00,0.0
2023-01-23 06:00:00+00:00,0.0
2023-01-23 07:00:00+00:00,0.0
2023-01-23 08:00:00+00:00,0.0
2023-01-23 09:00:00+00:00,0.0
2023-01-23 10:00:00+00:00,0.0
2023-01-23 11:00:00+00:00,0.0
2023-01-23 12:00:00+00:00,0.0
2023-01-23 13:00:00+00:00,0.0
2023-01-23 14:00:00+00:00,0.0
2023-01-23 15:00:00+00:00,0.028265732390366935
2023-01-23 16:00:00+00:00,0.04102261697481708
2023-01-23 17:00:00+00:00,0.04142074474795095
2023-01-23 18:00:00+00:00,0.04036960447177715
2023-01-23 19:00:00+00:00,0.03668207312917406
2023-01-23 20:00:00+00:00,0.03461247671972014
2023-01-23 21:00:00+00:00,0.03222146623671122
2023-01-23 22:00:00+00:00,0.02793644356716981
2023-01-23 23:00:00+00:00,0.01590259962034364
2023-01-24 00:00:00+00:00,0.0009256555927897158
2023-01-24 01:00:00+00:00,0.0
2023-01-24 02:00:00+00:00,0.0
2023-01-24 03:00:00+00:00,0.0
2023-01-24 04:00:00+00:00,0.0
2023-01-24 05:00:00+00:00,0.0
2023-01-24 06:00:00+00:00,0.0
2023-01-24 07:00:00+00:00,0.0
2023-01-24 08:00:00+00:00,0.0
2023-01-24 09:00:00+00:00,0.0
2023-01-24 10:00:00+00:00,0.0
2023-01-24 11:00:00+00:00,0.0
2023-01-24 12:00:00+00:00,0.0
2023-01-24 13:00:00+00:00,0.0
2023-01-24 14:00:00+00:00,0.0
2023-01-24 15:00:00+00:00,0.03238347425688698
2023-01-24 16:00:00+00:00,0.045208330460258316
2023-01-24 17:00:00+00:00,0.04637898561030874
2023-01-24 18:00:00+00:00,0.04279912653431027
2023-01-24 19:00:00+00:00,0.03908114329358102
2023-01-24 20:00:00+00:00,0.0367920085392866
2023-01-24 21:00:00+00:00,0.03407754092165591
2023-01-24 22:00:00+00:00,0.029718811584989298
2023-01-24 23:00:00+00:00,0.01779690324812912
2023-01-25 00:00:00+00:00,0.0010851452519471832
2023-01-25 01:00:00+00:00,0.0
2023-01-25 02:00:00+00:00,0.0
2023-01-25 03:00:00+00:00,0.0
2023-01-25 04:00:00+00:00,0.0
2023-01-25 05:00:00+00:00,0.0
2023-01-25 06:00:00+00:00,0.0
2023-01-25 07:00:00+00:00,0.0
2023-01-25 08:00:00+00:00,0.0
2023-01-25 09:00:00+00:00,0.0
2023-01-25 10:00:00+00:00,0.0
2023-01-25 11:00:00+00:00,0.0
2023-01-25 12:00:00+00:00,0.0
2023-01-25 13:00:00+00:00,0.0
2023-01-25 14:00:00+00:00,1.520721704479058e-05
2023-01-25 15:00:00+00:00,0.033546516140179956
2023-01-25 16:00:00+00:00,0.043995975696155036
2023-01-25 17:00:00+00:00,0.04501604736341417
2023-01-25 18:00:00+00:00,0.043186415984170945
2023-01-25 19:00:00+00:00,0.03942296727977297
2023-01-25 20:00:00+00:00,0.036306016042790844
2023-01-25 21:00:00+00:00,0.03387520915950147
2023-01-25 22:00:00+00:00,0.029272822521112855
2023-01-25 23:00:00+00:00,0.01757554748922649
2023-01-26 00:00:00+00:00,0.0012595631909107963
2023-01-26 01:00:00+00:00,0.0
2023-01-26 02:00:00+00:00,0.0
2023-01-26 03:00:00+00:00,0.0
2023-01-26 04:00:00+00:00,0.0
2023-01-26 05:00:00+00:00,0.0
2023-01-26 06:00:00+00:00,0.0
2023-01-26 07:00:00+00:00,0.0
2023-01-26 08:00:00+00:00,0.0
2023-01-26 09:00:00+00:00,0.0
2023-01-26 10:00:00+00:00,0.0
2023-01-26 11:00:00+00:00,0.0
2023-01-26 12:00:00+00:00,0.0
2023-01-26 13:00:00+00:00,0.0
2023-01-26 14:00:00+00:00,1.5704609262585018e-05
2023-01-26 15:00:00+00:00,0.030935900101055992
2023-01-26 16:00:00+00:00,0.041883083193940074
2023-01-26 17:00:00+00:00,0.04293872851052812
2023-01-26 18:00:00+00:00,0.040154801965692724
2023-01-26 19:00:00+00:00,0.03760864969868215
2023-01-26 20:00:00+00:00,0.035754412513413866
2023-01-26 21:00:00+00:00,0.033830319563735715
2023-01-26 22:00:00+00:00,0.030274442218278647
2023-01-26 23:00:00+00:00,0.018079153785233136
2023-01-27 00:00:00+00:00,0.0013777972680262657
2023-01-27 01:00:00+00:00,0.0
2023-01-27 02:00:00+00:00,0.0
2023-01-27 03:00:00+00:00,0.0
2023-01-27 04:00:00+00:00,0.0
2023-01-27 05:00:00+00:00,0.0
2023-01-27 06:00:00+00:00,0.0
2023-01-27 07:00:00+00:00,0.0
2023-01-27 08:00:00+00:00,0.0
2023-01-27 09:00:00+00:00,0.0
2023-01-27 10:00:00+00:00,0.0
2023-01-27 11:00:00+00:00,0.0
2023-01-27 12:00:00+00:00,0.0
2023-01-27 13:00:00+00:00,0.0
2023-01-27 14:00:00+00:00,3.9284937239853156e-05
2023-01-27 15:00:00+00:00,0.03546939293350665
2023-01-27 16:00:00+00:00,0.04461992837817554
2023-01-27 17:00:00+00:00,0.04528253805463969
2023-01-27 18:00:00+00:00,0.0432322364590792
2023-01-27 19:00:00+00:00,0.039985464620457135
2023-01-27 20:00:00+00:00,0.03816749509335036
2023-01-27 21:00:00+00:00,0.03637243123510076
2023-01-27 22:00:00+00:00,0.03276642651541901
2023-01-27 23:00:00+00:00,0.020416057457306992
2023-01-28 00:00:00+00:00,0.0016365239942432311
2023-01-28 01:00:00+00:00,0.0
2023-01-28 02:00:00+00:00,0.0
2023-01-28 03:00:00+00:00,0.0
2023-01-28 04:00:00+00:00,0.0
2023-01-28 05:00:00+00:00,0.0
2023-01-28 06:00:00+00:00,0.0
2023-01-28 07:00:00+00:00,0.0
2023-01-28 08:00:00+00:00,0.0
2023-01-28 09:00:00+00:00,0.0
2023-01-28 10:00:00+00:00,0.0
2023-01-28 11:00:00+00:00,0.0
2023-01-28 12:00:00+00:00,0.0
2023-01-28 13:00:00+00:00,0.0
2023-01-28 14:00:00+00:00,3.6129805541715125e-05
2023-01-28 15:00:00+00:00,0.031068702508029594
2023-01-28 16:00:00+00:00,0.0415548719073666
2023-01-28 17:00:00+00:00,0.04336569537104663
2023-01-28 18:00:00+00:00,0.041025104162095996
2023-01-28 19:00:00+00:00,0.03862543906600348
2023-01-28 20:00:00+00:00,0.03698643562300599
2023-01-28 21:00:00+00:00,0.03585552995371879
2023-01-28 22:00:00+00:00,0.03288643223535708
2023-01-28 23:00:00+00:00,0.021317015101900563
2023-01-29 00:00:00+00:00,0.0017807619902293261
2023-01-29 01:00:00+00:00,0.0
2023-01-29 02:00:00+00:00,0.0
2023-01-29 03:00:00+00:00,0.0
2023-01-29 04:00:00+00:00,0.0
2023-01-29 05:00:00+00:00,0.0
2023-01-29 06:00:00+00:00,0.0
2023-01-29 07:00:00+00:00,0.0
2023-01-29 08:00:00+00:00,0.0
2023-01-29 09:00:00+00:00,0.0
2023-01-29 10:00:00+00:00,0.0
2023-01-29 11:00:00+00:00,0.0
2023-01-29 12:00:00+00:00,0.0
2023-01-29 13:00:00+00:00,0.0
2023-01-29 14:00:00+00:00,7.511507239243473e-05
2023-01-29 15:00:00+00:00,0.030987428029241773
2023-01-29 16:00:00+00:00,0.040816555409973886
2023-01-29 17:00:00+00:00,0.04319086134979849
2023-01-29 18:00:00+00:00,0.04185810857649523
2023-01-29 19:00:00+00:00,0.038687146554228294
2023-01-29 20:00:00+00:00,0.036455194660455416
2023-01-29 21:00:00+00:00,0.033941736377396975
2023-01-29 22:00:00+00:00,0.030289798429773827
2023-01-29 23:00:00+00:00,0.019016755335571317
2023-01-30 00:00:00+00:00,0.0018151435383617152
2023-01-30 01:00:00+00:00,0.0
2023-01-30 02:00:00+00:00,0.0
2023-01-30 03:00:00+00:00,0.0
2023-01-30 04:00:00+00:00,0.0
2023-01-30 05:00:00+00:00,0.0
2023-01-30 06:00:00+00:00,0.0
2023-01-30 07:00:00+00:00,0.0
2023-01-30 08:00:00+00:00,0.0
2023-01-30 09:00:00+00:00,0.0
2023-01-30 10:00:00+00:00,0.0
2023-01-30 11:00:00+00:00,0.0
2023-01-30 12:00:00+00:00,0.0
2023-01-30 13:00:00+00:00,0.0
2023-01-30 14:00:00+00:00,0.00014338768274049077
2023-01-30 15:00:00+00:00,0.03154458881913209
2023-01-30 16:00:00+00:00,0.03977783500335516
2023-01-30 17:00:00+00:00,0.04074508822925982
2023-01-30 18:00:00+00:00,0.0391629549378853
2023-01-30 19:00:00+00:00,0.03696889505370164
2023-01-30 20:00:00+00:00,0.03503970161182954
2023-01-30 21:00:00+00:00,0.03287233261311815
2023-01-30 22:00:00+00:00,0.02950918979042817
2023-01-30 23:00:00+00:00,0.01918326308517448
2023-01-31 00:00:00+00:00,0.0018945591493298051
2023-01-31 01:00:00+00:00,0.0
2023-01-31 02:00:00+00:00,0.0
2023-01-31 03:00:00+00:00,0.0
2023-01-31 04:00:00+00:00,0.0
2023-01-31 05:00:00+00:00,0.0
2023-01-31 06:00:00+00:00,0.0
2023-01-31 07:00:00+00:00,0.0
2023-01-31 08:00:00+00:00,0.0
2023-01-31 09:00:00+00:00,0.0
2023-01-31 10:00:00+00:00,0.0
2023-01-31 11:00:00+00:00,0.0
2023-01-31 12:00:00+00:00,0.0
2023-01-31 13:00:00+00:00,0.0
2023-01-31 14:00:00+00:00,0.00018424760397664795
2023-01-31 15:00:00+00:00,0.03558157727080627
2023-01-31 16:00:00+00:00,0.043163563019505115
2023-01-31 17:00:00+00:00,0.044414146052815795
2023-01-31 18:00:00+00:00,0.04367908196269086
2023-01-31 19:00:00+00:00,0.04069943700055954
2023-01-31 20:00:00+00:00,0.038974795400657604
2023-01-31 21:00:00+00:00,0.03707862615897359
2023-01-31 22:00:00+00:00,0.03319715002603582
2023-01-31 23:00:00+00:00,0.021226645949831098
2023-02-01 00:00:00+00:00,0.0021585937876198273
2023-02-01 01:00:00+00:00,0.0
2023-02-01 02:00:00+00:00,0.0
2023-02-01 03:00:00+00:00,0.0
2023-02-01 04:00:00+00:00,0.0
2023-02-01 05:00:00+00:00,0.0
2023-02-01 06:00:00+00:00,0.0
2023-02-01 07:00:00+00:00,0.0
2023-02-01 08:00:00+00:00,0.0
2023-02-01 09:00:00+00:00,0.0
2023-02-01 10:00:00+00:00,0.0
2023-02-01 11:00:00+00:00,0.0
2023-02-01 12:00:00+00:00,0.0
2023-02-01 13:00:00+00:00,0.0
2023-02-01 14:00:00+00:00,0.0002533513994464262
2023-02-01 15:00:00+00:00,0.035661965628928
2023-02-01 16:00:00+00:00,0.04488587543892629
2023-02-01 17:00:00+00:00,0.04432067438071161
2023-02-01 18:00:00+00:00,0.04232133292488053
2023-02-01 19:00:00+00:00,0.038715873237837706
2023-02-01 20:00:00+00:00,0.03645975438052924
2023-02-01 21:00:00+00:00,0.03375170737814773
2023-02-01 22:00:00+00:00,0.028796594997461834
2023-02-01 23:00:00+00:00,0.01734504761285698
2023-02-02 00:00:00+00:00,0.0018647771515782154
2023-02-02 01:00:00+00:00,0.0
2023-02-02 02:00:00+00:00,0.0
2023-02-02 03:00:00+00:00,0.0
2023-02-02 04:00:00+00:00,0.0
2023-02-02 05:00:00+00:00,0.0
2023-02-02 06:00:00+00:00,0.0
2023-02-02 07:00:00+00:00,0.0
2023-02-02 08:00:00+00:00,0.0
2023-02-02 09:00:00+00:00,0.0
2023-02-02 10:00:00+00:00,0.0
2023-02-02 11:00:00+00:00,0.0
2023-02-02 12:00:00+00:00,0.0
2023-02-02 13:00:00+00:00,0.0
2023-02-02 14:00:00+00:00,0.00031099574380458607
2023-02-02 15:00:00+00:00,0.029935955503641504
2023-02-02 16:00:00+00:00,0.039615281717566564
2023-02-02 17:00:00+00:00,0.04063674201389849
2023-02-02 18:00:00+00:00,0.04020117812172447
2023-02-02 19:00:00+00:00,0.03793618905897781
2023-02-02 20:00:00+00:00,0.03573205590313259
2023-02-02 21:00:00+00:00,0.03353717561480479
2023-02-02 22:00:00+00:00,0.029490061044841313
2023-02-02 23:00:00+00:00,0.01929182994927573
2023-02-03 00:00:00+00:00,0.002201191863153642
2023-02-03 01:00:00+00:00,0.0
2023-02-03 02:00:00+00:00,0.0
2023-02-03 03:00:00+00:00,0.0
2023-02-03 04:00:00+00:00,0.0
2023-02-03 05:00:00+00:00,0.0
2023-02-03 06:00:00+00:00,0.0
2023-02-03 07:00:00+00:00,0.0
2023-02-03 08:00:00+00:00,0.0
2023-02-03 09:00:00+00:00,0.0
2023-02-03 10:00:00+00:00,0.0
2023-02-03 11:00:00+00:00,0.0
2023-02-03 12:00:00+00:00,0.0
2023-02-03 13:00:00+00:00,0.0
2023-02-03 14:00:00+00:00,0.00047459691037565635
2023-02-03 15:00:00+00:00,0.03433418285867239
2023-02-03 16:00:00+00:00,0.04383624061937538
2023-02-03 17:00:00+00:00,0.0444811770006582
2023-02-03 18:00:00+00:00,0.040466517855088195
2023-02-03 19:00:00+00:00,0.03767716590571283
2023-02-03 20:00:00+00:00,0.03611538293068067
2023-02-03 21:00:00+00:00,0.03446366057795908
2023-02-03 22:00:00+00:00,0.029809157761617407
2023-02-03 23:00:00+00:00,0.01990529144865316
2023-02-04 00:00:00+00:00,0.0023117687402107296
2023-02-04 01:00:00+00:00,0.0
2023-02-04 02:00:00+00:00,0.0
2023-02-04 03:00:00+00:00,0.0
2023-02-04 04:00:00+00:00,0.0
2023-02-04 05:00:00+00:00,0.0
2023-02-04 06:00:00+00:00,0.0
2023-02-04 07:00:00+00:00,0.0
2023-02-04 08:00:00+00:00,0.0
2023-02-04 09:00:00+00:00,0.0
2023-02-04 10:00:00+00:00,0.0
2023-02-04 11:00:00+00:00,0.0
2023-02-04 12:00:00+00:00,0.0
2023-02-04 13:00:00+00:00,0.0
2023-02-04 14:00:00+00:00,0.0004587751939927357
2023-02-04 15:00:00+00:00,0.04063080901097735
2023-02-04 16:00:00+00:00,0.04512363454438634
2023-02-04 17:00:00+00:00,0.04584099045118856
2023-02-04 18:00:00+00:00,0.04432014159326587
2023-02-04 19:00:00+00:00,0.04141831401694774
2023-02-04 20:00:00+00:00,0.0397687593768628
2023-02-04 21:00:00+00:00,0.03861278355100406
2023-02-04 22:00:00+00:00,0.03481621042643225
2023-02-04 23:00:00+00:00,0.024090383331110795
2023-02-05 00:00:00+00:00,0.0030717219718117373
2023-02-05 01:00:00+00:00,0.0
2023-02-05 02:00:00+00:00,0.0
2023-02-05 03:00:00+00:00,0.0
2023-02-05 04:00:00+00:00,0.0
2023-02-05 05:00:00+00:00,0.0
2023-02-05 06:00:00+00:00,0.0
2023-02-05 07:00:00+00:00,0.0
2023-02-05 08:00:00+00:00,0.0
2023-02-05 09:00:00+00:00,0.0
2023-02-05 10:00:00+00:00,0.0
2023-02-05 11:00:00+00:00,0.0
2023-02-05 12:00:00+00:00,0.0
2023-02-05 13:00:00+00:00,0.0
2023-02-05 14:00:00+00:00,0.0006001894249278902
2023-02-05 15:00:00+00:00,0.04250848218711057
2023-02-05 16:00:00+00:00,0.04731931477965898
2023-02-05 17:00:00+00:00,0.04792630764040479
2023-02-05 18:00:00+00:00,0.047136045161216965
2023-02-05 19:00:00+00:00,0.04357353630858745
2023-02-05 20:00:00+00:00,0.04133566480699994
2023-02-05 21:00:00+00:00,0.03993410368633899
2023-02-05 22:00:00+00:00,0.03570575780354766
2023-02-05 23:00:00+00:00,0.0244589373162027
2023-02-06 00:00:00+00:00,0.003210087743578733
2023-02-06 01:00:00+00:00,0.0
2023-02-06 02:00:00+00:00,0.0
2023-02-06 03:00:00+00:00,0.0
2023-02-06 04:00:00+00:00,0.0
2023-02-06 05:00:00+00:00,0.0
2023-02-06 06:00:00+00:00,0.0
2023-02-06 07:00:00+00:00,0.0
2023-02-06 08:00:00+00:00,0.0
2023-02-06 09:00:00+00:00,0.0
2023-02-06 10:00:00+00:00,0.0
2023-02-06 11:00:00+00:00,0.0
2023-02-06 12:00:00+00:00,0.0
2023-02-06 13:00:00+00:00,0.0
2023-02-06 14:00:00+00:00,0.0006711722468769952
2023-02-06 15:00:00+00:00,0.042027356359604084
2023-02-06 16:00:00+00:00,0.04637025816767442
2023-02-06 17:00:00+00:00,0.047070637107595584
2023-02-06 18:00:00+00:00,0.045617961779852244
2023-02-06 19:00:00+00:00,0.04210745009198753
2023-02-06 20:00:00+00:00,0.03976510205284422
2023-02-06 21:00:00+00:00,0.03856468240702957
2023-02-06 22:00:00+00:00,0.03451432565020251
2023-02-06 23:00:00+00:00,0.02354688096006627
2023-02-07 00:00:00+00:00,0.0031454227277033873
2023-02-07 01:00:00+00:00,0.0
2023-02-07 02:00:00+00:00,0.0
2023-02-07 03:00:00+00:00,0.0
2023-02-07 04:00:00+00:00,0.0
2023-02-07 05:00:00+00:00,0.0
2023-02-07 06:00:00+00:00,0.0
2023-02-07 07:00:00+00:00,0.0
2023-02-07 08:00:00+00:00,0.0
2023-02-07 09:00:00+00:00,0.0
2023-02-07 10:00:00+00:00,0.0
2023-02-07 11:00:00+00:00,0.0
2023-02-07 12:00:00+00:00,0.0
2023-02-07 13:00:00+00:00,0.0
2023-02-07 14:00:00+00:00,0.0007766890786015097
2023-02-07 15:00:00+00:00,0.04282481493432346
2023-02-07 16:00:00+00:00,0.04759274622358403
2023-02-07 17:00:00+00:00,0.0479445999487801
2023-02-07 18:00:00+00:00,0.04660959572457938
2023-02-07 19:00:00+00:00,0.04309150096664082
2023-02-07 20:00:00+00:00,0.04105829706239419
2023-02-07 21:00:00+00:00,0.03935832564452342
2023-02-07 22:00:00+00:00,0.03591471658124743
2023-02-07 23:00:00+00:00,0.02512159942432526
2023-02-08 00:00:00+00:00,0.003548641005657804
2023-02-08 01:00:00+00:00,0.0
2023-02-08 02:00:00+00:00,0.0
2023-02-08 03:00:00+00:00,0.0
2023-02-08 04:00:00+00:00,0.0
2023-02-08 05:00:00+00:00,0.0
2023-02-08 06:00:00+00:00,0.0
2023-02-08 07:00:00+00:00,0.0
2023-02-08 08:00:00+00:00,0.0
2023-02-08 09:00:00+00:00,0.0
2023-02-08 10:00:00+00:00,0.0
2023-02-08 11:00:00+00:00,0.0
2023-02-08 12:00:00+00:00,0.0
2023-02-08 13:00:00+00:00,0.0
2023-02-08 14:00:00+00:00,0.0008455527950207772
2023-02-08 15:00:00+00:00,0.042188210212058326
2023-02-08 16:00:00+00:00,0.045995064394676884
2023-02-08 17:00:00+00:00,0.04735207164413564
2023-02-08 18:00:00+00:00,0.046393516909268975
2023-02-08 19:00:00+00:00,0.04326688949204044
2023-02-08 20:00:00+00:00,0.041729339422434786
2023-02-08 21:00:00+00:00,0.04038231518531402
2023-02-08 22:00:00+00:00,0.03664947249884874
2023-02-08 23:00:00+00:00,0.02599533554270842
2023-02-09 00:00:00+00:00,0.0038202047783924115
2023-02-09 01:00:00+00:00,0.0
2023-02-09 02:00:00+00:00,0.0
2023-02-09 03:00:00+00:00,0.0
2023-02-09 04:00:00+00:00,0.0
2023-02-09 05:00:00+00:00,0.0
2023-02-09 06:00:00+00:00,0.0
2023-02-09 07:00:00+00:00,0.0
2023-02-09 08:00:00+00:00,0.0
2023-02-09 09:00:00+00:00,0.0
2023-02-09 10:00:00+00:00,0.0
2023-02-09 11:00:00+00:00,0.0
2023-02-09 12:00:00+00:00,0.0
2023-02-09 13:00:00+00:00,0.0
2023-02-09 14:00:00+00:00,0.0009795576908443791
2023-02-09 15:00:00+00:00,0.043367315982122276
2023-02-09 16:00:00+00:00,0.04745351996671122
2023-02-09 17:00:00+00:00,0.048372765287789575
2023-02-09 18:00:00+00:00,0.04728080061888118
2023-02-09 19:00:00+00:00,0.04373538909554772
2023-02-09 20:00:00+00:00,0.041412389807556835
2023-02-09 21:00:00+00:00,0.03924330818091543
2023-02-09 22:00:00+00:00,0.0344087696552339
2023-02-09 23:00:00+00:00,0.023376817635247116
2023-02-10 00:00:00+00:00,0.0036546219336677627
2023-02-10 01:00:00+00:00,0.0
2023-02-10 02:00:00+00:00,0.0
2023-02-10 03:00:00+00:00,0.0
2023-02-10 04:00:00+00:00,0.0
2023-02-10 05:00:00+00:00,0.0
2023-02-10 06:00:00+00:00,0.0
2023-02-10 07:00:00+00:00,0.0
2023-02-10 08:00:00+00:00,0.0
2023-02-10 09:00:00+00:00,0.0
2023-02-10 10:00:00+00:00,0.0
2023-02-10 11:00:00+00:00,0.0
2023-02-10 12:00:00+00:00,0.0
2023-02-10 13:00:00+00:00,0.0
2023-02-10 14:00:00+00:00,0.0011962676148892931
2023-02-10 15:00:00+00:00,0.036372628459940784
2023-02-10 16:00:00+00:00,0.04222925178825194
2023-02-10 17:00:00+00:00,0.04439496643079093
2023-02-10 18:00:00+00:00,0.04365756300459689
2023-02-10 19:00:00+00:00,0.04153365353445499
2023-02-10 20:00:00+00:00,0.03949746166782777
2023-02-10 21:00:00+00:00,0.037014386614349
2023-02-10 22:00:00+00:00,0.03259287711076607
2023-02-10 23:00:00+00:00,0.022345793737564984
2023-02-11 00:00:00+00:00,0.003708949132565318
2023-02-11 01:00:00+00:00,0.0
2023-02-11 02:00:00+00:00,0.0
2023-02-11 03:00:00+00:00,0.0
2023-02-11 04:00:00+00:00,0.0
2023-02-11 05:00:00+00:00,0.0
2023-02-11 06:00:00+00:00,0.0
2023-02-11 07:00:00+00:00,0.0
2023-02-11 08:00:00+00:00,0.0
2023-02-11 09:00:00+00:00,0.0
2023-02-11 10:00:00+00:00,0.0
2023-02-11 11:00:00+00:00,0.0
2023-02-11 12:00:00+00:00,0.0
2023-02-11 13:00:00+00:00,0.0
2023-02-11 14:00:00+00:00,0.0013818412744670853
2023-02-11 15:00:00+00:00,0.03858512270353893
2023-02-11 16:00:00+00:00,0.043913748519310875
2023-02-11 17:00:00+00:00,0.045920570019046716
2023-02-11 18:00:00+00:00,0.045852525241014276
2023-02-11 19:00:00+00:00,0.04330450167029383
2023-02-11 20:00:00+00:00,0.0414957554787693
2023-02-11 21:00:00+00:00,0.03917631380848531
2023-02-11 22:00:00+00:00,0.03512854287103188
2023-02-11 23:00:00+00:00,0.024918763893211866
2023-02-12 00:00:00+00:00,0.004288828836820936
2023-02-12 01:00:00+00:00,0.0
2023-02-12 02:00:00+00:00,0.0
2023-02-12 03:00:00+00:00,0.0
2023-02-12 04:00:00+00:00,0.0
2023-02-12 05:00:00+00:00,0.0
2023-02-12 06:00:00+00:00,0.0
2023-02-12 07:00:00+00:00,0.0
2023-02-12 08:00:00+00:00,0.0
2023-02-12 09:00:00+00:00,0.0
2023-02-12 10:00:00+00:00,0.0
2023-02-12 11:00:00+00:00,0.0
2023-02-12 12:00:00+00:00,0.0
2023-02-12 13:00:00+00:00,0.0
2023-02-12 14:00:00+00:00,0.0015621933591476185
2023-02-12 15:00:00+00:00,0.03698243789175825
2023-02-12 16:00:00+00:00,0.042062592096444834
2023-02-12 17:00:00+00:00,0.04420658154380061
2023-02-12 18:00:00+00:00,0.04409589796385498
2023-02-12 19:00:00+00:00,0.042436493068705804
2023-02-12 20:00:00+00:00,0.04000501224253457
2023-02-12 21:00:00+00:00,0.03859558231533293
2023-02-12 22:00:00+00:00,0.034160309593403604
2023-02-12 23:00:00+00:00,0.02356000211578667
2023-02-13 00:00:00+00:00,0.00436488027199084
2023-02-13 01:00:00+00:00,0.0
2023-02-13 02:00:00+00:00,0.0
2023-02-13 03:00:00+00:00,0.0
2023-02-13 04:00:00+00:00,0.0
2023-02-13 05:00:00+00:00,0.0
2023-02-13 06:00:00+00:00,0.0
2023-02-13 07:00:00+00:00,0.0
2023-02-13 08:00:00+00:00,0.0
2023-02-13 09:00:00+00:00,0.0
2023-02-13 10:00:00+00:00,0.0
2023-02-13 11:00:00+00:00,0.0
2023-02-13 12:00:00+00:00,0.0
2023-02-13 13:00:00+00:00,0.0
2023-02-13 14:00:00+00:00,0.0020568780499105725
2023-02-13 15:00:00+00:00,0.0426595178747417
2023-02-13 16:00:00+00:00,0.0451883120878261
2023-02-13 17:00:00+00:00,0.04587606840502615
2023-02-13 18:00:00+00:00,0.04356891486952515
2023-02-13 19:00:00+00:00,0.04085061190267934
2023-02-13 20:00:00+00:00,0.03860735242916485
2023-02-13 21:00:00+00:00,0.03655228976264827
2023-02-13 22:00:00+00:00,0.03289158781080707
2023-02-13 23:00:00+00:00,0.023464496489985824
2023-02-14 00:00:00+00:00,0.0043493695932606755
2023-02-14 01:00:00+00:00,0.0
2023-02-14 02:00:00+00:00,0.0
2023-02-14 03:00:00+00:00,0.0
2023-02-14 04:00:00+00:00,0.0
2023-02-14 05:00:00+00:00,0.0
2023-02-14 06:00:00+00:00,0.0
2023-02-14 07:00:00+00:00,0.0
2023-02-14 08:00:00+00:00,0.0
2023-02-14 09:00:00+00:00,0.0
2023-02-14 10:00:00+00:00,0.0
2023-02-14 11:00:00+00:00,0.0
2023-02-14 12:00:00+00:00,0.0
2023-02-14 13:00:00+00:00,0.0
2023-02-14 14:00:00+00:00,0.002829634666896886
2023-02-14 15:00:00+00:00,0.0360572304276819
2023-02-14 16:00:00+00:00,0.04024893641358696
2023-02-14 17:00:00+00:00,0.04245071499529855
2023-02-14 18:00:00+00:00,0.04289052156240306
2023-02-14 19:00:00+00:00,0.041554662290647595
2023-02-14 20:00:00+00:00,0.039685880509930056
2023-02-14 21:00:00+00:00,0.03653418379779324
2023-02-14 22:00:00+00:00,0.03216504429543265
2023-02-14 23:00:00+00:00,0.022145941390200447
2023-02-15 00:00:00+00:00,0.004328819671831913
2023-02-15 01:00:00+00:00,0.0
2023-02-15 02:00:00+00:00,0.0
2023-02-15 03:00:00+00:00,0.0
2023-02-15 04:00:00+00:00,0.0
2023-02-15 05:00:00+00:00,0.0
2023-02-15 06:00:00+00:00,0.0
2023-02-15 07:00:00+00:00,0.0
2023-02-15 08:00:00+00:00,0.0
2023-02-15 09:00:00+00:00,0.0
2023-02-15 10:00:00+00:00,0.0
2023-02-15 11:00:00+00:00,0.0
2023-02-15 12:00:00+00:00,0.0
2023-02-15 13:00:00+00:00,0.0
2023-02-15 14:00:00+00:00,0.00396352059116173
2023-02-15 15:00:00+00:00,0.0402303072616769
2023-02-15 16:00:00+00:00,0.04387202061249796
2023-02-15 17:00:00+00:00,0.04529813857320483
2023-02-15 18:00:00+00:00,0.0445548644624017
2023-02-15 19:00:00+00:00,0.042419188667673094
2023-02-15 20:00:00+00:00,0.04095861931176279
2023-02-15 21:00:00+00:00,0.03868168694441893
2023-02-15 22:00:00+00:00,0.03412614349994519
2023-02-15 23:00:00+00:00,0.023850851167160975
2023-02-16 00:00:00+00:00,0.004714442491089809
2023-02-16 01:00:00+00:00,0.0
2023-02-16 02:00:00+00:00,0.0
2023-02-16 03:00:00+00:00,0.0
2023-02-16 04:00:00+00:00,0.0
2023-02-16 05:00:00+00:00,0.0
2023-02-16 06:00:00+00:00,0.0
2023-02-16 07:00:00+00:00,0.0
2023-02-16 08:00:00+00:00,0.0
2023-02-16 09:00:00+00:00,0.0
2023-02-16 10:00:00+00:00,0.0
2023-02-16 11:00:00+00:00,0.0
2023-02-16 12:00:00+00:00,0.0
2023-02-16 13:00:00+00:00,0.0
2023-02-16 14:00:00+00:00,0.004045834123261961
2023-02-16 15:00:00+00:00,0.03724971731101278
2023-02-16 16:00:00+00:00,0.04093488529044968
2023-02-16 17:00:00+00:00,0.04279793368954603
2023-02-16 18:00:00+00:00,0.04401525693039178
2023-02-16 19:00:00+00:00,0.04224305383387455
2023-02-16 20:00:00+00:00,0.04099876380041796
2023-02-16 21:00:00+00:00,0.03839124973432839
2023-02-16 22:00:00+00:00,0.032934603799249534
2023-02-16 23:00:00+00:00,0.023965585359511703
2023-02-17 00:00:00+00:00,0.0052995822199965945
2023-02-17 01:00:00+00:00,3.5448812043027594e-08
2023-02-17 02:00:00+00:00,0.0
2023-02-17 03:00:00+00:00,0.0
2023-02-17 04:00:00+00:00,0.0
2023-02-17 05:00:00+00:00,0.0
2023-02-17 06:00:00+00:00,0.0
2023-02-17 07:00:00+00:00,0.0
2023-02-17 08:00:00+00:00,0.0
2023-02-17 09:00:00+00:00,0.0
2023-02-17 10:00:00+00:00,0.0
2023-02-17 11:00:00+00:00,0.0
2023-02-17 12:00:00+00:00,0.0
2023-02-17 13:00:00+00:00,0.0
2023-02-17 14:00:00+00:00,0.005108703250582992
2023-02-17 15:00:00+00:00,0.04078676290215124
2023-02-17 16:00:00+00:00,0.04304282471152032
2023-02-17 17:00:00+00:00,0.04493904823671893
2023-02-17 18:00:00+00:00,0.04539800720199461
2023-02-17 19:00:00+00:00,0.04315074941581012
2023-02-17 20:00:00+00:00,0.04074658596562064
2023-02-17 21:00:00+00:00,0.03840266383021353
2023-02-17 22:00:00+00:00,0.03385142634839429
2023-02-17 23:00:00+00:00,0.024454718630550033
2023-02-18 00:00:00+00:00,0.005243769103093747
2023-02-18 01:00:00+00:00,3.5549783624573744e-08
2023-02-18 02:00:00+00:00,0.0
2023-02-18 03:00:00+00:00,0.0
2023-02-18 04:00:00+00:00,0.0
2023-02-18 05:00:00+00:00,0.0
2023-02-18 06:00:00+00:00,0.0
2023-02-18 07:00:00+00:00,0.0
2023-02-18 08:00:00+00:00,0.0
2023-02-18 09:00:00+00:00,0.0
2023-02-18 10:00:00+00:00,0.0
2023-02-18 11:00:00+00:00,0.0
2023-02-18 12:00:00+00:00,0.0
2023-02-18 13:00:00+00:00,0.0
2023-02-18 14:00:00+00:00,0.006489315936325081
2023-02-18 15:00:00+00:00,0.03994090266032604
2023-02-18 16:00:00+00:00,0.04352241729987092
2023-02-18 17:00:00+00:00,0.046977202490852195
2023-02-18 18:00:00+00:00,0.04602864813453007
2023-02-18 19:00:00+00:00,0.044620779726815094
2023-02-18 20:00:00+00:00,0.04274561267969638
2023-02-18 21:00:00+00:00,0.04059269008082778
2023-02-18 22:00:00+00:00,0.03641255407116223
2023-02-18 23:00:00+00:00,0.02608931379512064
2023-02-19 00:00:00+00:00,0.005890433119285306
2023-02-19 01:00:00+00:00,3.576937956192965e-08
2023-02-19 02:00:00+00:00,0.0
2023-02-19 03:00:00+00:00,0.0
2023-02-19 04:00:00+00:00,0.0
2023-02-19 05:00:00+00:00,0.0
2023-02-19 06:00:00+00:00,0.0
2023-02-19 07:00:00+00:00,0.0
2023-02-19 08:00:00+00:00,0.0
2023-02-19 09:00:00+00:00,0.0
2023-02-19 10:00:00+00:00,0.0
2023-02-19 11:00:00+00:00,0.0
2023-02-19 12:00:00+00:00,0.0
2023-02-19 13:00:00+00:00,0.0
2023-02-19 14:00:00+00:00,0.006803793452239153
2023-02-19 15:00:00+00:00,0.040863895030674516
2023-02-19 16:00:00+00:00,0.0432830075444433
2023-02-19 17:00:00+00:00,0.04523337600061042
2023-02-19 18:00:00+00:00,0.04487596706662134
2023-02-19 19:00:00+00:00,0.043368541238618316
2023-02-19 20:00:00+00:00,0.04151586845784563
2023-02-19 21:00:00+00:00,0.039450282542870606
2023-02-19 22:00:00+00:00,0.0348835389197421
2023-02-19 23:00:00+00:00,0.02640816899792298
2023-02-20 00:00:00+00:00,0.006383829012075115
2023-02-20 01:00:00+00:00,1.8899356303124134e-07
2023-02-20 02:00:00+00:00,0.0
2023-02-20 03:00:00+00:00,0.0
2023-02-20 04:00:00+00:00,0.0
2023-02-20 05:00:00+00:00,0.0
2023-02-20 06:00:00+00:00,0.0
2023-02-20 07:00:00+00:00,0.0
2023-02-20 08:00:00+00:00,0.0
2023-02-20 09:00:00+00:00,0.0
2023-02-20 10:00:00+00:00,0.0
2023-02-20 11:00:00+00:00,0.0
2023-02-20 12:00:00+00:00,0.0
2023-02-20 13:00:00+00:00,0.0
2023-02-20 14:00:00+00:00,0.007947656201571082
2023-02-20 15:00:00+00:00,0.04288118192450353
2023-02-20 16:00:00+00:00,0.04529455287485702
2023-02-20 17:00:00+00:00,0.04712520612202189
2023-02-20 18:00:00+00:00,0.047228416647297176
2023-02-20 19:00:00+00:00,0.0451761868729133
2023-02-20 20:00:00+00:00,0.042721174991814326
2023-02-20 21:00:00+00:00,0.040400606295139474
2023-02-20 22:00:00+00:00,0.036270971050264174
2023-02-20 23:00:00+00:00,0.026899283956531777
2023-02-21 00:00:00+00:00,0.006466606727131693
2023-02-21 01:00:00+00:00,4.2623440339196985e-07
2023-02-21 02:00:00+00:00,0.0
2023-02-21 03:00:00+00:00,0.0
2023-02-21 04:00:00+00:00,0.0
2023-02-21 05:00:00+00:00,0.0
2023-02-21 06:00:00+00:00,0.0
2023-02-21 07:00:00+00:00,0.0
2023-02-21 08:00:00+00:00,0.0
2023-02-21 09:00:00+00:00,0.0
2023-02-21 10:00:00+00:00,0.0
2023-02-21 11:00:00+00:00,0.0
2023-02-21 12:00:00+00:00,0.0
2023-02-21 13:00:00+00:00,0.0
2023-02-21 14:00:00+00:00,0.007178008174907598
2023-02-21 15:00:00+00:00,0.040148702583207636
2023-02-21 16:00:00+00:00,0.045241771672876546
2023-02-21 17:00:00+00:00,0.0463453240107314
2023-02-21 18:00:00+00:00,0.046817216445692075
2023-02-21 19:00:00+00:00,0.044990085686219636
2023-02-21 20:00:00+00:00,0.04309323139019567
2023-02-21 21:00:00+00:00,0.040908014166425276
2023-02-21 22:00:00+00:00,0.036287513357404405
2023-02-21 23:00:00+00:00,0.02766599220695876
2023-02-22 00:00:00+00:00,0.007136790809112643
2023-02-22 01:00:00+00:00,7.947945028873339e-07
2023-02-22 02:00:00+00:00,0.0
2023-02-22 03:00:00+00:00,0.0
2023-02-22 04:00:00+00:00,0.0
2023-02-22 05:00:00+00:00,0.0
2023-02-22 06:00:00+00:00,0.0
2023-02-22 07:00:00+00:00,0.0
2023-02-22 08:00:00+00:00,0.0
2023-02-22 09:00:00+00:00,0.0
2023-02-22 10:00:00+00:00,0.0
2023-02-22 11:00:00+00:00,0.0
2023-02-22 12:00:00+00:00,0.0
2023-02-22 13:00:00+00:00,0.0
2023-02-22 14:00:00+00:00,0.008972678965174454
2023-02-22 15:00:00+00:00,0.041056123925449016
2023-02-22 16:00:00+00:00,0.0446656334545209
2023-02-22 17:00:00+00:00,0.045213648919771504
2023-02-22 18:00:00+00:00,0.04508971332469626
2023-02-22 19:00:00+00:00,0.04401223270420337
2023-02-22 20:00:00+00:00,0.04155933365899195
2023-02-22 21:00:00+00:00,0.038442592425060165
2023-02-22 22:00:00+00:00,0.03363979163157361
2023-02-22 23:00:00+00:00,0.02506495327860631
2023-02-23 00:00:00+00:00,0.006775954383777699
2023-02-23 01:00:00+00:00,1.0033096989214217e-06
2023-02-23 02:00:00+00:00,0.0
2023-02-23 03:00:00+00:00,0.0
2023-02-23 04:00:00+00:00,0.0
2023-02-23 05:00:00+00:00,0.0
2023-02-23 06:00:00+00:00,0.0
2023-02-23 07:00:00+00:00,0.0
2023-02-23 08:00:00+00:00,0.0
2023-02-23 09:00:00+00:00,0.0
2023-02-23 10:00:00+00:00,0.0
2023-02-23 11:00:00+00:00,0.0
2023-02-23 12:00:00+00:00,0.0
2023-02-23 13:00:00+00:00,0.0
2023-02-23 14:00:00+00:00,0.010461867373147435
2023-02-23 15:00:00+00:00,0.043917762094722666
2023-02-23 16:00:00+00:00,0.04683013869253188
2023-02-23 17:00:00+00:00,0.048322130192207845
2023-02-23 18:00:00+00:00,0.048594444896614804
2023-02-23 19:00:00+00:00,0.047871685924460866
2023-02-23 20:00:00+00:00,0.04622254800407061
2023-02-23 21:00:00+00:00,0.04411000409375184
2023-02-23 22:00:00+00:00,0.039574537763312816
2023-02-23 23:00:00+00:00,0.029920696074481116
2023-02-24 00:00:00+00:00,0.008114170274674285
2023-02-24 01:00:00+00:00,2.038632479328538e-06
2023-02-24 02:00:00+00:00,0.0
2023-02-24 03:00:00+00:00,0.0
2023-02-24 04:00:00+00:00,0.0
2023-02-24 05:00:00+00:00,0.0
2023-02-24 06:00:00+00:00,0.0
2023-02-24 07:00:00+00:00,0.0
2023-02-24 08:00:00+00:00,0.0
2023-02-24 09:00:00+00:00,0.0
2023-02-24 10:00:00+00:00,0.0
2023-02-24 11:00:00+00:00,0.0
2023-02-24 12:00:00+00:00,0.0
2023-02-24 13:00:00+00:00,0.0
2023-02-24 14:00:00+00:00,0.012157446957325404
2023-02-24 15:00:00+00:00,0.04731438425897057
2023-02-24 16:00:00+00:00,0.049015594931213505
2023-02-24 17:00:00+00:00,0.050132182057377885
2023-02-24 18:00:00+00:00,0.04958313793793326
2023-02-24 19:00:00+00:00,0.04845516793602625
2023-02-24 20:00:00+00:00,0.04636006956603135
2023-02-24 21:00:00+00:00,0.044061667058972576
2023-02-24 22:00:00+00:00,0.039948853750794454
2023-02-24 23:00:00+00:00,0.030107314625371265
2023-02-25 00:00:00+00:00,0.008646325917606099
2023-02-25 01:00:00+00:00,2.878101226057381e-06
2023-02-25 02:00:00+00:00,0.0
2023-02-25 03:00:00+00:00,0.0
2023-02-25 04:00:00+00:00,0.0
2023-02-25 05:00:00+00:00,0.0
2023-02-25 06:00:00+00:00,0.0
2023-02-25 07:00:00+00:00,0.0
2023-02-25 08:00:00+00:00,0.0
2023-02-25 09:00:00+00:00,0.0
2023-02-25 10:00:00+00:00,0.0
2023-02-25 11:00:00+00:00,0.0
2023-02-25 12:00:00+00:00,0.0
2023-02-25 13:00:00+00:00,0.0
2023-02-25 14:00:00+00:00,0.012730795443127472
2023-02-25 15:00:00+00:00,0.04446789338621307
2023-02-25 16:00:00+00:00,0.04745193200245146
2023-02-25 17:00:00+00:00,0.04820467746866409
2023-02-25 18:00:00+00:00,0.04839375576741476
2023-02-25 19:00:00+00:00,0.04754391663751657
2023-02-25 20:00:00+00:00,0.045371763664949716
2023-02-25 21:00:00+00:00,0.04343879715652479
2023-02-25 22:00:00+00:00,0.03941558253709008
2023-02-25 23:00:00+00:00,0.029945146381627274
2023-02-26 00:00:00+00:00,0.008782065376440638
2023-02-26 01:00:00+00:00,4.297180588585841e-06
2023-02-26 02:00:00+00:00,0.0
2023-02-26 03:00:00+00:00,0.0
2023-02-26 04:00:00+00:00,0.0
2023-02-26 05:00:00+00:00,0.0
2023-02-26 06:00:00+00:00,0.0
2023-02-26 07:00:00+00:00,0.0
2023-02-26 08:00:00+00:00,0.0
2023-02-26 09:00:00+00:00,0.0
2023-02-26 10:00:00+00:00,0.0
2023-02-26 11:00:00+00:00,0.0
2023-02-26 12:00:00+00:00,0.0
2023-02-26 13:00:00+00:00,0.0
2023-02-26 14:00:00+00:00,0.014684679149241646
2023-02-26 15:00:00+00:00,0.04583074798999326
2023-02-26 16:00:00+00:00,0.04763545615119961
2023-02-26 17:00:00+00:00,0.0486875954752389
2023-02-26 18:00:00+00:00,0.04852405485642063
2023-02-26 19:00:00+00:00,0.04782436856699135
2023-02-26 20:00:00+00:00,0.04625480689922308
2023-02-26 21:00:00+00:00,0.04363545840375969
2023-02-26 22:00:00+00:00,0.03988136779187745
2023-02-26 23:00:00+00:00,0.030949692824749908
2023-02-27 00:00:00+00:00,0.009561962611730911
2023-02-27 01:00:00+00:00,5.533025427387716e-06
2023-02-27 02:00:00+00:00,0.0
2023-02-27 03:00:00+00:00,0.0
2023-02-27 04:00:00+00:00,0.0
2023-02-27 05:00:00+00:00,0.0
2023-02-27 06:00:00+00:00,0.0
2023-02-27 07:00:00+00:00,0.0
2023-02-27 08:00:00+00:00,0.0
2023-02-27 09:00:00+00:00,0.0
2023-02-27 10:00:00+00:00,0.0
2023-02-27 11:00:00+00:00,0.0
2023-02-27 12:00:00+00:00,0.0
2023-02-27 13:00:00+00:00,0.0
2023-02-27 14:00:00+00:00,0.015500697182908956
2023-02-27 15:00:00+00:00,0.045874918429697
2023-02-27 16:00:00+00:00,0.04815891706584219
2023-02-27 17:00:00+00:00,0.04886326549130921
2023-02-27 18:00:00+00:00,0.049606509280908324
2023-02-27 19:00:00+00:00,0.048757068219164465
2023-02-27 20:00:00+00:00,0.047306992875054465
2023-02-27 21:00:00+00:00,0.04499739311770809
2023-02-27 22:00:00+00:00,0.04038418545444131
2023-02-27 23:00:00+00:00,0.029977095794355785
2023-02-28 00:00:00+00:00,0.008883861241217633
2023-02-28 01:00:00+00:00,6.608928463647387e-06
2023-02-28 02:00:00+00:00,0.0
2023-02-28 03:00:00+00:00,0.0
2023-02-28 04:00:00+00:00,0.0
2023-02-28 05:00:00+00:00,0.0
2023-02-28 06:00:00+00:00,0.0
2023-02-28 07:00:00+00:00,0.0
2023-02-28 08:00:00+00:00,0.0
2023-02-28 09:00:00+00:00,0.0
2023-02-28 10:00:00+00:00,0.0
2023-02-28 11:00:00+00:00,0.0
2023-02-28 12:00:00+00:00,0.0
2023-02-28 13:00:00+00:00,0.0
2023-02-28 14:00:00+00:00,0.014029819333942564
2023-02-28 15:00:00+00:00,0.04091185430698095
2023-02-28 16:00:00+00:00,0.04451634141542712
2023-02-28 17:00:00+00:00,0.04625162734027943
2023-02-28 18:00:00+00:00,0.045412104284070054
2023-02-28 19:00:00+00:00,0.04387392862392765
2023-02-28 20:00:00+00:00,0.04178431963374889
2023-02-28 21:00:00+00:00,0.03891113437236767
2023-02-28 22:00:00+00:00,0.03473372663787257
2023-02-28 23:00:00+00:00,0.025595565092480108
2023-03-01 00:00:00+00:00,0.008603238092009927
2023-03-01 01:00:00+00:00,1.1557143390378796e-05
2023-03-01 02:00:00+00:00,0.0
2023-03-01 03:00:00+00:00,0.0
2023-03-01 04:00:00+00:00,0.0
2023-03-01 05:00:00+00:00,0.0
2023-03-01 06:00:00+00:00,0.0
2023-03-01 07:00:00+00:00,0.0
2023-03-01 08:00:00+00:00,0.0
2023-03-01 09:00:00+00:00,0.0
2023-03-01 10:00:00+00:00,0.0
2023-03-01 11:00:00+00:00,0.0
2023-03-01 12:00:00+00:00,0.0
2023-03-01 13:00:00+00:00,0.0
2023-03-01 14:00:00+00:00,0.01744678037703853
2023-03-01 15:00:00+00:00,0.044619200641307984
2023-03-01 16:00:00+00:00,0.04644717372986334
2023-03-01 17:00:00+00:00,0.0479275230407401
2023-03-01 18:00:00+00:00,0.048225667449024436
2023-03-01 19:00:00+00:00,0.047074796231337195
2023-03-01 20:00:00+00:00,0.04566566680371321
2023-03-01 21:00:00+00:00,0.04385530374819104
2023-03-01 22:00:00+00:00,0.040144848454520966
2023-03-01 23:00:00+00:00,0.030496746422868776
2023-03-02 00:00:00+00:00,0.010244168704144886
2023-03-02 01:00:00+00:00,1.3868792197304068e-05
2023-03-02 02:00:00+00:00,0.0
2023-03-02 03:00:00+00:00,0.0
2023-03-02 04:00:00+00:00,0.0
2023-03-02 05:00:00+00:00,0.0
2023-03-02 06:00:00+00:00,0.0
2023-03-02 07:00:00+00:00,0.0
2023-03-02 08:00:00+00:00,0.0
2023-03-02 09:00:00+00:00,0.0
2023-03-02 10:00:00+00:00,0.0
2023-03-02 11:00:00+00:00,0.0
2023-03-02 12:00:00+00:00,0.0
2023-03-02 13:00:00+00:00,0.0
2023-03-02 14:00:00+00:00,0.019266233756470304
2023-03-02 15:00:00+00:00,0.04617842100877958
2023-03-02 16:00:00+00:00,0.04864125252818127
2023-03-02 17:00:00+00:00,0.049417241971184765
2023-03-02 18:00:00+00:00,0.04888141739459455
2023-03-02 19:00:00+00:00,0.047671267531392135
2023-03-02 20:00:00+00:00,0.04601786215210379
2023-03-02 21:00:00+00:00,0.04365600791503914
2023-03-02 22:00:00+00:00,0.03750773596605513
2023-03-02 23:00:00+00:00,0.028172188059755184
2023-03-03 00:00:00+00:00,0.00971642052455046
2023-03-03 01:00:00+00:00,1.8699992596168197e-05
2023-03-03 02:00:00+00:00,0.0
2023-03-03 03:00:00+00:00,0.0
2023-03-03 04:00:00+00:00,0.0
2023-03-03 05:00:00+00:00,0.0
2023-03-03 06:00:00+00:00,0.0
2023-03-03 07:00:00+00:00,0.0
2023-03-03 08:00:00+00:00,0.0
2023-03-03 09:00:00+00:00,0.0
2023-03-03 10:00:00+00:00,0.0
2023-03-03 11:00:00+00:00,0.0
2023-03-03 12:00:00+00:00,0.0
2023-03-03 13:00:00+00:00,0.0
2023-03-03 14:00:00+00:00,0.020145474400775923
2023-03-03 15:00:00+00:00,0.04430854049119092
2023-03-03 16:00:00+00:00,0.046996417440934427
2023-03-03 17:00:00+00:00,0.047322564967490946
2023-03-03 18:00:00+00:00,0.04669274448094039
2023-03-03 19:00:00+00:00,0.045999873508143996
2023-03-03 20:00:00+00:00,0.04431903975727642
2023-03-03 21:00:00+00:00,0.04155177856454506
2023-03-03 22:00:00+00:00,0.03746186054877367
2023-03-03 23:00:00+00:00,0.02874868001812098
2023-03-04 00:00:00+00:00,0.00968256024101327
2023-03-04 01:00:00+00:00,2.252528540035724e-05
2023-03-04 02:00:00+00:00,0.0
2023-03-04 03:00:00+00:00,0.0
2023-03-04 04:00:00+00:00,0.0
2023-03-04 05:00:00+00:00,0.0
2023-03-04 06:00:00+00:00,0.0
2023-03-04 07:00:00+00:00,0.0
2023-03-04 08:00:00+00:00,0.0
2023-03-04 09:00:00+00:00,0.0
2023-03-04 10:00:00+00:00,0.0
2023-03-04 11:00:00+00:00,0.0
2023-03-04 12:00:00+00:00,0.0
2023-03-04 13:00:00+00:00,0.0
2023-03-04 14:00:00+00:00,0.0218957915464668
2023-03-04 15:00:00+00:00,0.04517240747504531
2023-03-04 16:00:00+00:00,0.04812332331367021
2023-03-04 17:00:00+00:00,0.049006536650927975
2023-03-04 18:00:00+00:00,0.04947518711345337
2023-03-04 19:00:00+00:00,0.04885722208743887
2023-03-04 20:00:00+00:00,0.04775606650724097
2023-03-04 21:00:00+00:00,0.04627595730402981
2023-03-04 22:00:00+00:00,0.04198169282891259
2023-03-04 23:00:00+00:00,0.03276311711711132
2023-03-05 00:00:00+00:00,0.011718638913234172
2023-03-05 01:00:00+00:00,2.9667838283971903e-05
2023-03-05 02:00:00+00:00,0.0
2023-03-05 03:00:00+00:00,0.0
2023-03-05 04:00:00+00:00,0.0
2023-03-05 05:00:00+00:00,0.0
2023-03-05 06:00:00+00:00,0.0
2023-03-05 07:00:00+00:00,0.0
2023-03-05 08:00:00+00:00,0.0
2023-03-05 09:00:00+00:00,0.0
2023-03-05 10:00:00+00:00,0.0
2023-03-05 11:00:00+00:00,0.0
2023-03-05 12:00:00+00:00,0.0
2023-03-05 13:00:00+00:00,0.0
2023-03-05 14:00:00+00:00,0.025075217930005955
2023-03-05 15:00:00+00:00,0.04670938602304038
2023-03-05 16:00:00+00:00,0.049143434860685946
2023-03-05 17:00:00+00:00,0.04926996429758414
2023-03-05 18:00:00+00:00,0.04910669002388838
2023-03-05 19:00:00+00:00,0.04868583486238914
2023-03-05 20:00:00+00:00,0.04712878242345652
2023-03-05 21:00:00+00:00,0.04437844017313731
2023-03-05 22:00:00+00:00,0.0382852736574127
2023-03-05 23:00:00+00:00,0.02880598088640688
2023-03-06 00:00:00+00:00,0.010182893653382397
2023-03-06 01:00:00+00:00,3.6261388204431495e-05
2023-03-06 02:00:00+00:00,0.0
2023-03-06 03:00:00+00:00,0.0
2023-03-06 04:00:00+00:00,0.0
2023-03-06 05:00:00+00:00,0.0
2023-03-06 06:00:00+00:00,0.0
2023-03-06 07:00:00+00:00,0.0
2023-03-06 08:00:00+00:00,0.0
2023-03-06 09:00:00+00:00,0.0
2023-03-06 10:00:00+00:00,0.0
2023-03-06 11:00:00+00:00,0.0
2023-03-06 12:00:00+00:00,0.0
2023-03-06 13:00:00+00:00,0.0
2023-03-06 14:00:00+00:00,0.02271165391609785
2023-03-06 15:00:00+00:00,0.04348510983056804
2023-03-06 16:00:00+00:00,0.04709983650201522
2023-03-06 17:00:00+00:00,0.04751409216738419
2023-03-06 18:00:00+00:00,0.04867812222218299
2023-03-06 19:00:00+00:00,0.04814938729360824
2023-03-06 20:00:00+00:00,0.04689516101403952
2023-03-06 21:00:00+00:00,0.04460952505252331
2023-03-06 22:00:00+00:00,0.039100985262568666
2023-03-06 23:00:00+00:00,0.030185964358243847
2023-03-07 00:00:00+00:00,0.011210818672419832
2023-03-07 01:00:00+00:00,4.2803892427672014e-05
2023-03-07 02:00:00+00:00,0.0
2023-03-07 03:00:00+00:00,0.0
2023-03-07 04:00:00+00:00,0.0
2023-03-07 05:00:00+00:00,0.0
2023-03-07 06:00:00+00:00,0.0
2023-03-07 07:00:00+00:00,0.0
2023-03-07 08:00:00+00:00,0.0
2023-03-07 09:00:00+00:00,0.0
2023-03-07 10:00:00+00:00,0.0
2023-03-07 11:00:00+00:00,0.0
2023-03-07 12:00:00+00:00,0.0
2023-03-07 13:00:00+00:00,0.0
2023-03-07 14:00:00+00:00,0.02434619310016938
2023-03-07 15:00:00+00:00,0.04440094579897294
2023-03-07 16:00:00+00:00,0.046868495889095085
2023-03-07 17:00:00+00:00,0.047478374752341124
2023-03-07 18:00:00+00:00,0.04679803489307795
2023-03-07 19:00:00+00:00,0.04612415627432961
2023-03-07 20:00:00+00:00,0.04441436075053983
2023-03-07 21:00:00+00:00,0.041960650619212614
2023-03-07 22:00:00+00:00,0.0377497513454401
2023-03-07 23:00:00+00:00,0.02881329493248974
2023-03-08 00:00:00+00:00,0.01034019131345342
2023-03-08 01:00:00+00:00,4.994672146739754e-05
2023-03-08 02:00:00+00:00,0.0
2023-03-08 03:00:00+00:00,0.0
2023-03-08 04:00:00+00:00,0.0
2023-03-08 05:00:00+00:00,0.0
2023-03-08 06:00:00+00:00,0.0
2023-03-08 07:00:00+00:00,0.0
2023-03-08 08:00:00+00:00,0.0
2023-03-08 09:00:00+00:00,0.0
2023-03-08 10:00:00+00:00,0.0
2023-03-08 11:00:00+00:00,0.0
2023-03-08 12:00:00+00:00,0.0
2023-03-08 13:00:00+00:00,0.0
2023-03-08 14:00:00+00:00,0.0207144166015679
2023-03-08 15:00:00+00:00,0.04076060841831265
2023-03-08 16:00:00+00:00,0.0438631683983714
2023-03-08 17:00:00+00:00,0.04537491509021934
2023-03-08 18:00:00+00:00,0.0449671331788081
2023-03-08 19:00:00+00:00,0.04394794973717111
2023-03-08 20:00:00+00:00,0.04186313399346252
2023-03-08 21:00:00+00:00,0.038816667974932474
2023-03-08 22:00:00+00:00,0.03326302659508294
2023-03-08 23:00:00+00:00,0.025508412764196246
2023-03-09 00:00:00+00:00,0.010108429207279064
2023-03-09 01:00:00+00:00,5.716677896300117e-05
2023-03-09 02:00:00+00:00,0.0
2023-03-09 03:00:00+00:00,0.0
2023-03-09 04:00:00+00:00,0.0
2023-03-09 05:00:00+00:00,0.0
2023-03-09 06:00:00+00:00,0.0
2023-03-09 07:00:00+00:00,0.0
2023-03-09 08:00:00+00:00,0.0
2023-03-09 09:00:00+00:00,0.0
2023-03-09 10:00:00+00:00,0.0
2023-03-09 11:00:00+00:00,0.0
2023-03-09 12:00:00+00:00,0.0
2023-03-09 13:00:00+00:00,0.0
2023-03-09 14:00:00+00:00,0.024169593915633086
2023-03-09 15:00:00+00:00,0.04351538821105741
2023-03-09 16:00:00+00:00,0.04732823493372795
2023-03-09 17:00:00+00:00,0.047829114155689786
2023-03-09 18:00:00+00:00,0.04851428924122087
2023-03-09 19:00:00+00:00,0.04820294985402024
2023-03-09 20:00:00+00:00,0.04682069681635795
2023-03-09 21:00:00+00:00,0.04427356925975064
2023-03-09 22:00:00+00:00,0.03918806935794836
2023-03-09 23:00:00+00:00,0.030213067681713134
2023-03-10 00:00:00+00:00,0.011405593137252075
2023-03-10 01:00:00+00:00,6.419804895205495e-05
2023-03-10 02:00:00+00:00,0.0
2023-03-10 03:00:00+00:00,0.0
2023-03-10 04:00:00+00:00,0.0
2023-03-10 05:00:00+00:00,0.0
2023-03-10 06:00:00+00:00,0.0
2023-03-10 07:00:00+00:00,0.0
2023-03-10 08:00:00+00:00,0.0
2023-03-10 09:00:00+00:00,0.0
2023-03-10 10:00:00+00:00,0.0
2023-03-10 11:00:00+00:00,0.0
2023-03-10 12:00:00+00:00,0.0
2023-03-10 13:00:00+00:00,0.0
2023-03-10 14:00:00+00:00,0.027986005172199815
2023-03-10 15:00:00+00:00,0.0467200315379881
2023-03-10 16:00:00+00:00,0.04901277438765125
2023-03-10 17:00:00+00:00,0.04859995397814754
2023-03-10 18:00:00+00:00,0.04851409024174474
2023-03-10 19:00:00+00:00,0.04700817549660379
2023-03-10 20:00:00+00:00,0.044869403863645664
2023-03-10 21:00:00+00:00,0.041479885994570816
2023-03-10 22:00:00+00:00,0.03562418172887163
2023-03-10 23:00:00+00:00,0.026008533571764185
2023-03-11 00:00:00+00:00,0.01046220437176509
2023-03-11 01:00:00+00:00,7.779986141947032e-05
2023-03-11 02:00:00+00:00,0.0
2023-03-11 03:00:00+00:00,0.0
2023-03-11 04:00:00+00:00,0.0
2023-03-11 05:00:00+00:00,0.0
2023-03-11 06:00:00+00:00,0.0
2023-03-11 07:00:00+00:00,0.0
2023-03-11 08:00:00+00:00,0.0
2023-03-11 09:00:00+00:00,0.0
2023-03-11 10:00:00+00:00,0.0
2023-03-11 11:00:00+00:00,0.0
2023-03-11 12:00:00+00:00,0.0
2023-03-11 13:00:00+00:00,0.0
2023-03-11 14:00:00+00:00,0.024431049187395453
2023-03-11 15:00:00+00:00,0.04133047911178172
2023-03-11 16:00:00+00:00,0.04439251397936684
2023-03-11 17:00:00+00:00,0.045481732185556976
2023-03-11 18:00:00+00:00,0.04628330517569736
2023-03-11 19:00:00+00:00,0.04562898025315268
2023-03-11 20:00:00+00:00,0.04355344885200004
2023-03-11 21:00:00+00:00,0.04105402583703084
2023-03-11 22:00:00+00:00,0.037364575797561965
2023-03-11 23:00:00+00:00,0.029846133564911583
2023-03-12 00:00:00+00:00,0.012397962092594953
2023-03-12 01:00:00+00:00,9.386330440278021e-05
2023-03-12 02:00:00+00:00,0.0
2023-03-12 03:00:00+00:00,0.0
2023-03-12 04:00:00+00:00,0.0
2023-03-12 05:00:00+00:00,0.0
2023-03-12 06:00:00+00:00,0.0
2023-03-12 07:00:00+00:00,0.0
2023-03-12 08:00:00+00:00,0.0
2023-03-12 09:00:00+00:00,0.0
2023-03-12 10:00:00+00:00,0.0
2023-03-12 11:00:00+00:00,0.0
2023-03-12 12:00:00+00:00,0.0
2023-03-12 13:00:00+00:00,0.0
2023-03-12 14:00:00+00:00,0.0281174030120972
2023-03-12 15:00:00+00:00,0.043157470470387246
2023-03-12 16:00:00+00:00,0.04455585132541093
2023-03-12 17:00:00+00:00,0.045006012601213265
2023-03-12 18:00:00+00:00,0.04530600878645998
2023-03-12 19:00:00+00:00,0.044177261225314804
2023-03-12 20:00:00+00:00,0.04225315512217713
2023-03-12 21:00:00+00:00,0.039368436461967804
2023-03-12 22:00:00+00:00,0.0359537411237838
2023-03-12 23:00:00+00:00,0.028375859590525312
2023-03-13 00:00:00+00:00,0.011668463087939873
2023-03-13 01:00:00+00:00,0.00010410192862512757
2023-03-13 02:00:00+00:00,0.0
2023-03-13 03:00:00+00:00,0.0
2023-03-13 04:00:00+00:00,0.0
2023-03-13 05:00:00+00:00,0.0
2023-03-13 06:00:00+00:00,0.0
2023-03-13 07:00:00+00:00,0.0
2023-03-13 08:00:00+00:00,0.0
2023-03-13 09:00:00+00:00,0.0
2023-03-13 10:00:00+00:00,0.0
2023-03-13 11:00:00+00:00,0.0
2023-03-13 12:00:00+00:00,0.0
2023-03-13 13:00:00+00:00,0.0
2023-03-13 14:00:00+00:00,0.029250686368585146
2023-03-13 15:00:00+00:00,0.045113453356031896
2023-03-13 16:00:00+00:00,0.04739747373931751
2023-03-13 17:00:00+00:00,0.047673757111817074
2023-03-13 18:00:00+00:00,0.04807157126782053
2023-03-13 19:00:00+00:00,0.047317528055891206
2023-03-13 20:00:00+00:00,0.04647089777178463
2023-03-13 21:00:00+00:00,0.04429404293508732
2023-03-13 22:00:00+00:00,0.03994628692536628
2023-03-13 23:00:00+00:00,0.03177943850796433
2023-03-14 00:00:00+00:00,0.014003957132656208
2023-03-14 01:00:00+00:00,0.00013050647581931276
2023-03-14 02:00:00+00:00,0.0
2023-03-14 03:00:00+00:00,0.0
2023-03-14 04:00:00+00:00,0.0
2023-03-14 05:00:00+00:00,0.0
2023-03-14 06:00:00+00:00,0.0
2023-03-14 07:00:00+00:00,0.0
2023-03-14 08:00:00+00:00,0.0
2023-03-14 09:00:00+00:00,0.0
2023-03-14 10:00:00+00:00,0.0
2023-03-14 11:00:00+00:00,0.0
2023-03-14 12:00:00+00:00,0.0
2023-03-14 13:00:00+00:00,0.0
2023-03-14 14:00:00+00:00,0.031344728807626523
2023-03-14 15:00:00+00:00,0.047076501354417356
2023-03-14 16:00:00+00:00,0.049248473928562034
2023-03-14 17:00:00+00:00,0.04968424498672513
2023-03-14 18:00:00+00:00,0.04935920078039731
2023-03-14 19:00:00+00:00,0.04867090883584414
2023-03-14 20:00:00+00:00,0.04735937056823827
2023-03-14 21:00:00+00:00,0.0449224893862201
2023-03-14 22:00:00+00:00,0.04088572406524077
2023-03-14 23:00:00+00:00,0.03274564888124418
2023-03-15 00:00:00+00:00,0.014745156827534765
2023-03-15 01:00:00+00:00,0.00016959860217397775
2023-03-15 02:00:00+00:00,0.0
2023-03-15 03:00:00+00:00,0.0
2023-03-15 04:00:00+00:00,0.0
2023-03-15 05:00:00+00:00,0.0
2023-03-15 06:00:00+00:00,0.0
2023-03-15 07:00:00+00:00,0.0
2023-03-15 08:00:00+00:00,0.0
2023-03-15 09:00:00+00:00,0.0
2023-03-15 10:00:00+00:00,0.0
2023-03-15 11:00:00+00:00,0.0
2023-03-15 12:00:00+00:00,0.0
2023-03-15 13:00:00+00:00,0.0
2023-03-15 14:00:00+00:00,0.029689238313035143
2023-03-15 15:00:00+00:00,0.04200918812609823
2023-03-15 16:00:00+00:00,0.045421632756856165
2023-03-15 17:00:00+00:00,0.046167066766021454
2023-03-15 18:00:00+00:00,0.045568637813551575
2023-03-15 19:00:00+00:00,0.045423324960237765
2023-03-15 20:00:00+00:00,0.044549803104437694
2023-03-15 21:00:00+00:00,0.04219947726096527
2023-03-15 22:00:00+00:00,0.036826096078186564
2023-03-15 23:00:00+00:00,0.029188038967244593
2023-03-16 00:00:00+00:00,0.013022170915433168
2023-03-16 01:00:00+00:00,0.00016613766896237466
2023-03-16 02:00:00+00:00,0.0
2023-03-16 03:00:00+00:00,0.0
2023-03-16 04:00:00+00:00,0.0
2023-03-16 05:00:00+00:00,0.0
2023-03-16 06:00:00+00:00,0.0
2023-03-16 07:00:00+00:00,0.0
2023-03-16 08:00:00+00:00,0.0
2023-03-16 09:00:00+00:00,0.0
2023-03-16 10:00:00+00:00,0.0
2023-03-16 11:00:00+00:00,0.0
2023-03-16 12:00:00+00:00,0.0
2023-03-16 13:00:00+00:00,0.0
2023-03-16 14:00:00+00:00,0.03177725944171958
2023-03-16 15:00:00+00:00,0.04541264872914897
2023-03-16 16:00:00+00:00,0.04774083711763782
2023-03-16 17:00:00+00:00,0.04850972359858445
2023-03-16 18:00:00+00:00,0.04878077402256563
2023-03-16 19:00:00+00:00,0.04908261016573136
2023-03-16 20:00:00+00:00,0.04866632307319581
2023-03-16 21:00:00+00:00,0.047085299771886774
2023-03-16 22:00:00+00:00,0.04303581511602866
2023-03-16 23:00:00+00:00,0.033714939712637663
2023-03-17 00:00:00+00:00,0.015251405401503892
2023-03-17 01:00:00+00:00,0.0001966372471166628
2023-03-17 02:00:00+00:00,0.0
2023-03-17 03:00:00+00:00,0.0
2023-03-17 04:00:00+00:00,0.0
2023-03-17 05:00:00+00:00,0.0
2023-03-17 06:00:00+00:00,0.0
2023-03-17 07:00:00+00:00,0.0
2023-03-17 08:00:00+00:00,0.0
2023-03-17 09:00:00+00:00,0.0
2023-03-17 10:00:00+00:00,0.0
2023-03-17 11:00:00+00:00,0.0
2023-03-17 12:00:00+00:00,0.0
2023-03-17 13:00:00+00:00,0.0
2023-03-17 14:00:00+00:00,0.033465330880753354
2023-03-17 15:00:00+00:00,0.044610570779050354
2023-03-17 16:00:00+00:00,0.04670986146780765
2023-03-17 17:00:00+00:00,0.046943590015810555
2023-03-17 18:00:00+00:00,0.04801836717315625
2023-03-17 19:00:00+00:00,0.04708556930486235
2023-03-17 20:00:00+00:00,0.04606476774246921
2023-03-17 21:00:00+00:00,0.043643547453097814
2023-03-17 22:00:00+00:00,0.03944508317914889
2023-03-17 23:00:00+00:00,0.03236252233262337
2023-03-18 00:00:00+00:00,0.015163840608733976
2023-03-18 01:00:00+00:00,0.00022046169991509764
2023-03-18 02:00:00+00:00,0.0
2023-03-18 03:00:00+00:00,0.0
2023-03-18 04:00:00+00:00,0.0
2023-03-18 05:00:00+00:00,0.0
2023-03-18 06:00:00+00:00,0.0
2023-03-18 07:00:00+00:00,0.0
2023-03-18 08:00:00+00:00,0.0
2023-03-18 09:00:00+00:00,0.0
2023-03-18 10:00:00+00:00,0.0
2023-03-18 11:00:00+00:00,0.0
2023-03-18 12:00:00+00:00,0.0
2023-03-18 13:00:00+00:00,0.0
2023-03-18 14:00:00+00:00,0.033806588745425824
2023-03-18 15:00:00+00:00,0.04510009109303387
2023-03-18 16:00:00+00:00,0.046840746819690915
2023-03-18 17:00:00+00:00,0.04747704427125956
2023-03-18 18:00:00+00:00,0.046788447902882856
2023-03-18 19:00:00+00:00,0.046302329603315796
2023-03-18 20:00:00+00:00,0.04454086872809961
2023-03-18 21:00:00+00:00,0.04202146661981232
2023-03-18 22:00:00+00:00,0.03848565744818809
2023-03-18 23:00:00+00:00,0.030523706103995334
2023-03-19 00:00:00+00:00,0.014202704605232652
2023-03-19 01:00:00+00:00,0.0002180192286685733
2023-03-19 02:00:00+00:00,0.0
2023-03-19 03:00:00+00:00,0.0
2023-03-19 04:00:00+00:00,0.0
2023-03-19 05:00:00+00:00,0.0
2023-03-19 06:00:00+00:00,0.0
2023-03-19 07:00:00+00:00,0.0
2023-03-19 08:00:00+00:00,0.0
2023-03-19 09:00:00+00:00,0.0
2023-03-19 10:00:00+00:00,0.0
2023-03-19 11:00:00+00:00,0.0
2023-03-19 12:00:00+00:00,0.0
2023-03-19 13:00:00+00:00,0.0
2023-03-19 14:00:00+00:00,0.035905982033261195
2023-03-19 15:00:00+00:00,0.04609922465654958
2023-03-19 16:00:00+00:00,0.04746195187656111
2023-03-19 17:00:00+00:00,0.04763564549460297
2023-03-19 18:00:00+00:00,0.04805485543818755
2023-03-19 19:00:00+00:00,0.04733563324034511
2023-03-19 20:00:00+00:00,0.0458933316838372
2023-03-19 21:00:00+00:00,0.04387069957392586
2023-03-19 22:00:00+00:00,0.03872532033065481
2023-03-19 23:00:00+00:00,0.029125291912146346
2023-03-20 00:00:00+00:00,0.013777087246703292
2023-03-20 01:00:00+00:00,0.0002648090226214145
2023-03-20 02:00:00+00:00,0.0
2023-03-20 03:00:00+00:00,0.0
2023-03-20 04:00:00+00:00,0.0
2023-03-20 05:00:00+00:00,0.0
2023-03-20 06:00:00+00:00,0.0
2023-03-20 07:00:00+00:00,0.0
2023-03-20 08:00:00+00:00,0.0
2023-03-20 09:00:00+00:00,0.0
2023-03-20 10:00:00+00:00,0.0
2023-03-20 11:00:00+00:00,0.0
2023-03-20 12:00:00+00:00,0.0
2023-03-20 13:00:00+00:00,5.4758895207042243e-05
2023-03-20 14:00:00+00:00,0.035430472397934495
2023-03-20 15:00:00+00:00,0.04667677879021991
2023-03-20 16:00:00+00:00,0.04889857784476298
2023-03-20 17:00:00+00:00,0.04936377175482508
2023-03-20 18:00:00+00:00,0.04899970782147994
2023-03-20 19:00:00+00:00,0.048655596392465486
2023-03-20 20:00:00+00:00,0.04702511078178906
2023-03-20 21:00:00+00:00,0.0447605830147318
2023-03-20 22:00:00+00:00,0.03988883388539111
2023-03-20 23:00:00+00:00,0.03105869805470639
2023-03-21 00:00:00+00:00,0.014734058445569518
2023-03-21 01:00:00+00:00,0.00026635501480502127
2023-03-21 02:00:00+00:00,0.0
2023-03-21 03:00:00+00:00,0.0
2023-03-21 04:00:00+00:00,0.0
2023-03-21 05:00:00+00:00,0.0
2023-03-21 06:00:00+00:00,0.0
2023-03-21 07:00:00+00:00,0.0
2023-03-21 08:00:00+00:00,0.0
2023-03-21 09:00:00+00:00,0.0
2023-03-21 10:00:00+00:00,0.0
2023-03-21 11:00:00+00:00,0.0
2023-03-21 12:00:00+00:00,0.0
2023-03-21 13:00:00+00:00,0.00012115054369602279
2023-03-21 14:00:00+00:00,0.03546046210422515
2023-03-21 15:00:00+00:00,0.04469682115970974
2023-03-21 16:00:00+00:00,0.04591897428606471
2023-03-21 17:00:00+00:00,0.04663881905155598
2023-03-21 18:00:00+00:00,0.04811708708619864
2023-03-21 19:00:00+00:00,0.047259415357062164
2023-03-21 20:00:00+00:00,0.045045854013470665
2023-03-21 21:00:00+00:00,0.042723163071089434
2023-03-21 22:00:00+00:00,0.0379527300095999
2023-03-21 23:00:00+00:00,0.02992325648380491
2023-03-22 00:00:00+00:00,0.013836573658347825
2023-03-22 01:00:00+00:00,0.00028418723920897753
2023-03-22 02:00:00+00:00,0.0
2023-03-22 03:00:00+00:00,0.0
2023-03-22 04:00:00+00:00,0.0
2023-03-22 05:00:00+00:00,0.0
2023-03-22 06:00:00+00:00,0.0
2023-03-22 07:00:00+00:00,0.0
2023-03-22 08:00:00+00:00,0.0
2023-03-22 09:00:00+00:00,0.0
2023-03-22 10:00:00+00:00,0.0
2023-03-22 11:00:00+00:00,0.0
2023-03-22 12:00:00+00:00,0.0
2023-03-22 13:00:00+00:00,0.00024202485569738602
2023-03-22 14:00:00+00:00,0.03193195232173809
2023-03-22 15:00:00+00:00,0.04130500950266641
2023-03-22 16:00:00+00:00,0.04546411854213402
2023-03-22 17:00:00+00:00,0.04693086638735598
2023-03-22 18:00:00+00:00,0.0472182826826888
2023-03-22 19:00:00+00:00,0.04779517080315656
2023-03-22 20:00:00+00:00,0.047052607962505065
2023-03-22 21:00:00+00:00,0.045117231844282436
2023-03-22 22:00:00+00:00,0.040413671486339
2023-03-22 23:00:00+00:00,0.03195387980811104
2023-03-23 00:00:00+00:00,0.015145856224584307
2023-03-23 01:00:00+00:00,0.00034322766518380993
2023-03-23 02:00:00+00:00,0.0
2023-03-23 03:00:00+00:00,0.0
2023-03-23 04:00:00+00:00,0.0
2023-03-23 05:00:00+00:00,0.0
2023-03-23 06:00:00+00:00,0.0
2023-03-23 07:00:00+00:00,0.0
2023-03-23 08:00:00+00:00,0.0
2023-03-23 09:00:00+00:00,0.0
2023-03-23 10:00:00+00:00,0.0
2023-03-23 11:00:00+00:00,0.0
2023-03-23 12:00:00+00:00,0.0
2023-03-23 13:00:00+00:00,0.00024205505210483656
2023-03-23 14:00:00+00:00,0.03318565520022905
2023-03-23 15:00:00+00:00,0.042029324254065775
2023-03-23 16:00:00+00:00,0.04353081171691746
2023-03-23 17:00:00+00:00,0.04415512909358372
2023-03-23 18:00:00+00:00,0.044006498470538696
2023-03-23 19:00:00+00:00,0.043589297244635006
2023-03-23 20:00:00+00:00,0.041800961429453456
2023-03-23 21:00:00+00:00,0.03864157660784564
2023-03-23 22:00:00+00:00,0.03473308913689386
2023-03-23 23:00:00+00:00,0.028333454208427304
2023-03-24 00:00:00+00:00,0.01421847932120707
2023-03-24 01:00:00+00:00,0.0003525649946508571
2023-03-24 02:00:00+00:00,0.0
2023-03-24 03:00:00+00:00,0.0
2023-03-24 04:00:00+00:00,0.0
2023-03-24 05:00:00+00:00,0.0
2023-03-24 06:00:00+00:00,0.0
2023-03-24 07:00:00+00:00,0.0
2023-03-24 08:00:00+00:00,0.0
2023-03-24 09:00:00+00:00,0.0
2023-03-24 10:00:00+00:00,0.0
2023-03-24 11:00:00+00:00,0.0
2023-03-24 12:00:00+00:00,0.0
2023-03-24 13:00:00+00:00,0.000348945055053646
2023-03-24 14:00:00+00:00,0.04084463060575698
2023-03-24 15:00:00+00:00,0.04606826884975076
2023-03-24 16:00:00+00:00,0.04831928937711619
2023-03-24 17:00:00+00:00,0.04794322983508542
2023-03-24 18:00:00+00:00,0.048807191051584854
2023-03-24 19:00:00+00:00,0.04876191054080819
2023-03-24 20:00:00+00:00,0.04831607962542853
2023-03-24 21:00:00+00:00,0.047104638289354184
2023-03-24 22:00:00+00:00,0.044151269002858005
2023-03-24 23:00:00+00:00,0.035066311860198415
2023-03-25 00:00:00+00:00,0.017265715373782534
2023-03-25 01:00:00+00:00,0.0004453648207856221
2023-03-25 02:00:00+00:00,0.0
2023-03-25 03:00:00+00:00,0.0
2023-03-25 04:00:00+00:00,0.0
2023-03-25 05:00:00+00:00,0.0
2023-03-25 06:00:00+00:00,0.0
2023-03-25 07:00:00+00:00,0.0
2023-03-25 08:00:00+00:00,0.0
2023-03-25 09:00:00+00:00,0.0
2023-03-25 10:00:00+00:00,0.0
2023-03-25 11:00:00+00:00,0.0
2023-03-25 12:00:00+00:00,0.0
2023-03-25 13:00:00+00:00,0.0004975879930606443
2023-03-25 14:00:00+00:00,0.04242543611618912
2023-03-25 15:00:00+00:00,0.04712476325682292
2023-03-25 16:00:00+00:00,0.04879404064132071
2023-03-25 17:00:00+00:00,0.04930348077403128
2023-03-25 18:00:00+00:00,0.04870390973642106
2023-03-25 19:00:00+00:00,0.048742942841080814
2023-03-25 20:00:00+00:00,0.048287941845764897
2023-03-25 21:00:00+00:00,0.04634182618504525
2023-03-25 22:00:00+00:00,0.042148842534965654
2023-03-25 23:00:00+00:00,0.03396875841442418
2023-03-26 00:00:00+00:00,0.017080788473714578
2023-03-26 01:00:00+00:00,0.0004445964448802205
2023-03-26 02:00:00+00:00,0.0
2023-03-26 03:00:00+00:00,0.0
2023-03-26 04:00:00+00:00,0.0
2023-03-26 05:00:00+00:00,0.0
2023-03-26 06:00:00+00:00,0.0
2023-03-26 07:00:00+00:00,0.0
2023-03-26 08:00:00+00:00,0.0
2023-03-26 09:00:00+00:00,0.0
2023-03-26 10:00:00+00:00,0.0
2023-03-26 11:00:00+00:00,0.0
2023-03-26 12:00:00+00:00,0.0
2023-03-26 13:00:00+00:00,0.0006354365073002531
2023-03-26 14:00:00+00:00,0.04144509713830776
2023-03-26 15:00:00+00:00,0.047192347245105244
2023-03-26 16:00:00+00:00,0.04889037205090714
2023-03-26 17:00:00+00:00,0.04942460500322916
2023-03-26 18:00:00+00:00,0.049297433550518
2023-03-26 19:00:00+00:00,0.048810131645625775
2023-03-26 20:00:00+00:00,0.04751991477717494
2023-03-26 21:00:00+00:00,0.04486383506715254
2023-03-26 22:00:00+00:00,0.04017214782703917
2023-03-26 23:00:00+00:00,0.03046009341307094
2023-03-27 00:00:00+00:00,0.015535883908284812
2023-03-27 01:00:00+00:00,0.00044432079785889695
2023-03-27 02:00:00+00:00,0.0
2023-03-27 03:00:00+00:00,0.0
2023-03-27 04:00:00+00:00,0.0
2023-03-27 05:00:00+00:00,0.0
2023-03-27 06:00:00+00:00,0.0
2023-03-27 07:00:00+00:00,0.0
2023-03-27 08:00:00+00:00,0.0
2023-03-27 09:00:00+00:00,0.0
2023-03-27 10:00:00+00:00,0.0
2023-03-27 11:00:00+00:00,0.0
2023-03-27 12:00:00+00:00,0.0
2023-03-27 13:00:00+00:00,0.0009262770115100064
2023-03-27 14:00:00+00:00,0.039435090149471566
2023-03-27 15:00:00+00:00,0.045502326078976134
2023-03-27 16:00:00+00:00,0.04748524987297783
2023-03-27 17:00:00+00:00,0.04822806189408508
2023-03-27 18:00:00+00:00,0.04840853011981699
2023-03-27 19:00:00+00:00,0.04819378197894382
2023-03-27 20:00:00+00:00,0.04671161387510351
2023-03-27 21:00:00+00:00,0.044115157028865086
2023-03-27 22:00:00+00:00,0.039275901896604334
2023-03-27 23:00:00+00:00,0.031546633379125305
2023-03-28 00:00:00+00:00,0.016652939778459486
2023-03-28 01:00:00+00:00,0.000578451498927242
2023-03-28 02:00:00+00:00,0.0
2023-03-28 03:00:00+00:00,0.0
2023-03-28 04:00:00+00:00,0.0
2023-03-28 05:00:00+00:00,0.0
2023-03-28 06:00:00+00:00,0.0
2023-03-28 07:00:00+00:00,0.0
2023-03-28 08:00:00+00:00,0.0
2023-03-28 09:00:00+00:00,0.0
2023-03-28 10:00:00+00:00,0.0
2023-03-28 11:00:00+00:00,0.0
2023-03-28 12:00:00+00:00,0.0
2023-03-28 13:00:00+00:00,0.0012611187019917617
2023-03-28 14:00:00+00:00,0.04331631659640057
2023-03-28 15:00:00+00:00,0.04717690741422476
2023-03-28 16:00:00+00:00,0.04926335372250099
2023-03-28 17:00:00+00:00,0.0495226549392074
2023-03-28 18:00:00+00:00,0.0497261739825627
2023-03-28 19:00:00+00:00,0.049302193236048654
2023-03-28 20:00:00+00:00,0.04787373704493589
2023-03-28 21:00:00+00:00,0.04579046671116567
2023-03-28 22:00:00+00:00,0.04235236458209775
2023-03-28 23:00:00+00:00,0.03354308382810202
2023-03-29 00:00:00+00:00,0.017809151254506307
2023-03-29 01:00:00+00:00,0.0006271463034858713
2023-03-29 02:00:00+00:00,0.0
2023-03-29 03:00:00+00:00,0.0
2023-03-29 04:00:00+00:00,0.0
2023-03-29 05:00:00+00:00,0.0
2023-03-29 06:00:00+00:00,0.0
2023-03-29 07:00:00+00:00,0.0
2023-03-29 08:00:00+00:00,0.0
2023-03-29 09:00:00+00:00,0.0
2023-03-29 10:00:00+00:00,0.0
2023-03-29 11:00:00+00:00,0.0
2023-03-29 12:00:00+00:00,0.0
2023-03-29 13:00:00+00:00,0.0018197735180035834
2023-03-29 14:00:00+00:00,0.042311549649108195
2023-03-29 15:00:00+00:00,0.04701757663236622
2023-03-29 16:00:00+00:00,0.049178522415052696
2023-03-29 17:00:00+00:00,0.04922927813509922
2023-03-29 18:00:00+00:00,0.04981363176641001
2023-03-29 19:00:00+00:00,0.04935279804589107
2023-03-29 20:00:00+00:00,0.04827419834442315
2023-03-29 21:00:00+00:00,0.04587836711891126
2023-03-29 22:00:00+00:00,0.04259492092734287
2023-03-29 23:00:00+00:00,0.03386900558223313
2023-03-30 00:00:00+00:00,0.017493980471296973
2023-03-30 01:00:00+00:00,0.0006955783245405521
2023-03-30 02:00:00+00:00,0.0
2023-03-30 03:00:00+00:00,0.0
2023-03-30 04:00:00+00:00,0.0
2023-03-30 05:00:00+00:00,0.0
2023-03-30 06:00:00+00:00,0.0
2023-03-30 07:00:00+00:00,0.0
2023-03-30 08:00:00+00:00,0.0
2023-03-30 09:00:00+00:00,0.0
2023-03-30 10:00:00+00:00,0.0
2023-03-30 11:00:00+00:00,0.0
2023-03-30 12:00:00+00:00,0.0
2023-03-30 13:00:00+00:00,0.00247682540444024
2023-03-30 14:00:00+00:00,0.040690761120697604
2023-03-30 15:00:00+00:00,0.0455826391967058
2023-03-30 16:00:00+00:00,0.04591454258127824
2023-03-30 17:00:00+00:00,0.046948687635906726
2023-03-30 18:00:00+00:00,0.04699780910515755
2023-03-30 19:00:00+00:00,0.04684609005722231
2023-03-30 20:00:00+00:00,0.04667582280581286
2023-03-30 21:00:00+00:00,0.045630312221808016
2023-03-30 22:00:00+00:00,0.04222073455086072
2023-03-30 23:00:00+00:00,0.03432881925801846
2023-03-31 00:00:00+00:00,0.018526724235837008
2023-03-31 01:00:00+00:00,0.0008450061193511906
2023-03-31 02:00:00+00:00,0.0
2023-03-31 03:00:00+00:00,0.0
2023-03-31 04:00:00+00:00,0.0
2023-03-31 05:00:00+00:00,0.0
2023-03-31 06:00:00+00:00,0.0
2023-03-31 07:00:00+00:00,0.0
2023-03-31 08:00:00+00:00,0.0
2023-03-31 09:00:00+00:00,0.0
2023-03-31 10:00:00+00:00,0.0
2023-03-31 11:00:00+00:00,0.0
2023-03-31 12:00:00+00:00,0.0
2023-03-31 13:00:00+00:00,0.003309198632489051
2023-03-31 14:00:00+00:00,0.04380679833070451
2023-03-31 15:00:00+00:00,0.04833868047905308
2023-03-31 16:00:00+00:00,0.04918700564191805
2023-03-31 17:00:00+00:00,0.04977813182793005
2023-03-31 18:00:00+00:00,0.050083326714676406
2023-03-31 19:00:00+00:00,0.04958479137299323
2023-03-31 20:00:00+00:00,0.048651385064564234
2023-03-31 21:00:00+00:00,0.04706560988359966
2023-03-31 22:00:00+00:00,0.043353537533174266
2023-03-31 23:00:00+00:00,0.03454479876584842
2023-04-01 00:00:00+00:00,0.016709031906203244
2023-04-01 01:00:00+00:00,0.0007840181053135183
2023-04-01 02:00:00+00:00,0.0
2023-04-01 03:00:00+00:00,0.0
2023-04-01 04:00:00+00:00,0.0
2023-04-01 05:00:00+00:00,0.0
2023-04-01 06:00:00+00:00,0.0
2023-04-01 07:00:00+00:00,0.0
2023-04-01 08:00:00+00:00,0.0
2023-04-01 09:00:00+00:00,0.0
2023-04-01 10:00:00+00:00,0.0
2023-04-01 11:00:00+00:00,0.0
2023-04-01 12:00:00+00:00,0.0
2023-04-01 13:00:00+00:00,0.0034602634686844024
2023-04-01 14:00:00+00:00,0.03996795263865857
2023-04-01 15:00:00+00:00,0.04569086165428154
2023-04-01 16:00:00+00:00,0.047472952926271836
2023-04-01 17:00:00+00:00,0.04813611066888389
2023-04-01 18:00:00+00:00,0.048513549558891096
2023-04-01 19:00:00+00:00,0.04808388662860208
2023-04-01 20:00:00+00:00,0.047594202114228594
2023-04-01 21:00:00+00:00,0.045518002902509076
2023-04-01 22:00:00+00:00,0.04077924770865831
2023-04-01 23:00:00+00:00,0.032295701402266314
2023-04-02 00:00:00+00:00,0.016559215213339078
2023-04-02 01:00:00+00:00,0.0008260696384494906
2023-04-02 02:00:00+00:00,0.0
2023-04-02 03:00:00+00:00,0.0
2023-04-02 04:00:00+00:00,0.0
2023-04-02 05:00:00+00:00,0.0
2023-04-02 06:00:00+00:00,0.0
2023-04-02 07:00:00+00:00,0.0
2023-04-02 08:00:00+00:00,0.0
2023-04-02 09:00:00+00:00,0.0
2023-04-02 10:00:00+00:00,0.0
2023-04-02 11:00:00+00:00,0.0
2023-04-02 12:00:00+00:00,0.0
2023-04-02 13:00:00+00:00,0.0043643744550735655
2023-04-02 14:00:00+00:00,0.04366062819594871
2023-04-02 15:00:00+00:00,0.04726157733938693
2023-04-02 16:00:00+00:00,0.04839812913286129
2023-04-02 17:00:00+00:00,0.04862303758859451
2023-04-02 18:00:00+00:00,0.04887887807840385
2023-04-02 19:00:00+00:00,0.048676027537134
2023-04-02 20:00:00+00:00,0.04809889227794538
2023-04-02 21:00:00+00:00,0.04576561816887517
2023-04-02 22:00:00+00:00,0.041213603703943086
2023-04-02 23:00:00+00:00,0.03324552543453866
2023-04-03 00:00:00+00:00,0.01784627245590536
2023-04-03 01:00:00+00:00,0.0009702440286975437
2023-04-03 02:00:00+00:00,0.0
2023-04-03 03:00:00+00:00,0.0
2023-04-03 04:00:00+00:00,0.0
2023-04-03 05:00:00+00:00,0.0
2023-04-03 06:00:00+00:00,0.0
2023-04-03 07:00:00+00:00,0.0
2023-04-03 08:00:00+00:00,0.0
2023-04-03 09:00:00+00:00,0.0
2023-04-03 10:00:00+00:00,0.0
2023-04-03 11:00:00+00:00,0.0
2023-04-03 12:00:00+00:00,0.0
2023-04-03 13:00:00+00:00,0.004604775805812986
2023-04-03 14:00:00+00:00,0.044676788323956815
2023-04-03 15:00:00+00:00,0.0487603796056591
2023-04-03 16:00:00+00:00,0.04946971521768587
2023-04-03 17:00:00+00:00,0.04942813114731658
2023-04-03 18:00:00+00:00,0.049125918255790255
2023-04-03 19:00:00+00:00,0.04797181048133287
2023-04-03 20:00:00+00:00,0.04722973905704461
2023-04-03 21:00:00+00:00,0.04441943958812385
2023-04-03 22:00:00+00:00,0.03912592653832776
2023-04-03 23:00:00+00:00,0.03111138265802301
2023-04-04 00:00:00+00:00,0.01669761955409644
2023-04-04 01:00:00+00:00,0.0009483815405436357
2023-04-04 02:00:00+00:00,0.0
2023-04-04 03:00:00+00:00,0.0
2023-04-04 04:00:00+00:00,0.0
2023-04-04 05:00:00+00:00,0.0
2023-04-04 06:00:00+00:00,0.0
2023-04-04 07:00:00+00:00,0.0
2023-04-04 08:00:00+00:00,0.0
2023-04-04 09:00:00+00:00,0.0
2023-04-04 10:00:00+00:00,0.0
2023-04-04 11:00:00+00:00,0.0
2023-04-04 12:00:00+00:00,0.0
2023-04-04 13:00:00+00:00,0.00683525198700386
2023-04-04 14:00:00+00:00,0.046828475285621195
2023-04-04 15:00:00+00:00,0.05024572569263853
2023-04-04 16:00:00+00:00,0.05021219711432838
2023-04-04 17:00:00+00:00,0.05001815310496062
2023-04-04 18:00:00+00:00,0.04997297414548795
2023-04-04 19:00:00+00:00,0.04954055050248241
2023-04-04 20:00:00+00:00,0.049176809109990664
2023-04-04 21:00:00+00:00,0.04795860294549093
2023-04-04 22:00:00+00:00,0.04460863437714612
2023-04-04 23:00:00+00:00,0.03614298369431813
2023-04-05 00:00:00+00:00,0.020296562266712774
2023-04-05 01:00:00+00:00,0.0011071050085024803
2023-04-05 02:00:00+00:00,0.0
2023-04-05 03:00:00+00:00,0.0
2023-04-05 04:00:00+00:00,0.0
2023-04-05 05:00:00+00:00,0.0
2023-04-05 06:00:00+00:00,0.0
2023-04-05 07:00:00+00:00,0.0
2023-04-05 08:00:00+00:00,0.0
2023-04-05 09:00:00+00:00,0.0
2023-04-05 10:00:00+00:00,0.0
2023-04-05 11:00:00+00:00,0.0
2023-04-05 12:00:00+00:00,0.0
2023-04-05 13:00:00+00:00,0.006742973596777635
2023-04-05 14:00:00+00:00,0.04295252902159303
2023-04-05 15:00:00+00:00,0.047470018765233046
2023-04-05 16:00:00+00:00,0.04869515388738546
2023-04-05 17:00:00+00:00,0.0490982938011272
2023-04-05 18:00:00+00:00,0.04920806827879962
2023-04-05 19:00:00+00:00,0.048729860680764264
2023-04-05 20:00:00+00:00,0.04652294113215688
2023-04-05 21:00:00+00:00,0.04392585513659612
2023-04-05 22:00:00+00:00,0.039476491794272976
2023-04-05 23:00:00+00:00,0.03207484397698509
2023-04-06 00:00:00+00:00,0.018494137348818634
2023-04-06 01:00:00+00:00,0.0011410902302773048
2023-04-06 02:00:00+00:00,0.0
2023-04-06 03:00:00+00:00,0.0
2023-04-06 04:00:00+00:00,0.0
2023-04-06 05:00:00+00:00,0.0
2023-04-06 06:00:00+00:00,0.0
2023-04-06 07:00:00+00:00,0.0
2023-04-06 08:00:00+00:00,0.0
2023-04-06 09:00:00+00:00,0.0
2023-04-06 10:00:00+00:00,0.0
2023-04-06 11:00:00+00:00,0.0
2023-04-06 12:00:00+00:00,0.0
2023-04-06 13:00:00+00:00,0.007470311105291083
2023-04-06 14:00:00+00:00,0.0418510582391902
2023-04-06 15:00:00+00:00,0.04730674653280463
2023-04-06 16:00:00+00:00,0.048141020896073874
2023-04-06 17:00:00+00:00,0.04847308519558975
2023-04-06 18:00:00+00:00,0.04895646421132106
2023-04-06 19:00:00+00:00,0.04837877937275665
2023-04-06 20:00:00+00:00,0.04785614505566027
2023-04-06 21:00:00+00:00,0.046663356989517145
2023-04-06 22:00:00+00:00,0.043116376430493146
2023-04-06 23:00:00+00:00,0.034659159787265484
2023-04-07 00:00:00+00:00,0.018839339000888272
2023-04-07 01:00:00+00:00,0.0011710693231744835
2023-04-07 02:00:00+00:00,0.0
2023-04-07 03:00:00+00:00,0.0
2023-04-07 04:00:00+00:00,0.0
2023-04-07 05:00:00+00:00,0.0
2023-04-07 06:00:00+00:00,0.0
2023-04-07 07:00:00+00:00,0.0
2023-04-07 08:00:00+00:00,0.0
2023-04-07 09:00:00+00:00,0.0
2023-04-07 10:00:00+00:00,0.0
2023-04-07 11:00:00+00:00,0.0
2023-04-07 12:00:00+00:00,0.0
2023-04-07 13:00:00+00:00,0.008958082716803107
2023-04-07 14:00:00+00:00,0.045270631211480186
2023-04-07 15:00:00+00:00,0.048070403231730695
2023-04-07 16:00:00+00:00,0.048493760151451
2023-04-07 17:00:00+00:00,0.04869106052825098
2023-04-07 18:00:00+00:00,0.04885146452614135
2023-04-07 19:00:00+00:00,0.048786799705508636
2023-04-07 20:00:00+00:00,0.04881525414811307
2023-04-07 21:00:00+00:00,0.047478690744546595
2023-04-07 22:00:00+00:00,0.04510508604456916
2023-04-07 23:00:00+00:00,0.037486901975098796
2023-04-08 00:00:00+00:00,0.021648860219614083
2023-04-08 01:00:00+00:00,0.0013877435749359126
2023-04-08 02:00:00+00:00,0.0
2023-04-08 03:00:00+00:00,0.0
2023-04-08 04:00:00+00:00,0.0
2023-04-08 05:00:00+00:00,0.0
2023-04-08 06:00:00+00:00,0.0
2023-04-08 07:00:00+00:00,0.0
2023-04-08 08:00:00+00:00,0.0
2023-04-08 09:00:00+00:00,0.0
2023-04-08 10:00:00+00:00,0.0
2023-04-08 11:00:00+00:00,0.0
2023-04-08 12:00:00+00:00,0.0
2023-04-08 13:00:00+00:00,0.010700052163637386
2023-04-08 14:00:00+00:00,0.04593644640591439
2023-04-08 15:00:00+00:00,0.0489419939488402
2023-04-08 16:00:00+00:00,0.04939713772922459
2023-04-08 17:00:00+00:00,0.05003308277485425
2023-04-08 18:00:00+00:00,0.04972708683216942
2023-04-08 19:00:00+00:00,0.049835108939123414
2023-04-08 20:00:00+00:00,0.04942664346186676
2023-04-08 21:00:00+00:00,0.04851542228465323
2023-04-08 22:00:00+00:00,0.0456327215423349
2023-04-08 23:00:00+00:00,0.036785661170501326
2023-04-09 00:00:00+00:00,0.020695588162153115
2023-04-09 01:00:00+00:00,0.0013406700008744572
2023-04-09 02:00:00+00:00,0.0
2023-04-09 03:00:00+00:00,0.0
2023-04-09 04:00:00+00:00,0.0
2023-04-09 05:00:00+00:00,0.0
2023-04-09 06:00:00+00:00,0.0
2023-04-09 07:00:00+00:00,0.0
2023-04-09 08:00:00+00:00,0.0
2023-04-09 09:00:00+00:00,0.0
2023-04-09 10:00:00+00:00,0.0
2023-04-09 11:00:00+00:00,0.0
2023-04-09 12:00:00+00:00,0.0
2023-04-09 13:00:00+00:00,0.010514978530360776
2023-04-09 14:00:00+00:00,0.04415645262392993
2023-04-09 15:00:00+00:00,0.04733873976216857
2023-04-09 16:00:00+00:00,0.04831993017439704
2023-04-09 17:00:00+00:00,0.04831920395663542
2023-04-09 18:00:00+00:00,0.04807573079708733
2023-04-09 19:00:00+00:00,0.04806266632747398
2023-04-09 20:00:00+00:00,0.04726418813895258
2023-04-09 21:00:00+00:00,0.045249056882220216
2023-04-09 22:00:00+00:00,0.04271415516225469
2023-04-09 23:00:00+00:00,0.03520863753773511
2023-04-10 00:00:00+00:00,0.020626150010661603
2023-04-10 01:00:00+00:00,0.001523574400799761
2023-04-10 02:00:00+00:00,0.0
2023-04-10 03:00:00+00:00,0.0
2023-04-10 04:00:00+00:00,0.0
2023-04-10 05:00:00+00:00,0.0
2023-04-10 06:00:00+00:00,0.0
2023-04-10 07:00:00+00:00,0.0
2023-04-10 08:00:00+00:00,0.0
2023-04-10 09:00:00+00:00,0.0
2023-04-10 10:00:00+00:00,0.0
2023-04-10 11:00:00+00:00,0.0
2023-04-10 12:00:00+00:00,0.0
2023-04-10 13:00:00+00:00,0.012478116790021053
2023-04-10 14:00:00+00:00,0.04545446470328068
2023-04-10 15:00:00+00:00,0.048417104691638804
2023-04-10 16:00:00+00:00,0.049965593147056744
2023-04-10 17:00:00+00:00,0.050062221094506004
2023-04-10 18:00:00+00:00,0.04989336466475562
2023-04-10 19:00:00+00:00,0.049555199338851275
2023-04-10 20:00:00+00:00,0.04940596095616044
2023-04-10 21:00:00+00:00,0.04864928778494282
2023-04-10 22:00:00+00:00,0.04528194155684654
2023-04-10 23:00:00+00:00,0.03730911507556743
2023-04-11 00:00:00+00:00,0.022004713975829957
2023-04-11 01:00:00+00:00,0.0016764135747516517
2023-04-11 02:00:00+00:00,0.0
2023-04-11 03:00:00+00:00,0.0
2023-04-11 04:00:00+00:00,0.0
2023-04-11 05:00:00+00:00,0.0
2023-04-11 06:00:00+00:00,0.0
2023-04-11 07:00:00+00:00,0.0
2023-04-11 08:00:00+00:00,0.0
2023-04-11 09:00:00+00:00,0.0
2023-04-11 10:00:00+00:00,0.0
2023-04-11 11:00:00+00:00,0.0
2023-04-11 12:00:00+00:00,0.0
2023-04-11 13:00:00+00:00,0.012413740374503646
2023-04-11 14:00:00+00:00,0.045729310074538496
2023-04-11 15:00:00+00:00,0.04907498315392464
2023-04-11 16:00:00+00:00,0.049224518318352964
2023-04-11 17:00:00+00:00,0.04964924056964343
2023-04-11 18:00:00+00:00,0.04949337273871158
2023-04-11 19:00:00+00:00,0.04863585750021988
2023-04-11 20:00:00+00:00,0.047941616383790076
2023-04-11 21:00:00+00:00,0.04485744324534361
2023-04-11 22:00:00+00:00,0.04057010211066773
2023-04-11 23:00:00+00:00,0.031697953905204385
2023-04-12 00:00:00+00:00,0.017937718029242742
2023-04-12 01:00:00+00:00,0.0015330268513078307
2023-04-12 02:00:00+00:00,0.0
2023-04-12 03:00:00+00:00,0.0
2023-04-12 04:00:00+00:00,0.0
2023-04-12 05:00:00+00:00,0.0
2023-04-12 06:00:00+00:00,0.0
2023-04-12 07:00:00+00:00,0.0
2023-04-12 08:00:00+00:00,0.0
2023-04-12 09:00:00+00:00,0.0
2023-04-12 10:00:00+00:00,0.0
2023-04-12 11:00:00+00:00,0.0
2023-04-12 12:00:00+00:00,0.0
2023-04-12 13:00:00+00:00,0.012445464920612137
2023-04-12 14:00:00+00:00,0.03982813884386995
2023-04-12 15:00:00+00:00,0.04304335802848004
2023-04-12 16:00:00+00:00,0.045495965055892436
2023-04-12 17:00:00+00:00,0.046516249713601555
2023-04-12 18:00:00+00:00,0.047959844432160906
2023-04-12 19:00:00+00:00,0.04711149332174125
2023-04-12 20:00:00+00:00,0.045185403616389626
2023-04-12 21:00:00+00:00,0.04089446961394123
2023-04-12 22:00:00+00:00,0.03582792453627025
2023-04-12 23:00:00+00:00,0.02783472445044808
2023-04-13 00:00:00+00:00,0.016263520639351804
2023-04-13 01:00:00+00:00,0.0015520283963531476
2023-04-13 02:00:00+00:00,0.0
2023-04-13 03:00:00+00:00,0.0
2023-04-13 04:00:00+00:00,0.0
2023-04-13 05:00:00+00:00,0.0
2023-04-13 06:00:00+00:00,0.0
2023-04-13 07:00:00+00:00,0.0
2023-04-13 08:00:00+00:00,0.0
2023-04-13 09:00:00+00:00,0.0
2023-04-13 10:00:00+00:00,0.0
2023-04-13 11:00:00+00:00,0.0
2023-04-13 12:00:00+00:00,0.0
2023-04-13 13:00:00+00:00,0.012086104027823893
2023-04-13 14:00:00+00:00,0.041098685452087766
2023-04-13 15:00:00+00:00,0.044047868800135406
2023-04-13 16:00:00+00:00,0.04577311567412296
2023-04-13 17:00:00+00:00,0.04562919480260572
2023-04-13 18:00:00+00:00,0.04609769044553294
2023-04-13 19:00:00+00:00,0.045362311706533265
2023-04-13 20:00:00+00:00,0.044660384442455785
2023-04-13 21:00:00+00:00,0.04196650388280995
2023-04-13 22:00:00+00:00,0.03792570971932542
2023-04-13 23:00:00+00:00,0.03122761294639217
2023-04-14 00:00:00+00:00,0.018594467069724212
2023-04-14 01:00:00+00:00,0.0018672881682193759
2023-04-14 02:00:00+00:00,0.0
2023-04-14 03:00:00+00:00,0.0
2023-04-14 04:00:00+00:00,0.0
2023-04-14 05:00:00+00:00,0.0
2023-04-14 06:00:00+00:00,0.0
2023-04-14 07:00:00+00:00,0.0
2023-04-14 08:00:00+00:00,0.0
2023-04-14 09:00:00+00:00,0.0
2023-04-14 10:00:00+00:00,0.0
2023-04-14 11:00:00+00:00,0.0
2023-04-14 12:00:00+00:00,0.0
2023-04-14 13:00:00+00:00,0.016301423829550715
2023-04-14 14:00:00+00:00,0.045656157929679045
2023-04-14 15:00:00+00:00,0.04865534766297999
2023-04-14 16:00:00+00:00,0.049222735229852314
2023-04-14 17:00:00+00:00,0.04958108779375582
2023-04-14 18:00:00+00:00,0.05025197332268813
2023-04-14 19:00:00+00:00,0.050025845018578055
2023-04-14 20:00:00+00:00,0.04988840310729624
2023-04-14 21:00:00+00:00,0.04900588735785036
2023-04-14 22:00:00+00:00,0.04698685644022299
2023-04-14 23:00:00+00:00,0.03948450625941699
2023-04-15 00:00:00+00:00,0.023972331181897892
2023-04-15 01:00:00+00:00,0.0022191255587606733
2023-04-15 02:00:00+00:00,0.0
2023-04-15 03:00:00+00:00,0.0
2023-04-15 04:00:00+00:00,0.0
2023-04-15 05:00:00+00:00,0.0
2023-04-15 06:00:00+00:00,0.0
2023-04-15 07:00:00+00:00,0.0
2023-04-15 08:00:00+00:00,0.0
2023-04-15 09:00:00+00:00,0.0
2023-04-15 10:00:00+00:00,0.0
2023-04-15 11:00:00+00:00,0.0
2023-04-15 12:00:00+00:00,0.0
2023-04-15 13:00:00+00:00,0.017322188995776366
2023-04-15 14:00:00+00:00,0.04596074237383304
2023-04-15 15:00:00+00:00,0.04842848542400647
2023-04-15 16:00:00+00:00,0.04931989513006567
2023-04-15 17:00:00+00:00,0.04954611810443632
2023-04-15 18:00:00+00:00,0.049833118176220825
2023-04-15 19:00:00+00:00,0.049931595761720744
2023-04-15 20:00:00+00:00,0.04946772448695595
2023-04-15 21:00:00+00:00,0.04925734472870937
2023-04-15 22:00:00+00:00,0.04724226565833494
2023-04-15 23:00:00+00:00,0.03977416949108924
2023-04-16 00:00:00+00:00,0.02374641852408915
2023-04-16 01:00:00+00:00,0.0022402842496388924
2023-04-16 02:00:00+00:00,0.0
2023-04-16 03:00:00+00:00,0.0
2023-04-16 04:00:00+00:00,0.0
2023-04-16 05:00:00+00:00,0.0
2023-04-16 06:00:00+00:00,0.0
2023-04-16 07:00:00+00:00,0.0
2023-04-16 08:00:00+00:00,0.0
2023-04-16 09:00:00+00:00,0.0
2023-04-16 10:00:00+00:00,0.0
2023-04-16 11:00:00+00:00,0.0
2023-04-16 12:00:00+00:00,0.0
2023-04-16 13:00:00+00:00,0.019230422346690545
2023-04-16 14:00:00+00:00,0.04577173409966819
2023-04-16 15:00:00+00:00,0.04896080612604678
2023-04-16 16:00:00+00:00,0.04962483801785181
2023-04-16 17:00:00+00:00,0.05002526121749718
2023-04-16 18:00:00+00:00,0.050001059345646644
2023-04-16 19:00:00+00:00,0.049828246595575415
2023-04-16 20:00:00+00:00,0.049160417970180344
2023-04-16 21:00:00+00:00,0.047404790138558514
2023-04-16 22:00:00+00:00,0.042915949451523314
2023-04-16 23:00:00+00:00,0.03479390300617565
2023-04-17 00:00:00+00:00,0.02015975625303521
2023-04-17 01:00:00+00:00,0.0019936812587694466
2023-04-17 02:00:00+00:00,0.0
2023-04-17 03:00:00+00:00,0.0
2023-04-17 04:00:00+00:00,0.0
2023-04-17 05:00:00+00:00,0.0
2023-04-17 06:00:00+00:00,0.0
2023-04-17 07:00:00+00:00,0.0
2023-04-17 08:00:00+00:00,0.0
2023-04-17 09:00:00+00:00,0.0
2023-04-17 10:00:00+00:00,0.0
2023-04-17 11:00:00+00:00,0.0
2023-04-17 12:00:00+00:00,0.0
2023-04-17 13:00:00+00:00,0.016409870105349587
2023-04-17 14:00:00+00:00,0.03970412623810151
2023-04-17 15:00:00+00:00,0.04309446863570443
2023-04-17 16:00:00+00:00,0.04504132579699794
2023-04-17 17:00:00+00:00,0.04652677943461893
2023-04-17 18:00:00+00:00,0.04610151412135594
2023-04-17 19:00:00+00:00,0.04513141624653636
2023-04-17 20:00:00+00:00,0.04418483836687134
2023-04-17 21:00:00+00:00,0.04262276719709511
2023-04-17 22:00:00+00:00,0.039895985012786274
2023-04-17 23:00:00+00:00,0.03279480399053117
2023-04-18 00:00:00+00:00,0.019686042422642124
2023-04-18 01:00:00+00:00,0.0022357571243355992
2023-04-18 02:00:00+00:00,0.0
2023-04-18 03:00:00+00:00,0.0
2023-04-18 04:00:00+00:00,0.0
2023-04-18 05:00:00+00:00,0.0
2023-04-18 06:00:00+00:00,0.0
2023-04-18 07:00:00+00:00,0.0
2023-04-18 08:00:00+00:00,0.0
2023-04-18 09:00:00+00:00,0.0
2023-04-18 10:00:00+00:00,0.0
2023-04-18 11:00:00+00:00,0.0
2023-04-18 12:00:00+00:00,0.0
2023-04-18 13:00:00+00:00,0.020731311201353176
2023-04-18 14:00:00+00:00,0.04674180254141872
2023-04-18 15:00:00+00:00,0.049416768781707233
2023-04-18 16:00:00+00:00,0.049755719766632414
2023-04-18 17:00:00+00:00,0.04974491324507786
2023-04-18 18:00:00+00:00,0.04912054354210494
2023-04-18 19:00:00+00:00,0.049407884723989076
2023-04-18 20:00:00+00:00,0.04901323211044346
2023-04-18 21:00:00+00:00,0.04807909436251187
2023-04-18 22:00:00+00:00,0.046038556454518875
2023-04-18 23:00:00+00:00,0.03881413356292278
2023-04-19 00:00:00+00:00,0.024448586637504526
2023-04-19 01:00:00+00:00,0.002790919704222248
2023-04-19 02:00:00+00:00,0.0
2023-04-19 03:00:00+00:00,0.0
2023-04-19 04:00:00+00:00,0.0
2023-04-19 05:00:00+00:00,0.0
2023-04-19 06:00:00+00:00,0.0
2023-04-19 07:00:00+00:00,0.0
2023-04-19 08:00:00+00:00,0.0
2023-04-19 09:00:00+00:00,0.0
2023-04-19 10:00:00+00:00,0.0
2023-04-19 11:00:00+00:00,0.0
2023-04-19 12:00:00+00:00,0.0
2023-04-19 13:00:00+00:00,0.021770490759608505
2023-04-19 14:00:00+00:00,0.047085635165331936
2023-04-19 15:00:00+00:00,0.04969354477289125
2023-04-19 16:00:00+00:00,0.04971771404395715
2023-04-19 17:00:00+00:00,0.04965817230225138
2023-04-19 18:00:00+00:00,0.04990346454548909
2023-04-19 19:00:00+00:00,0.04992596961962239
2023-04-19 20:00:00+00:00,0.04941117553117177
2023-04-19 21:00:00+00:00,0.04796845836298091
2023-04-19 22:00:00+00:00,0.04433754590491596
2023-04-19 23:00:00+00:00,0.03524386541132101
2023-04-20 00:00:00+00:00,0.02137034505582656
2023-04-20 01:00:00+00:00,0.0023344415963027633
2023-04-20 02:00:00+00:00,0.0
2023-04-20 03:00:00+00:00,0.0
2023-04-20 04:00:00+00:00,0.0
2023-04-20 05:00:00+00:00,0.0
2023-04-20 06:00:00+00:00,0.0
2023-04-20 07:00:00+00:00,0.0
2023-04-20 08:00:00+00:00,0.0
2023-04-20 09:00:00+00:00,0.0
2023-04-20 10:00:00+00:00,0.0
2023-04-20 11:00:00+00:00,0.0
2023-04-20 12:00:00+00:00,0.0
2023-04-20 13:00:00+00:00,0.022076470494266053
2023-04-20 14:00:00+00:00,0.04570001967085987
2023-04-20 15:00:00+00:00,0.048693872038084306
2023-04-20 16:00:00+00:00,0.04909916564702693
2023-04-20 17:00:00+00:00,0.049495893300703364
2023-04-20 18:00:00+00:00,0.049603593774354436
2023-04-20 19:00:00+00:00,0.04911526865723036
2023-04-20 20:00:00+00:00,0.048672850762939486
2023-04-20 21:00:00+00:00,0.047592898726303526
2023-04-20 22:00:00+00:00,0.04428685028485356
2023-04-20 23:00:00+00:00,0.03754434471137398
2023-04-21 00:00:00+00:00,0.02332161944365268
2023-04-21 01:00:00+00:00,0.0027702899198728376
2023-04-21 02:00:00+00:00,0.0
2023-04-21 03:00:00+00:00,0.0
2023-04-21 04:00:00+00:00,0.0
2023-04-21 05:00:00+00:00,0.0
2023-04-21 06:00:00+00:00,0.0
2023-04-21 07:00:00+00:00,0.0
2023-04-21 08:00:00+00:00,0.0
2023-04-21 09:00:00+00:00,0.0
2023-04-21 10:00:00+00:00,0.0
2023-04-21 11:00:00+00:00,0.0
2023-04-21 12:00:00+00:00,0.0
2023-04-21 13:00:00+00:00,0.023281401528538775
2023-04-21 14:00:00+00:00,0.04648948914838827
2023-04-21 15:00:00+00:00,0.04912344691461697
2023-04-21 16:00:00+00:00,0.049105632687840184
2023-04-21 17:00:00+00:00,0.04972639807850046
2023-04-21 18:00:00+00:00,0.04978821422839157
2023-04-21 19:00:00+00:00,0.04996415854015549
2023-04-21 20:00:00+00:00,0.04950138693192877
2023-04-21 21:00:00+00:00,0.048573124314100394
2023-04-21 22:00:00+00:00,0.045984717555962756
2023-04-21 23:00:00+00:00,0.038741017053839734
2023-04-22 00:00:00+00:00,0.023946444108804508
2023-04-22 01:00:00+00:00,0.003055211347963137
2023-04-22 02:00:00+00:00,0.0
2023-04-22 03:00:00+00:00,0.0
2023-04-22 04:00:00+00:00,0.0
2023-04-22 05:00:00+00:00,0.0
2023-04-22 06:00:00+00:00,0.0
2023-04-22 07:00:00+00:00,0.0
2023-04-22 08:00:00+00:00,0.0
2023-04-22 09:00:00+00:00,0.0
2023-04-22 10:00:00+00:00,0.0
2023-04-22 11:00:00+00:00,0.0
2023-04-22 12:00:00+00:00,0.0
2023-04-22 13:00:00+00:00,0.02332819382921917
2023-04-22 14:00:00+00:00,0.046631176742306185
2023-04-22 15:00:00+00:00,0.048627539307214994
2023-04-22 16:00:00+00:00,0.04923151135396851
2023-04-22 17:00:00+00:00,0.04935595539342443
2023-04-22 18:00:00+00:00,0.048307926120861044
2023-04-22 19:00:00+00:00,0.0469750954125166
2023-04-22 20:00:00+00:00,0.04509609616933117
2023-04-22 21:00:00+00:00,0.04270772797985683
2023-04-22 22:00:00+00:00,0.03765245711835685
2023-04-22 23:00:00+00:00,0.032156054540997465
2023-04-23 00:00:00+00:00,0.01964879656374144
2023-04-23 01:00:00+00:00,0.0026860705019992864
2023-04-23 02:00:00+00:00,0.0
2023-04-23 03:00:00+00:00,0.0
2023-04-23 04:00:00+00:00,0.0
2023-04-23 05:00:00+00:00,0.0
2023-04-23 06:00:00+00:00,0.0
2023-04-23 07:00:00+00:00,0.0
2023-04-23 08:00:00+00:00,0.0
2023-04-23 09:00:00+00:00,0.0
2023-04-23 10:00:00+00:00,0.0
2023-04-23 11:00:00+00:00,0.0
2023-04-23 12:00:00+00:00,0.0
2023-04-23 13:00:00+00:00,0.0203623125665187
2023-04-23 14:00:00+00:00,0.041297243798375606
2023-04-23 15:00:00+00:00,0.04479969844607776
2023-04-23 16:00:00+00:00,0.04526223526193244
2023-04-23 17:00:00+00:00,0.045836289517981105
2023-04-23 18:00:00+00:00,0.04667321039486319
2023-04-23 19:00:00+00:00,0.046656141970404935
2023-04-23 20:00:00+00:00,0.045753432103132284
2023-04-23 21:00:00+00:00,0.043522825003957245
2023-04-23 22:00:00+00:00,0.04082533552891955
2023-04-23 23:00:00+00:00,0.03382388387661922
2023-04-24 00:00:00+00:00,0.020986748309497098
2023-04-24 01:00:00+00:00,0.0030086675066147025
2023-04-24 02:00:00+00:00,0.0
2023-04-24 03:00:00+00:00,0.0
2023-04-24 04:00:00+00:00,0.0
2023-04-24 05:00:00+00:00,0.0
2023-04-24 06:00:00+00:00,0.0
2023-04-24 07:00:00+00:00,0.0
2023-04-24 08:00:00+00:00,0.0
2023-04-24 09:00:00+00:00,0.0
2023-04-24 10:00:00+00:00,0.0
2023-04-24 11:00:00+00:00,0.0
2023-04-24 12:00:00+00:00,0.0
2023-04-24 13:00:00+00:00,0.02544075297992414
2023-04-24 14:00:00+00:00,0.04730111801623327
2023-04-24 15:00:00+00:00,0.04969822410506145
2023-04-24 16:00:00+00:00,0.04961937757007097
2023-04-24 17:00:00+00:00,0.04978586133662582
2023-04-24 18:00:00+00:00,0.04982068239046178
2023-04-24 19:00:00+00:00,0.04961253175434121
2023-04-24 20:00:00+00:00,0.048999762561480004
2023-04-24 21:00:00+00:00,0.04757261374147778
2023-04-24 22:00:00+00:00,0.045052238761105846
2023-04-24 23:00:00+00:00,0.03792682040707721
2023-04-25 00:00:00+00:00,0.023663432276823465
2023-04-25 01:00:00+00:00,0.0034239832006797612
2023-04-25 02:00:00+00:00,0.0
2023-04-25 03:00:00+00:00,0.0
2023-04-25 04:00:00+00:00,0.0
2023-04-25 05:00:00+00:00,0.0
2023-04-25 06:00:00+00:00,0.0
2023-04-25 07:00:00+00:00,0.0
2023-04-25 08:00:00+00:00,0.0
2023-04-25 09:00:00+00:00,0.0
2023-04-25 10:00:00+00:00,0.0
2023-04-25 11:00:00+00:00,0.0
2023-04-25 12:00:00+00:00,0.0
2023-04-25 13:00:00+00:00,0.024763647306983827
2023-04-25 14:00:00+00:00,0.04384333592566401
2023-04-25 15:00:00+00:00,0.04747263903588967
2023-04-25 16:00:00+00:00,0.04859182204234794
2023-04-25 17:00:00+00:00,0.04900954861334795
2023-04-25 18:00:00+00:00,0.049896078521205055
2023-04-25 19:00:00+00:00,0.05013722374106275
2023-04-25 20:00:00+00:00,0.04978378404894957
2023-04-25 21:00:00+00:00,0.04882677548727261
2023-04-25 22:00:00+00:00,0.04622981853817735
2023-04-25 23:00:00+00:00,0.03917883299916954
2023-04-26 00:00:00+00:00,0.02463629194376007
2023-04-26 01:00:00+00:00,0.003637416894657651
2023-04-26 02:00:00+00:00,0.0
2023-04-26 03:00:00+00:00,0.0
2023-04-26 04:00:00+00:00,0.0
2023-04-26 05:00:00+00:00,0.0
2023-04-26 06:00:00+00:00,0.0
2023-04-26 07:00:00+00:00,0.0
2023-04-26 08:00:00+00:00,0.0
2023-04-26 09:00:00+00:00,0.0
2023-04-26 10:00:00+00:00,0.0
2023-04-26 11:00:00+00:00,0.0
2023-04-26 12:00:00+00:00,0.0
2023-04-26 13:00:00+00:00,0.026863094005773573
2023-04-26 14:00:00+00:00,0.047387369255944736
2023-04-26 15:00:00+00:00,0.0499147257701513
2023-04-26 16:00:00+00:00,0.05008361758481048
2023-04-26 17:00:00+00:00,0.05001351290432273
2023-04-26 18:00:00+00:00,0.0499345483465674
2023-04-26 19:00:00+00:00,0.05014134136254326
2023-04-26 20:00:00+00:00,0.04995763061891075
2023-04-26 21:00:00+00:00,0.048577131566316684
2023-04-26 22:00:00+00:00,0.04487276562898612
2023-04-26 23:00:00+00:00,0.03690032852347918
2023-04-27 00:00:00+00:00,0.022752428371271165
2023-04-27 01:00:00+00:00,0.0034806296483565666
2023-04-27 02:00:00+00:00,0.0
2023-04-27 03:00:00+00:00,0.0
2023-04-27 04:00:00+00:00,0.0
2023-04-27 05:00:00+00:00,0.0
2023-04-27 06:00:00+00:00,0.0
2023-04-27 07:00:00+00:00,0.0
2023-04-27 08:00:00+00:00,0.0
2023-04-27 09:00:00+00:00,0.0
2023-04-27 10:00:00+00:00,0.0
2023-04-27 11:00:00+00:00,0.0
2023-04-27 12:00:00+00:00,0.0
2023-04-27 13:00:00+00:00,0.02534676041856762
2023-04-27 14:00:00+00:00,0.04454368347172112
2023-04-27 15:00:00+00:00,0.047885460275235076
2023-04-27 16:00:00+00:00,0.04899134415008946
2023-04-27 17:00:00+00:00,0.049339856773016236
2023-04-27 18:00:00+00:00,0.04979022158498665
2023-04-27 19:00:00+00:00,0.04955791696240915
2023-04-27 20:00:00+00:00,0.04874166447214208
2023-04-27 21:00:00+00:00,0.046708954110939595
2023-04-27 22:00:00+00:00,0.04184721954709874
2023-04-27 23:00:00+00:00,0.03356629409666511
2023-04-28 00:00:00+00:00,0.020757570863345322
2023-04-28 01:00:00+00:00,0.0034223671358448262
2023-04-28 02:00:00+00:00,0.0
2023-04-28 03:00:00+00:00,0.0
2023-04-28 04:00:00+00:00,0.0
2023-04-28 05:00:00+00:00,0.0
2023-04-28 06:00:00+00:00,0.0
2023-04-28 07:00:00+00:00,0.0
2023-04-28 08:00:00+00:00,0.0
2023-04-28 09:00:00+00:00,0.0
2023-04-28 10:00:00+00:00,0.0
2023-04-28 11:00:00+00:00,0.0
2023-04-28 12:00:00+00:00,0.0
2023-04-28 13:00:00+00:00,0.02757965337199365
2023-04-28 14:00:00+00:00,0.0466388854603009
2023-04-28 15:00:00+00:00,0.04877303663029451
2023-04-28 16:00:00+00:00,0.04934724327261077
2023-04-28 17:00:00+00:00,0.04919224170996841
2023-04-28 18:00:00+00:00,0.048209158001802116
2023-04-28 19:00:00+00:00,0.04753285370151721
2023-04-28 20:00:00+00:00,0.04710597885776599
2023-04-28 21:00:00+00:00,0.04581017949150124
2023-04-28 22:00:00+00:00,0.04305869854602004
2023-04-28 23:00:00+00:00,0.03480098219323052
2023-04-29 00:00:00+00:00,0.021755892583387098
2023-04-29 01:00:00+00:00,0.0036359089162104623
2023-04-29 02:00:00+00:00,0.0
2023-04-29 03:00:00+00:00,0.0
2023-04-29 04:00:00+00:00,0.0
2023-04-29 05:00:00+00:00,0.0
2023-04-29 06:00:00+00:00,0.0
2023-04-29 07:00:00+00:00,0.0
2023-04-29 08:00:00+00:00,0.0
2023-04-29 09:00:00+00:00,0.0
2023-04-29 10:00:00+00:00,0.0
2023-04-29 11:00:00+00:00,0.0
2023-04-29 12:00:00+00:00,0.0
2023-04-29 13:00:00+00:00,0.024955887942142038
2023-04-29 14:00:00+00:00,0.043372708185775356
2023-04-29 15:00:00+00:00,0.04582838579728989
2023-04-29 16:00:00+00:00,0.04685402571829765
2023-04-29 17:00:00+00:00,0.0470703855028692
2023-04-29 18:00:00+00:00,0.04794164974549732
2023-04-29 19:00:00+00:00,0.048037698267309456
2023-04-29 20:00:00+00:00,0.04634376398813711
2023-04-29 21:00:00+00:00,0.043800051289934826
2023-04-29 22:00:00+00:00,0.04076168557909284
2023-04-29 23:00:00+00:00,0.033660164228498525
2023-04-30 00:00:00+00:00,0.021266029801372602
2023-04-30 01:00:00+00:00,0.0035243679298698717
2023-04-30 02:00:00+00:00,0.0
2023-04-30 03:00:00+00:00,0.0
2023-04-30 04:00:00+00:00,0.0
2023-04-30 05:00:00+00:00,0.0
2023-04-30 06:00:00+00:00,0.0
2023-04-30 07:00:00+00:00,0.0
2023-04-30 08:00:00+00:00,0.0
2023-04-30 09:00:00+00:00,0.0
2023-04-30 10:00:00+00:00,0.0
2023-04-30 11:00:00+00:00,0.0
2023-04-30 12:00:00+00:00,0.0
2023-04-30 13:00:00+00:00,0.02519976296785892
2023-04-30 14:00:00+00:00,0.04391906284540662
2023-04-30 15:00:00+00:00,0.04699170975395287
2023-04-30 16:00:00+00:00,0.04857183233735989
2023-04-30 17:00:00+00:00,0.04916959459466727
2023-04-30 18:00:00+00:00,0.04843989470850032
2023-04-30 19:00:00+00:00,0.048801574552749534
2023-04-30 20:00:00+00:00,0.04863795846994931
2023-04-30 21:00:00+00:00,0.048593157267573
2023-04-30 22:00:00+00:00,0.04534469504086831
2023-04-30 23:00:00+00:00,0.03781644446726341
2023-05-01 00:00:00+00:00,0.02189697074311538
2023-05-01 01:00:00+00:00,0.003695457026360411
2023-05-01 02:00:00+00:00,0.0
2023-05-01 03:00:00+00:00,0.0
2023-05-01 04:00:00+00:00,0.0
2023-05-01 05:00:00+00:00,0.0
2023-05-01 06:00:00+00:00,0.0
2023-05-01 07:00:00+00:00,0.0
2023-05-01 08:00:00+00:00,0.0
2023-05-01 09:00:00+00:00,0.0
2023-05-01 10:00:00+00:00,0.0
2023-05-01 11:00:00+00:00,0.0
2023-05-01 12:00:00+00:00,0.0
2023-05-01 13:00:00+00:00,0.02777850683211116
2023-05-01 14:00:00+00:00,0.045506762113963505
2023-05-01 15:00:00+00:00,0.04768647205942101
2023-05-01 16:00:00+00:00,0.048245290097357375
2023-05-01 17:00:00+00:00,0.04840072897420588
2023-05-01 18:00:00+00:00,0.0485886924257036
2023-05-01 19:00:00+00:00,0.04835740041559488
2023-05-01 20:00:00+00:00,0.046979774963909225
2023-05-01 21:00:00+00:00,0.045429397258188384
2023-05-01 22:00:00+00:00,0.04158120034198877
2023-05-01 23:00:00+00:00,0.033433070787024066
2023-05-02 00:00:00+00:00,0.020662931024874324
2023-05-02 01:00:00+00:00,0.00378692785528877
2023-05-02 02:00:00+00:00,0.0
2023-05-02 03:00:00+00:00,0.0
2023-05-02 04:00:00+00:00,0.0
2023-05-02 05:00:00+00:00,0.0
2023-05-02 06:00:00+00:00,0.0
2023-05-02 07:00:00+00:00,0.0
2023-05-02 08:00:00+00:00,0.0
2023-05-02 09:00:00+00:00,0.0
2023-05-02 10:00:00+00:00,0.0
2023-05-02 11:00:00+00:00,0.0
2023-05-02 12:00:00+00:00,0.0
2023-05-02 13:00:00+00:00,0.020178811177895783
2023-05-02 14:00:00+00:00,0.03610426291052618
2023-05-02 15:00:00+00:00,0.03989382825915003
2023-05-02 16:00:00+00:00,0.04192146874000491
2023-05-02 17:00:00+00:00,0.04336774737365005
2023-05-02 18:00:00+00:00,0.04393839631837154
2023-05-02 19:00:00+00:00,0.043177545433153504
2023-05-02 20:00:00+00:00,0.04239792637603177
2023-05-02 21:00:00+00:00,0.04037368115954522
2023-05-02 22:00:00+00:00,0.03750696893396025
2023-05-02 23:00:00+00:00,0.03039486143527529
2023-05-03 00:00:00+00:00,0.019686890343023296
2023-05-03 01:00:00+00:00,0.003866226998129058
2023-05-03 02:00:00+00:00,0.0
2023-05-03 03:00:00+00:00,0.0
2023-05-03 04:00:00+00:00,0.0
2023-05-03 05:00:00+00:00,0.0
2023-05-03 06:00:00+00:00,0.0
2023-05-03 07:00:00+00:00,0.0
2023-05-03 08:00:00+00:00,0.0
2023-05-03 09:00:00+00:00,0.0
2023-05-03 10:00:00+00:00,0.0
2023-05-03 11:00:00+00:00,0.0
2023-05-03 12:00:00+00:00,4.0919889771313193e-05
2023-05-03 13:00:00+00:00,0.02805363212546843
2023-05-03 14:00:00+00:00,0.04522813619472892
2023-05-03 15:00:00+00:00,0.04795833527292347
2023-05-03 16:00:00+00:00,0.04881036573205819
2023-05-03 17:00:00+00:00,0.049057500892059645
2023-05-03 18:00:00+00:00,0.04884283493288292
2023-05-03 19:00:00+00:00,0.048810816552179226
2023-05-03 20:00:00+00:00,0.04836701571860517
2023-05-03 21:00:00+00:00,0.047343070120174385
2023-05-03 22:00:00+00:00,0.04593596472020698
2023-05-03 23:00:00+00:00,0.03927726401716992
2023-05-04 00:00:00+00:00,0.025898458441605064
2023-05-04 01:00:00+00:00,0.00495640888402283
2023-05-04 02:00:00+00:00,0.0
2023-05-04 03:00:00+00:00,0.0
2023-05-04 04:00:00+00:00,0.0
2023-05-04 05:00:00+00:00,0.0
2023-05-04 06:00:00+00:00,0.0
2023-05-04 07:00:00+00:00,0.0
2023-05-04 08:00:00+00:00,0.0
2023-05-04 09:00:00+00:00,0.0
2023-05-04 10:00:00+00:00,0.0
2023-05-04 11:00:00+00:00,0.0
2023-05-04 12:00:00+00:00,7.71465467024293e-05
2023-05-04 13:00:00+00:00,0.030311231698279713
2023-05-04 14:00:00+00:00,0.04578088467357168
2023-05-04 15:00:00+00:00,0.048135144287930254
2023-05-04 16:00:00+00:00,0.049074680447933505
2023-05-04 17:00:00+00:00,0.049376825249096666
2023-05-04 18:00:00+00:00,0.0493242082984303
2023-05-04 19:00:00+00:00,0.04985819277290723
2023-05-04 20:00:00+00:00,0.04948294528794688
2023-05-04 21:00:00+00:00,0.048898532914556585
2023-05-04 22:00:00+00:00,0.046749764362900216
2023-05-04 23:00:00+00:00,0.040303166920379246
2023-05-05 00:00:00+00:00,0.02684052637085252
2023-05-05 01:00:00+00:00,0.005288876110045933
2023-05-05 02:00:00+00:00,3.748595628377127e-08
2023-05-05 03:00:00+00:00,0.0
2023-05-05 04:00:00+00:00,0.0
2023-05-05 05:00:00+00:00,0.0
2023-05-05 06:00:00+00:00,0.0
2023-05-05 07:00:00+00:00,0.0
2023-05-05 08:00:00+00:00,0.0
2023-05-05 09:00:00+00:00,0.0
2023-05-05 10:00:00+00:00,0.0
2023-05-05 11:00:00+00:00,0.0
2023-05-05 12:00:00+00:00,0.00013072020833696115
2023-05-05 13:00:00+00:00,0.03012656597431958
2023-05-05 14:00:00+00:00,0.046147046074123566
2023-05-05 15:00:00+00:00,0.04833337673937731
2023-05-05 16:00:00+00:00,0.048884693038575025
2023-05-05 17:00:00+00:00,0.04905599044439844
2023-05-05 18:00:00+00:00,0.049328762618403556
2023-05-05 19:00:00+00:00,0.0492596757664186
2023-05-05 20:00:00+00:00,0.048678442714743475
2023-05-05 21:00:00+00:00,0.04723970924864366
2023-05-05 22:00:00+00:00,0.04404489703793422
2023-05-05 23:00:00+00:00,0.03676674801233396
2023-05-06 00:00:00+00:00,0.02426554162262817
2023-05-06 01:00:00+00:00,0.005164628557021452
2023-05-06 02:00:00+00:00,3.750276147223127e-08
2023-05-06 03:00:00+00:00,0.0
2023-05-06 04:00:00+00:00,0.0
2023-05-06 05:00:00+00:00,0.0
2023-05-06 06:00:00+00:00,0.0
2023-05-06 07:00:00+00:00,0.0
2023-05-06 08:00:00+00:00,0.0
2023-05-06 09:00:00+00:00,0.0
2023-05-06 10:00:00+00:00,0.0
2023-05-06 11:00:00+00:00,0.0
2023-05-06 12:00:00+00:00,0.00016490155813126236
2023-05-06 13:00:00+00:00,0.030729214092796643
2023-05-06 14:00:00+00:00,0.04641673604933289
2023-05-06 15:00:00+00:00,0.048822285103430466
2023-05-06 16:00:00+00:00,0.04945293189550772
2023-05-06 17:00:00+00:00,0.04973663258182398
2023-05-06 18:00:00+00:00,0.0494399051984363
2023-05-06 19:00:00+00:00,0.04927911496782682
2023-05-06 20:00:00+00:00,0.04887551983249796
2023-05-06 21:00:00+00:00,0.047394943872508304
2023-05-06 22:00:00+00:00,0.04349413751913757
2023-05-06 23:00:00+00:00,0.0355453750709266
2023-05-07 00:00:00+00:00,0.022346576904044953
2023-05-07 01:00:00+00:00,0.0047218721994004295
2023-05-07 02:00:00+00:00,1.5587831058586913e-07
2023-05-07 03:00:00+00:00,0.0
2023-05-07 04:00:00+00:00,0.0
2023-05-07 05:00:00+00:00,0.0
2023-05-07 06:00:00+00:00,0.0
2023-05-07 07:00:00+00:00,0.0
2023-05-07 08:00:00+00:00,0.0
2023-05-07 09:00:00+00:00,0.0
2023-05-07 10:00:00+00:00,0.0
2023-05-07 11:00:00+00:00,0.0
2023-05-07 12:00:00+00:00,0.00020605219941997456
2023-05-07 13:00:00+00:00,0.030818658818824056
2023-05-07 14:00:00+00:00,0.045373607358043876
2023-05-07 15:00:00+00:00,0.048692661586180075
2023-05-07 16:00:00+00:00,0.049393998153390455
2023-05-07 17:00:00+00:00,0.04989198386759584
2023-05-07 18:00:00+00:00,0.0499018368688886
2023-05-07 19:00:00+00:00,0.0497590005922109
2023-05-07 20:00:00+00:00,0.04908679848714713
2023-05-07 21:00:00+00:00,0.047725983107578716
2023-05-07 22:00:00+00:00,0.043978858540265564
2023-05-07 23:00:00+00:00,0.03448217446166854
2023-05-08 00:00:00+00:00,0.0224678345209047
2023-05-08 01:00:00+00:00,0.004919986336194919
2023-05-08 02:00:00+00:00,2.2789347865886662e-07
2023-05-08 03:00:00+00:00,0.0
2023-05-08 04:00:00+00:00,0.0
2023-05-08 05:00:00+00:00,0.0
2023-05-08 06:00:00+00:00,0.0
2023-05-08 07:00:00+00:00,0.0
2023-05-08 08:00:00+00:00,0.0
2023-05-08 09:00:00+00:00,0.0
2023-05-08 10:00:00+00:00,0.0
2023-05-08 11:00:00+00:00,0.0
2023-05-08 12:00:00+00:00,0.0002729239155542341
2023-05-08 13:00:00+00:00,0.030048622159858672
2023-05-08 14:00:00+00:00,0.04483843547442365
2023-05-08 15:00:00+00:00,0.04750053131127352
2023-05-08 16:00:00+00:00,0.04799802936094292
2023-05-08 17:00:00+00:00,0.048637317265067224
2023-05-08 18:00:00+00:00,0.048820257822172634
2023-05-08 19:00:00+00:00,0.04929199448522922
2023-05-08 20:00:00+00:00,0.04902105013004412
2023-05-08 21:00:00+00:00,0.04754563705546077
2023-05-08 22:00:00+00:00,0.044223625590206594
2023-05-08 23:00:00+00:00,0.0368264811322568
2023-05-09 00:00:00+00:00,0.024087400258332982
2023-05-09 01:00:00+00:00,0.005350529631277286
2023-05-09 02:00:00+00:00,4.1560138091397546e-07
2023-05-09 03:00:00+00:00,0.0
2023-05-09 04:00:00+00:00,0.0
2023-05-09 05:00:00+00:00,0.0
2023-05-09 06:00:00+00:00,0.0
2023-05-09 07:00:00+00:00,0.0
2023-05-09 08:00:00+00:00,0.0
2023-05-09 09:00:00+00:00,0.0
2023-05-09 10:00:00+00:00,0.0
2023-05-09 11:00:00+00:00,0.0
2023-05-09 12:00:00+00:00,0.00031617138408721675
2023-05-09 13:00:00+00:00,0.0315059785251702
2023-05-09 14:00:00+00:00,0.04598565744947874
2023-05-09 15:00:00+00:00,0.04861833573178311
2023-05-09 16:00:00+00:00,0.049181375460018044
2023-05-09 17:00:00+00:00,0.04905916824153864
2023-05-09 18:00:00+00:00,0.04890555233887959
2023-05-09 19:00:00+00:00,0.048483515989070844
2023-05-09 20:00:00+00:00,0.047623340271250716
2023-05-09 21:00:00+00:00,0.044975612607427766
2023-05-09 22:00:00+00:00,0.04035917718887355
2023-05-09 23:00:00+00:00,0.033576512176049705
2023-05-10 00:00:00+00:00,0.02223311093700494
2023-05-10 01:00:00+00:00,0.005206907825940318
2023-05-10 02:00:00+00:00,6.730616487307025e-07
2023-05-10 03:00:00+00:00,0.0
2023-05-10 04:00:00+00:00,0.0
2023-05-10 05:00:00+00:00,0.0
2023-05-10 06:00:00+00:00,0.0
2023-05-10 07:00:00+00:00,0.0
2023-05-10 08:00:00+00:00,0.0
2023-05-10 09:00:00+00:00,0.0
2023-05-10 10:00:00+00:00,0.0
2023-05-10 11:00:00+00:00,0.0
2023-05-10 12:00:00+00:00,0.0003176234778029859
2023-05-10 13:00:00+00:00,0.03177520829808703
2023-05-10 14:00:00+00:00,0.044173403037676265
2023-05-10 15:00:00+00:00,0.047027082804015095
2023-05-10 16:00:00+00:00,0.04767918860915488
2023-05-10 17:00:00+00:00,0.048049583173611375
2023-05-10 18:00:00+00:00,0.047774291913100064
2023-05-10 19:00:00+00:00,0.0480518299381839
2023-05-10 20:00:00+00:00,0.04715125671730344
2023-05-10 21:00:00+00:00,0.045265908288659784
2023-05-10 22:00:00+00:00,0.04137650500769967
2023-05-10 23:00:00+00:00,0.03499369617931428
2023-05-11 00:00:00+00:00,0.02352659758852842
2023-05-11 01:00:00+00:00,0.005765407913931039
2023-05-11 02:00:00+00:00,8.71522975825184e-07
2023-05-11 03:00:00+00:00,0.0
2023-05-11 04:00:00+00:00,0.0
2023-05-11 05:00:00+00:00,0.0
2023-05-11 06:00:00+00:00,0.0
2023-05-11 07:00:00+00:00,0.0
2023-05-11 08:00:00+00:00,0.0
2023-05-11 09:00:00+00:00,0.0
2023-05-11 10:00:00+00:00,0.0
2023-05-11 11:00:00+00:00,0.0
2023-05-11 12:00:00+00:00,0.0003457367609840572
2023-05-11 13:00:00+00:00,0.032224115251464354
2023-05-11 14:00:00+00:00,0.04493323660799643
2023-05-11 15:00:00+00:00,0.047893125390720805
2023-05-11 16:00:00+00:00,0.048797840035239626
2023-05-11 17:00:00+00:00,0.0489322762359702
2023-05-11 18:00:00+00:00,0.049206982989311206
2023-05-11 19:00:00+00:00,0.0493270352172805
2023-05-11 20:00:00+00:00,0.04842929526825096
2023-05-11 21:00:00+00:00,0.046571777836591124
2023-05-11 22:00:00+00:00,0.04310438441881905
2023-05-11 23:00:00+00:00,0.03585087204101577
2023-05-12 00:00:00+00:00,0.023860494801350815
2023-05-12 01:00:00+00:00,0.005711434521444136
2023-05-12 02:00:00+00:00,1.306671023206512e-06
2023-05-12 03:00:00+00:00,0.0
2023-05-12 04:00:00+00:00,0.0
2023-05-12 05:00:00+00:00,0.0
2023-05-12 06:00:00+00:00,0.0
2023-05-12 07:00:00+00:00,0.0
2023-05-12 08:00:00+00:00,0.0
2023-05-12 09:00:00+00:00,0.0
2023-05-12 10:00:00+00:00,0.0
2023-05-12 11:00:00+00:00,0.0
2023-05-12 12:00:00+00:00,0.0004283777907695561
2023-05-12 13:00:00+00:00,0.03539086529350431
2023-05-12 14:00:00+00:00,0.047605708923057787
2023-05-12 15:00:00+00:00,0.04951531911531382
2023-05-12 16:00:00+00:00,0.049813666820519964
2023-05-12 17:00:00+00:00,0.04991809048517801
2023-05-12 18:00:00+00:00,0.04939784625639006
2023-05-12 19:00:00+00:00,0.048483231274416186
2023-05-12 20:00:00+00:00,0.047901192686754114
2023-05-12 21:00:00+00:00,0.04689747806685099
2023-05-12 22:00:00+00:00,0.04372690028820421
2023-05-12 23:00:00+00:00,0.036888030167622626
2023-05-13 00:00:00+00:00,0.02428942925463233
2023-05-13 01:00:00+00:00,0.0058780484186876985
2023-05-13 02:00:00+00:00,1.5207730792648386e-06
2023-05-13 03:00:00+00:00,0.0
2023-05-13 04:00:00+00:00,0.0
2023-05-13 05:00:00+00:00,0.0
2023-05-13 06:00:00+00:00,0.0
2023-05-13 07:00:00+00:00,0.0
2023-05-13 08:00:00+00:00,0.0
2023-05-13 09:00:00+00:00,0.0
2023-05-13 10:00:00+00:00,0.0
2023-05-13 11:00:00+00:00,0.0
2023-05-13 12:00:00+00:00,0.000458761690113883
2023-05-13 13:00:00+00:00,0.034509828320313844
2023-05-13 14:00:00+00:00,0.04721000126426264
2023-05-13 15:00:00+00:00,0.04959188199521353
2023-05-13 16:00:00+00:00,0.04974163774343751
2023-05-13 17:00:00+00:00,0.04956060398805046
2023-05-13 18:00:00+00:00,0.049477483472040125
2023-05-13 19:00:00+00:00,0.049461093209231005
2023-05-13 20:00:00+00:00,0.048529121442901405
2023-05-13 21:00:00+00:00,0.046776767370617936
2023-05-13 22:00:00+00:00,0.043559231578414744
2023-05-13 23:00:00+00:00,0.036584141071342564
2023-05-14 00:00:00+00:00,0.02382013591653408
2023-05-14 01:00:00+00:00,0.005919889491170216
2023-05-14 02:00:00+00:00,2.282471803180207e-06
2023-05-14 03:00:00+00:00,0.0
2023-05-14 04:00:00+00:00,0.0
2023-05-14 05:00:00+00:00,0.0
2023-05-14 06:00:00+00:00,0.0
2023-05-14 07:00:00+00:00,0.0
2023-05-14 08:00:00+00:00,0.0
2023-05-14 09:00:00+00:00,0.0
2023-05-14 10:00:00+00:00,0.0
2023-05-14 11:00:00+00:00,0.0
2023-05-14 12:00:00+00:00,0.0005048360085869178
2023-05-14 13:00:00+00:00,0.030350522838644256
2023-05-14 14:00:00+00:00,0.043321075100459704
2023-05-14 15:00:00+00:00,0.0463493459366302
2023-05-14 16:00:00+00:00,0.04768289256258977
2023-05-14 17:00:00+00:00,0.04804941307117229
2023-05-14 18:00:00+00:00,0.048178720860031485
2023-05-14 19:00:00+00:00,0.04816770102629358
2023-05-14 20:00:00+00:00,0.04717847743514666
2023-05-14 21:00:00+00:00,0.044201415039077194
2023-05-14 22:00:00+00:00,0.038650965138815455
2023-05-14 23:00:00+00:00,0.029769567974046972
2023-05-15 00:00:00+00:00,0.01899872882422766
2023-05-15 01:00:00+00:00,0.005139458632480954
2023-05-15 02:00:00+00:00,3.2642182411339045e-06
2023-05-15 03:00:00+00:00,0.0
2023-05-15 04:00:00+00:00,0.0
2023-05-15 05:00:00+00:00,0.0
2023-05-15 06:00:00+00:00,0.0
2023-05-15 07:00:00+00:00,0.0
2023-05-15 08:00:00+00:00,0.0
2023-05-15 09:00:00+00:00,0.0
2023-05-15 10:00:00+00:00,0.0
2023-05-15 11:00:00+00:00,0.0
2023-05-15 12:00:00+00:00,0.00046627830185898045
2023-05-15 13:00:00+00:00,0.023401954649527
2023-05-15 14:00:00+00:00,0.035690331262794604
2023-05-15 15:00:00+00:00,0.040959379872893206
2023-05-15 16:00:00+00:00,0.043483843645113346
2023-05-15 17:00:00+00:00,0.04485732665507319
2023-05-15 18:00:00+00:00,0.04574227442471424
2023-05-15 19:00:00+00:00,0.045409386684085416
2023-05-15 20:00:00+00:00,0.04399950319429908
2023-05-15 21:00:00+00:00,0.04198649325401194
2023-05-15 22:00:00+00:00,0.038179218848377744
2023-05-15 23:00:00+00:00,0.030236399915823775
2023-05-16 00:00:00+00:00,0.0198386211962925
2023-05-16 01:00:00+00:00,0.005509351779994626
2023-05-16 02:00:00+00:00,3.0710648228353687e-06
2023-05-16 03:00:00+00:00,0.0
2023-05-16 04:00:00+00:00,0.0
2023-05-16 05:00:00+00:00,0.0
2023-05-16 06:00:00+00:00,0.0
2023-05-16 07:00:00+00:00,0.0
2023-05-16 08:00:00+00:00,0.0
2023-05-16 09:00:00+00:00,0.0
2023-05-16 10:00:00+00:00,0.0
2023-05-16 11:00:00+00:00,0.0
2023-05-16 12:00:00+00:00,0.0006248061855638301
2023-05-16 13:00:00+00:00,0.03052178798508499
2023-05-16 14:00:00+00:00,0.04326824660219455
2023-05-16 15:00:00+00:00,0.04596523752057017
2023-05-16 16:00:00+00:00,0.0468918785395658
2023-05-16 17:00:00+00:00,0.047623307922093516
2023-05-16 18:00:00+00:00,0.04796914463746711
2023-05-16 19:00:00+00:00,0.047741740238114436
2023-05-16 20:00:00+00:00,0.0472126370975112
2023-05-16 21:00:00+00:00,0.04510272566976245
2023-05-16 22:00:00+00:00,0.041498391630351905
2023-05-16 23:00:00+00:00,0.03394463229893939
2023-05-17 00:00:00+00:00,0.023591896166855825
2023-05-17 01:00:00+00:00,0.006431397220245772
2023-05-17 02:00:00+00:00,4.667397463074686e-06
2023-05-17 03:00:00+00:00,0.0
2023-05-17 04:00:00+00:00,0.0
2023-05-17 05:00:00+00:00,0.0
2023-05-17 06:00:00+00:00,0.0
2023-05-17 07:00:00+00:00,0.0
2023-05-17 08:00:00+00:00,0.0
2023-05-17 09:00:00+00:00,0.0
2023-05-17 10:00:00+00:00,0.0
2023-05-17 11:00:00+00:00,0.0
2023-05-17 12:00:00+00:00,0.0010166497817796826
2023-05-17 13:00:00+00:00,0.033880255688946474
2023-05-17 14:00:00+00:00,0.04505182917964821
2023-05-17 15:00:00+00:00,0.04753476107884743
2023-05-17 16:00:00+00:00,0.04797883773898702
2023-05-17 17:00:00+00:00,0.04808800684629869
2023-05-17 18:00:00+00:00,0.04731058321672489
2023-05-17 19:00:00+00:00,0.04721127328780656
2023-05-17 20:00:00+00:00,0.04679099034263488
2023-05-17 21:00:00+00:00,0.045443608168175685
2023-05-17 22:00:00+00:00,0.0422601569706834
2023-05-17 23:00:00+00:00,0.03584459882448726
2023-05-18 00:00:00+00:00,0.024259663175386647
2023-05-18 01:00:00+00:00,0.006654427379363475
2023-05-18 02:00:00+00:00,5.765923637952094e-06
2023-05-18 03:00:00+00:00,0.0
2023-05-18 04:00:00+00:00,0.0
2023-05-18 05:00:00+00:00,0.0
2023-05-18 06:00:00+00:00,0.0
2023-05-18 07:00:00+00:00,0.0
2023-05-18 08:00:00+00:00,0.0
2023-05-18 09:00:00+00:00,0.0
2023-05-18 10:00:00+00:00,0.0
2023-05-18 11:00:00+00:00,0.0
2023-05-18 12:00:00+00:00,0.0012507154584901609
2023-05-18 13:00:00+00:00,0.03059309030754078
2023-05-18 14:00:00+00:00,0.04205460289141542
2023-05-18 15:00:00+00:00,0.044944177483990884
2023-05-18 16:00:00+00:00,0.046236259176187774
2023-05-18 17:00:00+00:00,0.046628506329582375
2023-05-18 18:00:00+00:00,0.0469711529692789
2023-05-18 19:00:00+00:00,0.04723880371726171
2023-05-18 20:00:00+00:00,0.046842897255092227
2023-05-18 21:00:00+00:00,0.04566890402044969
2023-05-18 22:00:00+00:00,0.04166334921057395
2023-05-18 23:00:00+00:00,0.034465811099360776
2023-05-19 00:00:00+00:00,0.023858108525547622
2023-05-19 01:00:00+00:00,0.006905774515481707
2023-05-19 02:00:00+00:00,7.612073772043488e-06
2023-05-19 03:00:00+00:00,0.0
2023-05-19 04:00:00+00:00,0.0
2023-05-19 05:00:00+00:00,0.0
2023-05-19 06:00:00+00:00,0.0
2023-05-19 07:00:00+00:00,0.0
2023-05-19 08:00:00+00:00,0.0
2023-05-19 09:00:00+00:00,0.0
2023-05-19 10:00:00+00:00,0.0
2023-05-19 11:00:00+00:00,0.0
2023-05-19 12:00:00+00:00,0.0010455747569247688
2023-05-19 13:00:00+00:00,0.0339944502386025
2023-05-19 14:00:00+00:00,0.04454689976997994
2023-05-19 15:00:00+00:00,0.04680743166550319
2023-05-19 16:00:00+00:00,0.04765605419283772
2023-05-19 17:00:00+00:00,0.04836808876265217
2023-05-19 18:00:00+00:00,0.04872312029490591
2023-05-19 19:00:00+00:00,0.04904978742126789
2023-05-19 20:00:00+00:00,0.04832225071864895
2023-05-19 21:00:00+00:00,0.04664724541102248
2023-05-19 22:00:00+00:00,0.04302545453154872
2023-05-19 23:00:00+00:00,0.036018045930485056
2023-05-20 00:00:00+00:00,0.024342199082698364
2023-05-20 01:00:00+00:00,0.007187202279286463
2023-05-20 02:00:00+00:00,9.617256638774859e-06
2023-05-20 03:00:00+00:00,0.0
2023-05-20 04:00:00+00:00,0.0
2023-05-20 05:00:00+00:00,0.0
2023-05-20 06:00:00+00:00,0.0
2023-05-20 07:00:00+00:00,0.0
2023-05-20 08:00:00+00:00,0.0
2023-05-20 09:00:00+00:00,0.0
2023-05-20 10:00:00+00:00,0.0
2023-05-20 11:00:00+00:00,0.0
2023-05-20 12:00:00+00:00,0.0013830278553952397
2023-05-20 13:00:00+00:00,0.03470578654675501
2023-05-20 14:00:00+00:00,0.045978940312547296
2023-05-20 15:00:00+00:00,0.04807601954698452
2023-05-20 16:00:00+00:00,0.04853741328035615
2023-05-20 17:00:00+00:00,0.048804524409310206
2023-05-20 18:00:00+00:00,0.0492426808409346
2023-05-20 19:00:00+00:00,0.04920545439807185
2023-05-20 20:00:00+00:00,0.048695198401973214
2023-05-20 21:00:00+00:00,0.04692925293918165
2023-05-20 22:00:00+00:00,0.042997824312831646
2023-05-20 23:00:00+00:00,0.03584205859378206
2023-05-21 00:00:00+00:00,0.02397058100111013
2023-05-21 01:00:00+00:00,0.007202810273813499
2023-05-21 02:00:00+00:00,1.2329307274038652e-05
2023-05-21 03:00:00+00:00,0.0
2023-05-21 04:00:00+00:00,0.0
2023-05-21 05:00:00+00:00,0.0
2023-05-21 06:00:00+00:00,0.0
2023-05-21 07:00:00+00:00,0.0
2023-05-21 08:00:00+00:00,0.0
2023-05-21 09:00:00+00:00,0.0
2023-05-21 10:00:00+00:00,0.0
2023-05-21 11:00:00+00:00,0.0
2023-05-21 12:00:00+00:00,0.0013590577593681887
2023-05-21 13:00:00+00:00,0.0340811895963229
2023-05-21 14:00:00+00:00,0.046248962751451156
2023-05-21 15:00:00+00:00,0.04823498774228322
2023-05-21 16:00:00+00:00,0.049022316581576054
2023-05-21 17:00:00+00:00,0.049143372518655824
2023-05-21 18:00:00+00:00,0.04907581680579831
2023-05-21 19:00:00+00:00,0.04880888484996592
2023-05-21 20:00:00+00:00,0.04756170120359497
2023-05-21 21:00:00+00:00,0.04645289233989861
2023-05-21 22:00:00+00:00,0.043000784505215287
2023-05-21 23:00:00+00:00,0.03638314001776455
2023-05-22 00:00:00+00:00,0.02508284718740776
2023-05-22 01:00:00+00:00,0.008080044816148145
2023-05-22 02:00:00+00:00,1.379723298654265e-05
2023-05-22 03:00:00+00:00,0.0
2023-05-22 04:00:00+00:00,0.0
2023-05-22 05:00:00+00:00,0.0
2023-05-22 06:00:00+00:00,0.0
2023-05-22 07:00:00+00:00,0.0
2023-05-22 08:00:00+00:00,0.0
2023-05-22 09:00:00+00:00,0.0
2023-05-22 10:00:00+00:00,0.0
2023-05-22 11:00:00+00:00,0.0
2023-05-22 12:00:00+00:00,0.0014460501886966624
2023-05-22 13:00:00+00:00,0.035846272684658356
2023-05-22 14:00:00+00:00,0.0464181689121123
2023-05-22 15:00:00+00:00,0.047833539677701306
2023-05-22 16:00:00+00:00,0.04846605070608175
2023-05-22 17:00:00+00:00,0.04858124621089916
2023-05-22 18:00:00+00:00,0.04843719919507677
2023-05-22 19:00:00+00:00,0.04805535951988232
2023-05-22 20:00:00+00:00,0.04745129258802947
2023-05-22 21:00:00+00:00,0.04621862500107665
2023-05-22 22:00:00+00:00,0.04362571339341249
2023-05-22 23:00:00+00:00,0.037804894810537296
2023-05-23 00:00:00+00:00,0.026638162196027004
2023-05-23 01:00:00+00:00,0.00841849180869819
2023-05-23 02:00:00+00:00,1.617014305510802e-05
2023-05-23 03:00:00+00:00,0.0
2023-05-23 04:00:00+00:00,0.0
2023-05-23 05:00:00+00:00,0.0
2023-05-23 06:00:00+00:00,0.0
2023-05-23 07:00:00+00:00,0.0
2023-05-23 08:00:00+00:00,0.0
2023-05-23 09:00:00+00:00,0.0
2023-05-23 10:00:00+00:00,0.0
2023-05-23 11:00:00+00:00,0.0
2023-05-23 12:00:00+00:00,0.0018375842574675624
2023-05-23 13:00:00+00:00,0.03610166683015317
2023-05-23 14:00:00+00:00,0.04636395676135212
2023-05-23 15:00:00+00:00,0.0478214733348876
2023-05-23 16:00:00+00:00,0.048584958425943126
2023-05-23 17:00:00+00:00,0.048923311604833174
2023-05-23 18:00:00+00:00,0.048189966958827664
2023-05-23 19:00:00+00:00,0.04862980086490974
2023-05-23 20:00:00+00:00,0.04772783433549014
2023-05-23 21:00:00+00:00,0.046099154211501035
2023-05-23 22:00:00+00:00,0.04343572128820256
2023-05-23 23:00:00+00:00,0.037840656904465135
2023-05-24 00:00:00+00:00,0.025839693367877527
2023-05-24 01:00:00+00:00,0.008431065380890487
2023-05-24 02:00:00+00:00,2.0606701969830302e-05
2023-05-24 03:00:00+00:00,0.0
2023-05-24 04:00:00+00:00,0.0
2023-05-24 05:00:00+00:00,0.0
2023-05-24 06:00:00+00:00,0.0
2023-05-24 07:00:00+00:00,0.0
2023-05-24 08:00:00+00:00,0.0
2023-05-24 09:00:00+00:00,0.0
2023-05-24 10:00:00+00:00,0.0
2023-05-24 11:00:00+00:00,0.0
2023-05-24 12:00:00+00:00,0.0019115838402258836
2023-05-24 13:00:00+00:00,0.035601542221040686
2023-05-24 14:00:00+00:00,0.046921991733568785
2023-05-24 15:00:00+00:00,0.049039077182852844
2023-05-24 16:00:00+00:00,0.049606374026068344
2023-05-24 17:00:00+00:00,0.049855871468856804
2023-05-24 18:00:00+00:00,0.04979641558510395
2023-05-24 19:00:00+00:00,0.04981330897056093
2023-05-24 20:00:00+00:00,0.049118158945854876
2023-05-24 21:00:00+00:00,0.04769244088823221
2023-05-24 22:00:00+00:00,0.044538115883117214
2023-05-24 23:00:00+00:00,0.03798913651949549
2023-05-25 00:00:00+00:00,0.02627212078105792
2023-05-25 01:00:00+00:00,0.008458275140172266
2023-05-25 02:00:00+00:00,2.4500084459615875e-05
2023-05-25 03:00:00+00:00,0.0
2023-05-25 04:00:00+00:00,0.0
2023-05-25 05:00:00+00:00,0.0
2023-05-25 06:00:00+00:00,0.0
2023-05-25 07:00:00+00:00,0.0
2023-05-25 08:00:00+00:00,0.0
2023-05-25 09:00:00+00:00,0.0
2023-05-25 10:00:00+00:00,0.0
2023-05-25 11:00:00+00:00,0.0
2023-05-25 12:00:00+00:00,0.0016035902858841746
2023-05-25 13:00:00+00:00,0.034505915902131305
2023-05-25 14:00:00+00:00,0.04532789061124437
2023-05-25 15:00:00+00:00,0.0467079553168401
2023-05-25 16:00:00+00:00,0.04784881976345478
2023-05-25 17:00:00+00:00,0.048851214071036084
2023-05-25 18:00:00+00:00,0.048662118478578036
2023-05-25 19:00:00+00:00,0.04922871510449399
2023-05-25 20:00:00+00:00,0.04935901508077011
2023-05-25 21:00:00+00:00,0.04791432665083007
2023-05-25 22:00:00+00:00,0.04560306442101201
2023-05-25 23:00:00+00:00,0.038709594235271226
2023-05-26 00:00:00+00:00,0.026295316192813212
2023-05-26 01:00:00+00:00,0.008437181760989764
2023-05-26 02:00:00+00:00,2.8504593819119626e-05
2023-05-26 03:00:00+00:00,0.0
2023-05-26 04:00:00+00:00,0.0
2023-05-26 05:00:00+00:00,0.0
2023-05-26 06:00:00+00:00,0.0
2023-05-26 07:00:00+00:00,0.0
2023-05-26 08:00:00+00:00,0.0
2023-05-26 09:00:00+00:00,0.0
2023-05-26 10:00:00+00:00,0.0
2023-05-26 11:00:00+00:00,0.0
2023-05-26 12:00:00+00:00,0.0018993200108186207
2023-05-26 13:00:00+00:00,0.03364701060658247
2023-05-26 14:00:00+00:00,0.043821001832210854
2023-05-26 15:00:00+00:00,0.04574721757003859
2023-05-26 16:00:00+00:00,0.04717053807548275
2023-05-26 17:00:00+00:00,0.047775752890445576
2023-05-26 18:00:00+00:00,0.047611844481382705
2023-05-26 19:00:00+00:00,0.04761155080861324
2023-05-26 20:00:00+00:00,0.04667383160335233
2023-05-26 21:00:00+00:00,0.045073159098340664
2023-05-26 22:00:00+00:00,0.04264991374954737
2023-05-26 23:00:00+00:00,0.036701208464593495
2023-05-27 00:00:00+00:00,0.025925503126954328
2023-05-27 01:00:00+00:00,0.008723608959134687
2023-05-27 02:00:00+00:00,3.401542874211978e-05
2023-05-27 03:00:00+00:00,0.0
2023-05-27 04:00:00+00:00,0.0
2023-05-27 05:00:00+00:00,0.0
2023-05-27 06:00:00+00:00,0.0
2023-05-27 07:00:00+00:00,0.0
2023-05-27 08:00:00+00:00,0.0
2023-05-27 09:00:00+00:00,0.0
2023-05-27 10:00:00+00:00,0.0
2023-05-27 11:00:00+00:00,0.0
2023-05-27 12:00:00+00:00,0.0021780718053909156
2023-05-27 13:00:00+00:00,0.0363574407797046
2023-05-27 14:00:00+00:00,0.04590166262211346
2023-05-27 15:00:00+00:00,0.047604206442164274
2023-05-27 16:00:00+00:00,0.04819261140607379
2023-05-27 17:00:00+00:00,0.04848832919790841
2023-05-27 18:00:00+00:00,0.04902287907636716
2023-05-27 19:00:00+00:00,0.049072774063068335
2023-05-27 20:00:00+00:00,0.047873215140424585
2023-05-27 21:00:00+00:00,0.046230080502434094
2023-05-27 22:00:00+00:00,0.04243573197937542
2023-05-27 23:00:00+00:00,0.03542181783036674
2023-05-28 00:00:00+00:00,0.024553255992416805
2023-05-28 01:00:00+00:00,0.008442047885407963
2023-05-28 02:00:00+00:00,3.733986295616748e-05
2023-05-28 03:00:00+00:00,0.0
2023-05-28 04:00:00+00:00,0.0
2023-05-28 05:00:00+00:00,0.0
2023-05-28 06:00:00+00:00,0.0
2023-05-28 07:00:00+00:00,0.0
2023-05-28 08:00:00+00:00,0.0
2023-05-28 09:00:00+00:00,0.0
2023-05-28 10:00:00+00:00,0.0
2023-05-28 11:00:00+00:00,0.0
2023-05-28 12:00:00+00:00,0.002439456053923726
2023-05-28 13:00:00+00:00,0.03661096605212317
2023-05-28 14:00:00+00:00,0.04734317794395847
2023-05-28 15:00:00+00:00,0.048658624325152666
2023-05-28 16:00:00+00:00,0.04919751839768856
2023-05-28 17:00:00+00:00,0.04920896341094307
2023-05-28 18:00:00+00:00,0.04949389021130913
2023-05-28 19:00:00+00:00,0.049388765826025124
2023-05-28 20:00:00+00:00,0.04877975105843209
2023-05-28 21:00:00+00:00,0.04654293302001373
2023-05-28 22:00:00+00:00,0.04315227113342099
2023-05-28 23:00:00+00:00,0.036074104451452635
2023-05-29 00:00:00+00:00,0.024347816004631352
2023-05-29 01:00:00+00:00,0.00816256081273774
2023-05-29 02:00:00+00:00,3.977107874562262e-05
2023-05-29 03:00:00+00:00,0.0
2023-05-29 04:00:00+00:00,0.0
2023-05-29 05:00:00+00:00,0.0
2023-05-29 06:00:00+00:00,0.0
2023-05-29 07:00:00+00:00,0.0
2023-05-29 08:00:00+00:00,0.0
2023-05-29 09:00:00+00:00,0.0
2023-05-29 10:00:00+00:00,0.0
2023-05-29 11:00:00+00:00,0.0
2023-05-29 12:00:00+00:00,0.002681101399687835
2023-05-29 13:00:00+00:00,0.03712912571788775
2023-05-29 14:00:00+00:00,0.04850198189148107
2023-05-29 15:00:00+00:00,0.04978691432569613
2023-05-29 16:00:00+00:00,0.05000197733043376
2023-05-29 17:00:00+00:00,0.05011596298438403
2023-05-29 18:00:00+00:00,0.050059838200718944
2023-05-29 19:00:00+00:00,0.04996203595515418
2023-05-29 20:00:00+00:00,0.04943818696741055
2023-05-29 21:00:00+00:00,0.04803607358209733
2023-05-29 22:00:00+00:00,0.0449504214189768
2023-05-29 23:00:00+00:00,0.03792421266347651
2023-05-30 00:00:00+00:00,0.027057746671217478
2023-05-30 01:00:00+00:00,0.009561015371025983
2023-05-30 02:00:00+00:00,4.558735376760855e-05
2023-05-30 03:00:00+00:00,0.0
2023-05-30 04:00:00+00:00,0.0
2023-05-30 05:00:00+00:00,0.0
2023-05-30 06:00:00+00:00,0.0
2023-05-30 07:00:00+00:00,0.0
2023-05-30 08:00:00+00:00,0.0
2023-05-30 09:00:00+00:00,0.0
2023-05-30 10:00:00+00:00,0.0
2023-05-30 11:00:00+00:00,0.0
2023-05-30 12:00:00+00:00,0.002744036031588589
2023-05-30 13:00:00+00:00,0.036355357988057044
2023-05-30 14:00:00+00:00,0.04743309418663576
2023-05-30 15:00:00+00:00,0.0489677278625931
2023-05-30 16:00:00+00:00,0.04942784512657556
2023-05-30 17:00:00+00:00,0.0495382824983175
2023-05-30 18:00:00+00:00,0.04953112441985319
2023-05-30 19:00:00+00:00,0.04992433406593096
2023-05-30 20:00:00+00:00,0.04919910040653959
2023-05-30 21:00:00+00:00,0.04635233055274941
2023-05-30 22:00:00+00:00,0.04319619092765435
2023-05-30 23:00:00+00:00,0.0368115450869589
2023-05-31 00:00:00+00:00,0.026378313122477934
2023-05-31 01:00:00+00:00,0.009641330211975035
2023-05-31 02:00:00+00:00,5.168780835989297e-05
2023-05-31 03:00:00+00:00,0.0
2023-05-31 04:00:00+00:00,0.0
2023-05-31 05:00:00+00:00,0.0
2023-05-31 06:00:00+00:00,0.0
2023-05-31 07:00:00+00:00,0.0
2023-05-31 08:00:00+00:00,0.0
2023-05-31 09:00:00+00:00,0.0
2023-05-31 10:00:00+00:00,0.0
2023-05-31 11:00:00+00:00,0.0
2023-05-31 12:00:00+00:00,0.00249510396652454
2023-05-31 13:00:00+00:00,0.03380085798405178
2023-05-31 14:00:00+00:00,0.045025051924978084
2023-05-31 15:00:00+00:00,0.04724060460533865
2023-05-31 16:00:00+00:00,0.04785568642403323
2023-05-31 17:00:00+00:00,0.048651428030266806
2023-05-31 18:00:00+00:00,0.048984062560439676
2023-05-31 19:00:00+00:00,0.0485130948517997
2023-05-31 20:00:00+00:00,0.04841067328448417
2023-05-31 21:00:00+00:00,0.047354036533459126
2023-05-31 22:00:00+00:00,0.04423265996932174
2023-05-31 23:00:00+00:00,0.03704223924838166
2023-06-01 00:00:00+00:00,0.025470280704351214
2023-06-01 01:00:00+00:00,0.009238291790687502
2023-06-01 02:00:00+00:00,5.412524276828109e-05
2023-06-01 03:00:00+00:00,0.0
2023-06-01 04:00:00+00:00,0.0
2023-06-01 05:00:00+00:00,0.0
2023-06-01 06:00:00+00:00,0.0
2023-06-01 07:00:00+00:00,0.0
2023-06-01 08:00:00+00:00,0.0
2023-06-01 09:00:00+00:00,0.0
2023-06-01 10:00:00+00:00,0.0
2023-06-01 11:00:00+00:00,0.0
2023-06-01 12:00:00+00:00,0.0024943505385262026
2023-06-01 13:00:00+00:00,0.0356824532245901
2023-06-01 14:00:00+00:00,0.04616723292704196
2023-06-01 15:00:00+00:00,0.048017581360437274
2023-06-01 16:00:00+00:00,0.04843122321083289
2023-06-01 17:00:00+00:00,0.0486719576315988
2023-06-01 18:00:00+00:00,0.04906393861774472
2023-06-01 19:00:00+00:00,0.04850864601899115
2023-06-01 20:00:00+00:00,0.04746848474051081
2023-06-01 21:00:00+00:00,0.045462430012344304
2023-06-01 22:00:00+00:00,0.04145688339433811
2023-06-01 23:00:00+00:00,0.03484391206221471
2023-06-02 00:00:00+00:00,0.02479435731745344
2023-06-02 01:00:00+00:00,0.009400424285421526
2023-06-02 02:00:00+00:00,6.212252567080605e-05
2023-06-02 03:00:00+00:00,0.0
2023-06-02 04:00:00+00:00,0.0
2023-06-02 05:00:00+00:00,0.0
2023-06-02 06:00:00+00:00,0.0
2023-06-02 07:00:00+00:00,0.0
2023-06-02 08:00:00+00:00,0.0
2023-06-02 09:00:00+00:00,0.0
2023-06-02 10:00:00+00:00,0.0
2023-06-02 11:00:00+00:00,0.0
2023-06-02 12:00:00+00:00,0.002308687758420414
2023-06-02 13:00:00+00:00,0.03151998146330603
2023-06-02 14:00:00+00:00,0.044437641490502486
2023-06-02 15:00:00+00:00,0.04638911030808571
2023-06-02 16:00:00+00:00,0.047410535083714726
2023-06-02 17:00:00+00:00,0.048068041300868024
2023-06-02 18:00:00+00:00,0.048291305954727845
2023-06-02 19:00:00+00:00,0.047594050759822266
2023-06-02 20:00:00+00:00,0.046163480953729144
2023-06-02 21:00:00+00:00,0.04271785568286773
2023-06-02 22:00:00+00:00,0.03667777797787408
2023-06-02 23:00:00+00:00,0.02977742260158701
2023-06-03 00:00:00+00:00,0.020779350616832896
2023-06-03 01:00:00+00:00,0.008397608729146544
2023-06-03 02:00:00+00:00,6.47639749861729e-05
2023-06-03 03:00:00+00:00,0.0
2023-06-03 04:00:00+00:00,0.0
2023-06-03 05:00:00+00:00,0.0
2023-06-03 06:00:00+00:00,0.0
2023-06-03 07:00:00+00:00,0.0
2023-06-03 08:00:00+00:00,0.0
2023-06-03 09:00:00+00:00,0.0
2023-06-03 10:00:00+00:00,0.0
2023-06-03 11:00:00+00:00,0.0
2023-06-03 12:00:00+00:00,0.002571166071426941
2023-06-03 13:00:00+00:00,0.03319209223174454
2023-06-03 14:00:00+00:00,0.04470716396852553
2023-06-03 15:00:00+00:00,0.04713494076903156
2023-06-03 16:00:00+00:00,0.048068536223601924
2023-06-03 17:00:00+00:00,0.048682224839768536
2023-06-03 18:00:00+00:00,0.04778539686107394
2023-06-03 19:00:00+00:00,0.04804167669776536
2023-06-03 20:00:00+00:00,0.04752003143579075
2023-06-03 21:00:00+00:00,0.04585927076525493
2023-06-03 22:00:00+00:00,0.04192893558885469
2023-06-03 23:00:00+00:00,0.034207017245735105
2023-06-04 00:00:00+00:00,0.02375005031048588
2023-06-04 01:00:00+00:00,0.009051450637110105
2023-06-04 02:00:00+00:00,7.637415476773724e-05
2023-06-04 03:00:00+00:00,0.0
2023-06-04 04:00:00+00:00,0.0
2023-06-04 05:00:00+00:00,0.0
2023-06-04 06:00:00+00:00,0.0
2023-06-04 07:00:00+00:00,0.0
2023-06-04 08:00:00+00:00,0.0
2023-06-04 09:00:00+00:00,0.0
2023-06-04 10:00:00+00:00,0.0
2023-06-04 11:00:00+00:00,0.0
2023-06-04 12:00:00+00:00,0.002997307238374469
2023-06-04 13:00:00+00:00,0.037833331435955776
2023-06-04 14:00:00+00:00,0.04827250644057429
2023-06-04 15:00:00+00:00,0.04942576518346903
2023-06-04 16:00:00+00:00,0.04958795343309637
2023-06-04 17:00:00+00:00,0.04967440347605069
2023-06-04 18:00:00+00:00,0.049446228072974364
2023-06-04 19:00:00+00:00,0.04958450169320103
2023-06-04 20:00:00+00:00,0.04889530552910664
2023-06-04 21:00:00+00:00,0.046463152925093225
2023-06-04 22:00:00+00:00,0.04168189884634946
2023-06-04 23:00:00+00:00,0.03386327574354265
2023-06-05 00:00:00+00:00,0.023355726739940342
2023-06-05 01:00:00+00:00,0.008865003666010339
2023-06-05 02:00:00+00:00,7.834488203265586e-05
2023-06-05 03:00:00+00:00,0.0
2023-06-05 04:00:00+00:00,0.0
2023-06-05 05:00:00+00:00,0.0
2023-06-05 06:00:00+00:00,0.0
2023-06-05 07:00:00+00:00,0.0
2023-06-05 08:00:00+00:00,0.0
2023-06-05 09:00:00+00:00,0.0
2023-06-05 10:00:00+00:00,0.0
2023-06-05 11:00:00+00:00,0.0
2023-06-05 12:00:00+00:00,0.0030145960614690473
2023-06-05 13:00:00+00:00,0.03567243154739396
2023-06-05 14:00:00+00:00,0.046314580254014595
2023-06-05 15:00:00+00:00,0.047729668877421916
2023-06-05 16:00:00+00:00,0.048138626010153465
2023-06-05 17:00:00+00:00,0.048347321028102734
2023-06-05 18:00:00+00:00,0.048659817315820905
2023-06-05 19:00:00+00:00,0.047971124576540236
2023-06-05 20:00:00+00:00,0.04643902750162515
2023-06-05 21:00:00+00:00,0.043282479361660305
2023-06-05 22:00:00+00:00,0.03835628420440035
2023-06-05 23:00:00+00:00,0.03184443894503193
2023-06-06 00:00:00+00:00,0.02161948558698782
2023-06-06 01:00:00+00:00,0.008587855066278703
2023-06-06 02:00:00+00:00,8.611759769798133e-05
2023-06-06 03:00:00+00:00,0.0
2023-06-06 04:00:00+00:00,0.0
2023-06-06 05:00:00+00:00,0.0
2023-06-06 06:00:00+00:00,0.0
2023-06-06 07:00:00+00:00,0.0
2023-06-06 08:00:00+00:00,0.0
2023-06-06 09:00:00+00:00,0.0
2023-06-06 10:00:00+00:00,0.0
2023-06-06 11:00:00+00:00,0.0
2023-06-06 12:00:00+00:00,0.0028652431085204153
2023-06-06 13:00:00+00:00,0.03704264451976406
2023-06-06 14:00:00+00:00,0.047603985583566315
2023-06-06 15:00:00+00:00,0.048396123730894657
2023-06-06 16:00:00+00:00,0.0488011390676758
2023-06-06 17:00:00+00:00,0.048995978829552055
2023-06-06 18:00:00+00:00,0.049256401619308485
2023-06-06 19:00:00+00:00,0.04919276607597566
2023-06-06 20:00:00+00:00,0.04807169477091064
2023-06-06 21:00:00+00:00,0.04632430382502398
2023-06-06 22:00:00+00:00,0.042130170181957895
2023-06-06 23:00:00+00:00,0.03412699632683865
2023-06-07 00:00:00+00:00,0.023614635185924934
2023-06-07 01:00:00+00:00,0.009458233657888846
2023-06-07 02:00:00+00:00,0.00010501877692638717
2023-06-07 03:00:00+00:00,0.0
2023-06-07 04:00:00+00:00,0.0
2023-06-07 05:00:00+00:00,0.0
2023-06-07 06:00:00+00:00,0.0
2023-06-07 07:00:00+00:00,0.0
2023-06-07 08:00:00+00:00,0.0
2023-06-07 09:00:00+00:00,0.0
2023-06-07 10:00:00+00:00,0.0
2023-06-07 11:00:00+00:00,0.0
2023-06-07 12:00:00+00:00,0.003189591741781763
2023-06-07 13:00:00+00:00,0.037045280840498636
2023-06-07 14:00:00+00:00,0.04807621991902632
2023-06-07 15:00:00+00:00,0.049125316370203904
2023-06-07 16:00:00+00:00,0.04922846728901447
2023-06-07 17:00:00+00:00,0.04927920230854804
2023-06-07 18:00:00+00:00,0.049512606647952824
2023-06-07 19:00:00+00:00,0.04891507398911398
2023-06-07 20:00:00+00:00,0.04833455013795657
2023-06-07 21:00:00+00:00,0.04681126757033177
2023-06-07 22:00:00+00:00,0.04321607117391632
2023-06-07 23:00:00+00:00,0.03578448252514406
2023-06-08 00:00:00+00:00,0.0252494066925807
2023-06-08 01:00:00+00:00,0.009766792644253881
2023-06-08 02:00:00+00:00,0.00010909545388037057
2023-06-08 03:00:00+00:00,0.0
2023-06-08 04:00:00+00:00,0.0
2023-06-08 05:00:00+00:00,0.0
2023-06-08 06:00:00+00:00,0.0
2023-06-08 07:00:00+00:00,0.0
2023-06-08 08:00:00+00:00,0.0
2023-06-08 09:00:00+00:00,0.0
2023-06-08 10:00:00+00:00,0.0
2023-06-08 11:00:00+00:00,0.0
2023-06-08 12:00:00+00:00,0.0032618547795500753
2023-06-08 13:00:00+00:00,0.034809124605224666
2023-06-08 14:00:00+00:00,0.04620535367060175
2023-06-08 15:00:00+00:00,0.04772646588200049
2023-06-08 16:00:00+00:00,0.04832550750879933
2023-06-08 17:00:00+00:00,0.04875960307484783
2023-06-08 18:00:00+00:00,0.049124623103425365
2023-06-08 19:00:00+00:00,0.04844647932696787
2023-06-08 20:00:00+00:00,0.04674087229373299
2023-06-08 21:00:00+00:00,0.044106233659480645
2023-06-08 22:00:00+00:00,0.04016641493425962
2023-06-08 23:00:00+00:00,0.034501545617776755
2023-06-09 00:00:00+00:00,0.023964664279718415
2023-06-09 01:00:00+00:00,0.009516306044240254
2023-06-09 02:00:00+00:00,0.00011542903231535434
2023-06-09 03:00:00+00:00,0.0
2023-06-09 04:00:00+00:00,0.0
2023-06-09 05:00:00+00:00,0.0
2023-06-09 06:00:00+00:00,0.0
2023-06-09 07:00:00+00:00,0.0
2023-06-09 08:00:00+00:00,0.0
2023-06-09 09:00:00+00:00,0.0
2023-06-09 10:00:00+00:00,0.0
2023-06-09 11:00:00+00:00,0.0
2023-06-09 12:00:00+00:00,0.0032001177153570745
2023-06-09 13:00:00+00:00,0.030169570748710416
2023-06-09 14:00:00+00:00,0.0399393441095407
2023-06-09 15:00:00+00:00,0.04301429107640216
2023-06-09 16:00:00+00:00,0.04503990107637584
2023-06-09 17:00:00+00:00,0.045544808383723344
2023-06-09 18:00:00+00:00,0.0466187377542061
2023-06-09 19:00:00+00:00,0.046805099418535764
2023-06-09 20:00:00+00:00,0.04518311826500304
2023-06-09 21:00:00+00:00,0.04115257683043984
2023-06-09 22:00:00+00:00,0.036458997003983834
2023-06-09 23:00:00+00:00,0.030288120065381726
2023-06-10 00:00:00+00:00,0.02183219444909937
2023-06-10 01:00:00+00:00,0.008863306045330933
2023-06-10 02:00:00+00:00,0.00012111157450389967
2023-06-10 03:00:00+00:00,0.0
2023-06-10 04:00:00+00:00,0.0
2023-06-10 05:00:00+00:00,0.0
2023-06-10 06:00:00+00:00,0.0
2023-06-10 07:00:00+00:00,0.0
2023-06-10 08:00:00+00:00,0.0
2023-06-10 09:00:00+00:00,0.0
2023-06-10 10:00:00+00:00,0.0
2023-06-10 11:00:00+00:00,0.0
2023-06-10 12:00:00+00:00,0.003196508453447886
2023-06-10 13:00:00+00:00,0.03357257730980891
2023-06-10 14:00:00+00:00,0.04523964841272004
2023-06-10 15:00:00+00:00,0.04732690452218937
2023-06-10 16:00:00+00:00,0.0487576162202517
2023-06-10 17:00:00+00:00,0.049058783950544436
2023-06-10 18:00:00+00:00,0.0488529340110352
2023-06-10 19:00:00+00:00,0.04831313313716908
2023-06-10 20:00:00+00:00,0.04845363828859946
2023-06-10 21:00:00+00:00,0.04761774674375422
2023-06-10 22:00:00+00:00,0.04442749431473878
2023-06-10 23:00:00+00:00,0.037695674145531106
2023-06-11 00:00:00+00:00,0.027316475844819565
2023-06-11 01:00:00+00:00,0.010779097804965318
2023-06-11 02:00:00+00:00,0.00013850169406140687
2023-06-11 03:00:00+00:00,0.0
2023-06-11 04:00:00+00:00,0.0
2023-06-11 05:00:00+00:00,0.0
2023-06-11 06:00:00+00:00,0.0
2023-06-11 07:00:00+00:00,0.0
2023-06-11 08:00:00+00:00,0.0
2023-06-11 09:00:00+00:00,0.0
2023-06-11 10:00:00+00:00,0.0
2023-06-11 11:00:00+00:00,0.0
2023-06-11 12:00:00+00:00,0.0032046798243658228
2023-06-11 13:00:00+00:00,0.03503008717455063
2023-06-11 14:00:00+00:00,0.04464972233025902
2023-06-11 15:00:00+00:00,0.04681304243118526
2023-06-11 16:00:00+00:00,0.048181222592193096
2023-06-11 17:00:00+00:00,0.0486544945659942
2023-06-11 18:00:00+00:00,0.04873922210226149
2023-06-11 19:00:00+00:00,0.048674458096580095
2023-06-11 20:00:00+00:00,0.04708843597163481
2023-06-11 21:00:00+00:00,0.04491972366743057
2023-06-11 22:00:00+00:00,0.04143019617869469
2023-06-11 23:00:00+00:00,0.034740110731177415
2023-06-12 00:00:00+00:00,0.025034183890852733
2023-06-12 01:00:00+00:00,0.010278952931574993
2023-06-12 02:00:00+00:00,0.00014259002408711628
2023-06-12 03:00:00+00:00,0.0
2023-06-12 04:00:00+00:00,0.0
2023-06-12 05:00:00+00:00,0.0
2023-06-12 06:00:00+00:00,0.0
2023-06-12 07:00:00+00:00,0.0
2023-06-12 08:00:00+00:00,0.0
2023-06-12 09:00:00+00:00,0.0
2023-06-12 10:00:00+00:00,0.0
2023-06-12 11:00:00+00:00,0.0
2023-06-12 12:00:00+00:00,0.0033594816585714917
2023-06-12 13:00:00+00:00,0.03702173253279393
2023-06-12 14:00:00+00:00,0.04736444385071576
2023-06-12 15:00:00+00:00,0.04869584345841584
2023-06-12 16:00:00+00:00,0.04905450179138426
2023-06-12 17:00:00+00:00,0.04933921570295511
2023-06-12 18:00:00+00:00,0.04880299702169393
2023-06-12 19:00:00+00:00,0.047958865757243625
2023-06-12 20:00:00+00:00,0.04730820446517535
2023-06-12 21:00:00+00:00,0.04580710715980106
2023-06-12 22:00:00+00:00,0.04212148719051401
2023-06-12 23:00:00+00:00,0.035996801230929514
2023-06-13 00:00:00+00:00,0.0262045686833329
2023-06-13 01:00:00+00:00,0.010843504004709207
2023-06-13 02:00:00+00:00,0.00015467783851349712
2023-06-13 03:00:00+00:00,0.0
2023-06-13 04:00:00+00:00,0.0
2023-06-13 05:00:00+00:00,0.0
2023-06-13 06:00:00+00:00,0.0
2023-06-13 07:00:00+00:00,0.0
2023-06-13 08:00:00+00:00,0.0
2023-06-13 09:00:00+00:00,0.0
2023-06-13 10:00:00+00:00,0.0
2023-06-13 11:00:00+00:00,0.0
2023-06-13 12:00:00+00:00,0.0032969237751336064
2023-06-13 13:00:00+00:00,0.03639309794925179
2023-06-13 14:00:00+00:00,0.04658633390620074
2023-06-13 15:00:00+00:00,0.0479864291205489
2023-06-13 16:00:00+00:00,0.04842092217161118
2023-06-13 17:00:00+00:00,0.04878507962299642
2023-06-13 18:00:00+00:00,0.049410315576814356
2023-06-13 19:00:00+00:00,0.048707871542817666
2023-06-13 20:00:00+00:00,0.04750210112031933
2023-06-13 21:00:00+00:00,0.04528160119515279
2023-06-13 22:00:00+00:00,0.041620841431289614
2023-06-13 23:00:00+00:00,0.034492700251466626
2023-06-14 00:00:00+00:00,0.02465499529473756
2023-06-14 01:00:00+00:00,0.010521748251258126
2023-06-14 02:00:00+00:00,0.00015943392470999762
2023-06-14 03:00:00+00:00,0.0
2023-06-14 04:00:00+00:00,0.0
2023-06-14 05:00:00+00:00,0.0
2023-06-14 06:00:00+00:00,0.0
2023-06-14 07:00:00+00:00,0.0
2023-06-14 08:00:00+00:00,0.0
2023-06-14 09:00:00+00:00,0.0
2023-06-14 10:00:00+00:00,0.0
2023-06-14 11:00:00+00:00,0.0
2023-06-14 12:00:00+00:00,0.0029386656589925897
2023-06-14 13:00:00+00:00,0.03405821249636228
2023-06-14 14:00:00+00:00,0.044930714598209666
2023-06-14 15:00:00+00:00,0.04682623111403765
2023-06-14 16:00:00+00:00,0.048177765975566444
2023-06-14 17:00:00+00:00,0.0489932997021568
2023-06-14 18:00:00+00:00,0.049369267699660074
2023-06-14 19:00:00+00:00,0.04896273027699812
2023-06-14 20:00:00+00:00,0.048282529842683254
2023-06-14 21:00:00+00:00,0.04610728628923554
2023-06-14 22:00:00+00:00,0.04263101639498282
2023-06-14 23:00:00+00:00,0.03729538220821549
2023-06-15 00:00:00+00:00,0.02653751297787432
2023-06-15 01:00:00+00:00,0.011437197778484662
2023-06-15 02:00:00+00:00,0.00017371780407332885
2023-06-15 03:00:00+00:00,0.0
2023-06-15 04:00:00+00:00,0.0
2023-06-15 05:00:00+00:00,0.0
2023-06-15 06:00:00+00:00,0.0
2023-06-15 07:00:00+00:00,0.0
2023-06-15 08:00:00+00:00,0.0
2023-06-15 09:00:00+00:00,0.0
2023-06-15 10:00:00+00:00,0.0
2023-06-15 11:00:00+00:00,0.0
2023-06-15 12:00:00+00:00,0.0031568992273163514
2023-06-15 13:00:00+00:00,0.03714743375149292
2023-06-15 14:00:00+00:00,0.04719237060224983
2023-06-15 15:00:00+00:00,0.04810224005748268
2023-06-15 16:00:00+00:00,0.04886602995082644
2023-06-15 17:00:00+00:00,0.049558196748207384
2023-06-15 18:00:00+00:00,0.049618478771411026
2023-06-15 19:00:00+00:00,0.04960239842484379
2023-06-15 20:00:00+00:00,0.04940920462263829
2023-06-15 21:00:00+00:00,0.048682072575909854
2023-06-15 22:00:00+00:00,0.04539290664268746
2023-06-15 23:00:00+00:00,0.03778052393521813
2023-06-16 00:00:00+00:00,0.02652995848322085
2023-06-16 01:00:00+00:00,0.011066788208992609
2023-06-16 02:00:00+00:00,0.00017333986272676866
2023-06-16 03:00:00+00:00,0.0
2023-06-16 04:00:00+00:00,0.0
2023-06-16 05:00:00+00:00,0.0
2023-06-16 06:00:00+00:00,0.0
2023-06-16 07:00:00+00:00,0.0
2023-06-16 08:00:00+00:00,0.0
2023-06-16 09:00:00+00:00,0.0
2023-06-16 10:00:00+00:00,0.0
2023-06-16 11:00:00+00:00,0.0
2023-06-16 12:00:00+00:00,0.0034831354471832436
2023-06-16 13:00:00+00:00,0.03807848030296468
2023-06-16 14:00:00+00:00,0.04841684733406073
2023-06-16 15:00:00+00:00,0.049438018700787255
2023-06-16 16:00:00+00:00,0.04971069425485346
2023-06-16 17:00:00+00:00,0.049748078321945076
2023-06-16 18:00:00+00:00,0.049647336796452515
2023-06-16 19:00:00+00:00,0.04930087968059312
2023-06-16 20:00:00+00:00,0.04853945378678419
2023-06-16 21:00:00+00:00,0.04521077876215515
2023-06-16 22:00:00+00:00,0.04151993760682853
2023-06-16 23:00:00+00:00,0.03419628880653553
2023-06-17 00:00:00+00:00,0.02377147911369038
2023-06-17 01:00:00+00:00,0.010232233543947747
2023-06-17 02:00:00+00:00,0.00018333613223190415
2023-06-17 03:00:00+00:00,0.0
2023-06-17 04:00:00+00:00,0.0
2023-06-17 05:00:00+00:00,0.0
2023-06-17 06:00:00+00:00,0.0
2023-06-17 07:00:00+00:00,0.0
2023-06-17 08:00:00+00:00,0.0
2023-06-17 09:00:00+00:00,0.0
2023-06-17 10:00:00+00:00,0.0
2023-06-17 11:00:00+00:00,0.0
2023-06-17 12:00:00+00:00,0.0034719910297684544
2023-06-17 13:00:00+00:00,0.0377219684267591
2023-06-17 14:00:00+00:00,0.04838832421833289
2023-06-17 15:00:00+00:00,0.049190683228958705
2023-06-17 16:00:00+00:00,0.04921575916588378
2023-06-17 17:00:00+00:00,0.04905500022473726
2023-06-17 18:00:00+00:00,0.04925696181077675
2023-06-17 19:00:00+00:00,0.04847854924108474
2023-06-17 20:00:00+00:00,0.0471083990380899
2023-06-17 21:00:00+00:00,0.045704691879946656
2023-06-17 22:00:00+00:00,0.04183026695691951
2023-06-17 23:00:00+00:00,0.03634225736793455
2023-06-18 00:00:00+00:00,0.02595278916384161
2023-06-18 01:00:00+00:00,0.010773012487142936
2023-06-18 02:00:00+00:00,0.00018363257021427037
2023-06-18 03:00:00+00:00,0.0
2023-06-18 04:00:00+00:00,0.0
2023-06-18 05:00:00+00:00,0.0
2023-06-18 06:00:00+00:00,0.0
2023-06-18 07:00:00+00:00,0.0
2023-06-18 08:00:00+00:00,0.0
2023-06-18 09:00:00+00:00,0.0
2023-06-18 10:00:00+00:00,0.0
2023-06-18 11:00:00+00:00,0.0
2023-06-18 12:00:00+00:00,0.0027335538673946896
2023-06-18 13:00:00+00:00,0.03368406158786194
2023-06-18 14:00:00+00:00,0.04610584832792291
2023-06-18 15:00:00+00:00,0.047749634194965335
2023-06-18 16:00:00+00:00,0.049044186216610594
2023-06-18 17:00:00+00:00,0.049051732909615176
2023-06-18 18:00:00+00:00,0.049326494243206585
2023-06-18 19:00:00+00:00,0.04853132552186409
2023-06-18 20:00:00+00:00,0.04674686761408002
2023-06-18 21:00:00+00:00,0.04496210190218965
2023-06-18 22:00:00+00:00,0.041047675000702624
2023-06-18 23:00:00+00:00,0.03474870923789411
2023-06-19 00:00:00+00:00,0.025059272796606163
2023-06-19 01:00:00+00:00,0.010785095711347647
2023-06-19 02:00:00+00:00,0.00020040797782099303
2023-06-19 03:00:00+00:00,0.0
2023-06-19 04:00:00+00:00,0.0
2023-06-19 05:00:00+00:00,0.0
2023-06-19 06:00:00+00:00,0.0
2023-06-19 07:00:00+00:00,0.0
2023-06-19 08:00:00+00:00,0.0
2023-06-19 09:00:00+00:00,0.0
2023-06-19 10:00:00+00:00,0.0
2023-06-19 11:00:00+00:00,0.0
2023-06-19 12:00:00+00:00,0.003445363421321501
2023-06-19 13:00:00+00:00,0.03635759915474118
2023-06-19 14:00:00+00:00,0.046235741370287874
2023-06-19 15:00:00+00:00,0.04798935280025774
2023-06-19 16:00:00+00:00,0.04812450740546086
2023-06-19 17:00:00+00:00,0.04877441954461635
2023-06-19 18:00:00+00:00,0.049196158084374504
2023-06-19 19:00:00+00:00,0.048356788195673295
2023-06-19 20:00:00+00:00,0.04662437966160722
2023-06-19 21:00:00+00:00,0.043830634745459396
2023-06-19 22:00:00+00:00,0.038489541412021856
2023-06-19 23:00:00+00:00,0.03177981805887461
2023-06-20 00:00:00+00:00,0.021918567467593103
2023-06-20 01:00:00+00:00,0.009587535542235433
2023-06-20 02:00:00+00:00,0.00018262003860448886
2023-06-20 03:00:00+00:00,0.0
2023-06-20 04:00:00+00:00,0.0
2023-06-20 05:00:00+00:00,0.0
2023-06-20 06:00:00+00:00,0.0
2023-06-20 07:00:00+00:00,0.0
2023-06-20 08:00:00+00:00,0.0
2023-06-20 09:00:00+00:00,0.0
2023-06-20 10:00:00+00:00,0.0
2023-06-20 11:00:00+00:00,0.0
2023-06-20 12:00:00+00:00,0.0029312014577601033
2023-06-20 13:00:00+00:00,0.030215992191266864
2023-06-20 14:00:00+00:00,0.04248725951842885
2023-06-20 15:00:00+00:00,0.04609871544368555
2023-06-20 16:00:00+00:00,0.04682060937898393
2023-06-20 17:00:00+00:00,0.04715005508366393
2023-06-20 18:00:00+00:00,0.046605028246715766
2023-06-20 19:00:00+00:00,0.04637338527919464
2023-06-20 20:00:00+00:00,0.045633373978737055
2023-06-20 21:00:00+00:00,0.042206672915827935
2023-06-20 22:00:00+00:00,0.03706823041902142
2023-06-20 23:00:00+00:00,0.030474423586517363
2023-06-21 00:00:00+00:00,0.020801811883857595
2023-06-21 01:00:00+00:00,0.00914029985685289
2023-06-21 02:00:00+00:00,0.000199467102735442
2023-06-21 03:00:00+00:00,0.0
2023-06-21 04:00:00+00:00,0.0
2023-06-21 05:00:00+00:00,0.0
2023-06-21 06:00:00+00:00,0.0
2023-06-21 07:00:00+00:00,0.0
2023-06-21 08:00:00+00:00,0.0
2023-06-21 09:00:00+00:00,0.0
2023-06-21 10:00:00+00:00,0.0
2023-06-21 11:00:00+00:00,0.0
2023-06-21 12:00:00+00:00,0.003034017460381784
2023-06-21 13:00:00+00:00,0.031970348028175735
2023-06-21 14:00:00+00:00,0.04235096778528688
2023-06-21 15:00:00+00:00,0.0440981714308008
2023-06-21 16:00:00+00:00,0.04545844931760978
2023-06-21 17:00:00+00:00,0.04637815245117005
2023-06-21 18:00:00+00:00,0.04620916165281024
2023-06-21 19:00:00+00:00,0.04527059666057674
2023-06-21 20:00:00+00:00,0.04530564766091665
2023-06-21 21:00:00+00:00,0.043253077785693934
2023-06-21 22:00:00+00:00,0.039022379992566324
2023-06-21 23:00:00+00:00,0.031140999397836516
2023-06-22 00:00:00+00:00,0.022472621590245472
2023-06-22 01:00:00+00:00,0.009694396448426429
2023-06-22 02:00:00+00:00,0.0001955366747600083
2023-06-22 03:00:00+00:00,0.0
2023-06-22 04:00:00+00:00,0.0
2023-06-22 05:00:00+00:00,0.0
2023-06-22 06:00:00+00:00,0.0
2023-06-22 07:00:00+00:00,0.0
2023-06-22 08:00:00+00:00,0.0
2023-06-22 09:00:00+00:00,0.0
2023-06-22 10:00:00+00:00,0.0
2023-06-22 11:00:00+00:00,0.0
2023-06-22 12:00:00+00:00,0.002932484238435114
2023-06-22 13:00:00+00:00,0.0315559795468077
2023-06-22 14:00:00+00:00,0.04256982155808983
2023-06-22 15:00:00+00:00,0.044042534302493004
2023-06-22 16:00:00+00:00,0.04513562241257076
2023-06-22 17:00:00+00:00,0.04641773088387471
2023-06-22 18:00:00+00:00,0.04712320952700785
2023-06-22 19:00:00+00:00,0.046522332889041354
2023-06-22 20:00:00+00:00,0.04476072434627192
2023-06-22 21:00:00+00:00,0.04268921633307932
2023-06-22 22:00:00+00:00,0.03799325262822488
2023-06-22 23:00:00+00:00,0.03219468622160063
2023-06-23 00:00:00+00:00,0.021501549532249992
2023-06-23 01:00:00+00:00,0.009379005719764343
2023-06-23 02:00:00+00:00,0.00020377477669659684
2023-06-23 03:00:00+00:00,0.0
2023-06-23 04:00:00+00:00,0.0
2023-06-23 05:00:00+00:00,0.0
2023-06-23 06:00:00+00:00,0.0
2023-06-23 07:00:00+00:00,0.0
2023-06-23 08:00:00+00:00,0.0
2023-06-23 09:00:00+00:00,0.0
2023-06-23 10:00:00+00:00,0.0
2023-06-23 11:00:00+00:00,0.0
2023-06-23 12:00:00+00:00,0.0027996811227893716
2023-06-23 13:00:00+00:00,0.03351295948866253
2023-06-23 14:00:00+00:00,0.04636702916908394
2023-06-23 15:00:00+00:00,0.04793536522534712
2023-06-23 16:00:00+00:00,0.04783058338702237
2023-06-23 17:00:00+00:00,0.048076738455893823
2023-06-23 18:00:00+00:00,0.048284833943442775
2023-06-23 19:00:00+00:00,0.04663369202352333
2023-06-23 20:00:00+00:00,0.04487135471813109
2023-06-23 21:00:00+00:00,0.0423762321972397
2023-06-23 22:00:00+00:00,0.03685770429717489
2023-06-23 23:00:00+00:00,0.029701085347998687
2023-06-24 00:00:00+00:00,0.020587135975483194
2023-06-24 01:00:00+00:00,0.008678515848389407
2023-06-24 02:00:00+00:00,0.00018677328550408163
2023-06-24 03:00:00+00:00,0.0
2023-06-24 04:00:00+00:00,0.0
2023-06-24 05:00:00+00:00,0.0
2023-06-24 06:00:00+00:00,0.0
2023-06-24 07:00:00+00:00,0.0
2023-06-24 08:00:00+00:00,0.0
2023-06-24 09:00:00+00:00,0.0
2023-06-24 10:00:00+00:00,0.0
2023-06-24 11:00:00+00:00,0.0
2023-06-24 12:00:00+00:00,0.002170514181841723
2023-06-24 13:00:00+00:00,0.029383619642785495
2023-06-24 14:00:00+00:00,0.042136344439884205
2023-06-24 15:00:00+00:00,0.045320653688533274
2023-06-24 16:00:00+00:00,0.04656251091862958
2023-06-24 17:00:00+00:00,0.0472379395159215
2023-06-24 18:00:00+00:00,0.04783476029680989
2023-06-24 19:00:00+00:00,0.04614449460906775
2023-06-24 20:00:00+00:00,0.04483421549821346
2023-06-24 21:00:00+00:00,0.04226097325587525
2023-06-24 22:00:00+00:00,0.03848291263380955
2023-06-24 23:00:00+00:00,0.031189154293560197
2023-06-25 00:00:00+00:00,0.02296750079634908
2023-06-25 01:00:00+00:00,0.009856782302700762
2023-06-25 02:00:00+00:00,0.00020416498938962652
2023-06-25 03:00:00+00:00,0.0
2023-06-25 04:00:00+00:00,0.0
2023-06-25 05:00:00+00:00,0.0
2023-06-25 06:00:00+00:00,0.0
2023-06-25 07:00:00+00:00,0.0
2023-06-25 08:00:00+00:00,0.0
2023-06-25 09:00:00+00:00,0.0
2023-06-25 10:00:00+00:00,0.0
2023-06-25 11:00:00+00:00,0.0
2023-06-25 12:00:00+00:00,0.0023122795617264106
2023-06-25 13:00:00+00:00,0.030571089795613828
2023-06-25 14:00:00+00:00,0.04232919503002138
2023-06-25 15:00:00+00:00,0.04438391591282581
2023-06-25 16:00:00+00:00,0.04530920208030299
2023-06-25 17:00:00+00:00,0.04602673025962012
2023-06-25 18:00:00+00:00,0.04710829446457845
2023-06-25 19:00:00+00:00,0.04669535252115637
2023-06-25 20:00:00+00:00,0.04463202565244639
2023-06-25 21:00:00+00:00,0.041618779499448456
2023-06-25 22:00:00+00:00,0.038025217157532556
2023-06-25 23:00:00+00:00,0.03132343530031803
2023-06-26 00:00:00+00:00,0.022079488909162694
2023-06-26 01:00:00+00:00,0.009244919287141367
2023-06-26 02:00:00+00:00,0.00018446713147639515
2023-06-26 03:00:00+00:00,0.0
2023-06-26 04:00:00+00:00,0.0
2023-06-26 05:00:00+00:00,0.0
2023-06-26 06:00:00+00:00,0.0
2023-06-26 07:00:00+00:00,0.0
2023-06-26 08:00:00+00:00,0.0
2023-06-26 09:00:00+00:00,0.0
2023-06-26 10:00:00+00:00,0.0
2023-06-26 11:00:00+00:00,0.0
2023-06-26 12:00:00+00:00,0.0024064900366578637
2023-06-26 13:00:00+00:00,0.030716779380399132
2023-06-26 14:00:00+00:00,0.04294045268742455
2023-06-26 15:00:00+00:00,0.04500663366942531
2023-06-26 16:00:00+00:00,0.04600917174508216
2023-06-26 17:00:00+00:00,0.04563866536726222
2023-06-26 18:00:00+00:00,0.04582009755541385
2023-06-26 19:00:00+00:00,0.04439477699548902
2023-06-26 20:00:00+00:00,0.04304395619986989
2023-06-26 21:00:00+00:00,0.04087595149382809
2023-06-26 22:00:00+00:00,0.036777309910189675
2023-06-26 23:00:00+00:00,0.02884448812634036
2023-06-27 00:00:00+00:00,0.01909122739997961
2023-06-27 01:00:00+00:00,0.008028419109224395
2023-06-27 02:00:00+00:00,0.00018788828692889553
2023-06-27 03:00:00+00:00,0.0
2023-06-27 04:00:00+00:00,0.0
2023-06-27 05:00:00+00:00,0.0
2023-06-27 06:00:00+00:00,0.0
2023-06-27 07:00:00+00:00,0.0
2023-06-27 08:00:00+00:00,0.0
2023-06-27 09:00:00+00:00,0.0
2023-06-27 10:00:00+00:00,0.0
2023-06-27 11:00:00+00:00,0.0
2023-06-27 12:00:00+00:00,0.002192681608376299
2023-06-27 13:00:00+00:00,0.027313778343143445
2023-06-27 14:00:00+00:00,0.04077226585410203
2023-06-27 15:00:00+00:00,0.04399114357715669
2023-06-27 16:00:00+00:00,0.04463379128823559
2023-06-27 17:00:00+00:00,0.045522412660128596
2023-06-27 18:00:00+00:00,0.04542843293202556
2023-06-27 19:00:00+00:00,0.04471126993913205
2023-06-27 20:00:00+00:00,0.04317606383109166
2023-06-27 21:00:00+00:00,0.04039763543834847
2023-06-27 22:00:00+00:00,0.03523837151887936
2023-06-27 23:00:00+00:00,0.02869657084140009
2023-06-28 00:00:00+00:00,0.019246127157144632
2023-06-28 01:00:00+00:00,0.008138224705421367
2023-06-28 02:00:00+00:00,0.0001917880196599304
2023-06-28 03:00:00+00:00,0.0
2023-06-28 04:00:00+00:00,0.0
2023-06-28 05:00:00+00:00,0.0
2023-06-28 06:00:00+00:00,0.0
2023-06-28 07:00:00+00:00,0.0
2023-06-28 08:00:00+00:00,0.0
2023-06-28 09:00:00+00:00,0.0
2023-06-28 10:00:00+00:00,0.0
2023-06-28 11:00:00+00:00,0.0
2023-06-28 12:00:00+00:00,0.002612715890142956
2023-06-28 13:00:00+00:00,0.028539935651948622
2023-06-28 14:00:00+00:00,0.040921853685211326
2023-06-28 15:00:00+00:00,0.04472817888500607
2023-06-28 16:00:00+00:00,0.04618944827412135
2023-06-28 17:00:00+00:00,0.04641701939020602
2023-06-28 18:00:00+00:00,0.04570876553390321
2023-06-28 19:00:00+00:00,0.045244641518978466
2023-06-28 20:00:00+00:00,0.04238707942038648
2023-06-28 21:00:00+00:00,0.03928080588236066
2023-06-28 22:00:00+00:00,0.03441954741239733
2023-06-28 23:00:00+00:00,0.028133630835785607
2023-06-29 00:00:00+00:00,0.01874702017705355
2023-06-29 01:00:00+00:00,0.008453140613767243
2023-06-29 02:00:00+00:00,0.00019447289768888195
2023-06-29 03:00:00+00:00,0.0
2023-06-29 04:00:00+00:00,0.0
2023-06-29 05:00:00+00:00,0.0
2023-06-29 06:00:00+00:00,0.0
2023-06-29 07:00:00+00:00,0.0
2023-06-29 08:00:00+00:00,0.0
2023-06-29 09:00:00+00:00,0.0
2023-06-29 10:00:00+00:00,0.0
2023-06-29 11:00:00+00:00,0.0
2023-06-29 12:00:00+00:00,0.0024006675410701023
2023-06-29 13:00:00+00:00,0.03153265329288638
2023-06-29 14:00:00+00:00,0.044025388928736
2023-06-29 15:00:00+00:00,0.04584418977083497
2023-06-29 16:00:00+00:00,0.04632075867280403
2023-06-29 17:00:00+00:00,0.04681009928567208
2023-06-29 18:00:00+00:00,0.04731620824851937
2023-06-29 19:00:00+00:00,0.046540303830110256
2023-06-29 20:00:00+00:00,0.045332796832585585
2023-06-29 21:00:00+00:00,0.04308080506200487
2023-06-29 22:00:00+00:00,0.03931028615502151
2023-06-29 23:00:00+00:00,0.03264703256394538
2023-06-30 00:00:00+00:00,0.02289562338843186
2023-06-30 01:00:00+00:00,0.01013739156681153
2023-06-30 02:00:00+00:00,0.00021664205394607291
2023-06-30 03:00:00+00:00,0.0
2023-06-30 04:00:00+00:00,0.0
2023-06-30 05:00:00+00:00,0.0
2023-06-30 06:00:00+00:00,0.0
2023-06-30 07:00:00+00:00,0.0
2023-06-30 08:00:00+00:00,0.0
2023-06-30 09:00:00+00:00,0.0
2023-06-30 10:00:00+00:00,0.0
2023-06-30 11:00:00+00:00,0.0
2023-06-30 12:00:00+00:00,0.001963266881909785
2023-06-30 13:00:00+00:00,0.03162368932451288
2023-06-30 14:00:00+00:00,0.04422156910770447
2023-06-30 15:00:00+00:00,0.04594295717723949
2023-06-30 16:00:00+00:00,0.04656692238918812
2023-06-30 17:00:00+00:00,0.04700195296211515
2023-06-30 18:00:00+00:00,0.04739099525716201
2023-06-30 19:00:00+00:00,0.046666885409691175
2023-06-30 20:00:00+00:00,0.04608137611366508
2023-06-30 21:00:00+00:00,0.04349694375375617
2023-06-30 22:00:00+00:00,0.03857092908219188
2023-06-30 23:00:00+00:00,0.031242832680393018
2023-07-01 00:00:00+00:00,0.021355937307916795
2023-07-01 01:00:00+00:00,0.009359845524505415
2023-07-01 02:00:00+00:00,0.00020597084333522743
2023-07-01 03:00:00+00:00,0.0
2023-07-01 04:00:00+00:00,0.0
2023-07-01 05:00:00+00:00,0.0
2023-07-01 06:00:00+00:00,0.0
2023-07-01 07:00:00+00:00,0.0
2023-07-01 08:00:00+00:00,0.0
2023-07-01 09:00:00+00:00,0.0
2023-07-01 10:00:00+00:00,0.0
2023-07-01 11:00:00+00:00,0.0
2023-07-01 12:00:00+00:00,0.001420635833237813
2023-07-01 13:00:00+00:00,0.02897766850410527
2023-07-01 14:00:00+00:00,0.043286725041126024
2023-07-01 15:00:00+00:00,0.04560137249186231
2023-07-01 16:00:00+00:00,0.04660554672896513
2023-07-01 17:00:00+00:00,0.047404354115597194
2023-07-01 18:00:00+00:00,0.046985021306663315
2023-07-01 19:00:00+00:00,0.04668794721449591
2023-07-01 20:00:00+00:00,0.04523640249097728
2023-07-01 21:00:00+00:00,0.041352403595308264
2023-07-01 22:00:00+00:00,0.03585266283296616
2023-07-01 23:00:00+00:00,0.029479481506660323
2023-07-02 00:00:00+00:00,0.019822944113897272
2023-07-02 01:00:00+00:00,0.009009306233587117
2023-07-02 02:00:00+00:00,0.00020821647777145925
2023-07-02 03:00:00+00:00,0.0
2023-07-02 04:00:00+00:00,0.0
2023-07-02 05:00:00+00:00,0.0
2023-07-02 06:00:00+00:00,0.0
2023-07-02 07:00:00+00:00,0.0
2023-07-02 08:00:00+00:00,0.0
2023-07-02 09:00:00+00:00,0.0
2023-07-02 10:00:00+00:00,0.0
2023-07-02 11:00:00+00:00,0.0
2023-07-02 12:00:00+00:00,0.0013656933462983599
2023-07-02 13:00:00+00:00,0.02946683263879894
2023-07-02 14:00:00+00:00,0.04410544957092813
2023-07-02 15:00:00+00:00,0.04628132033284746
2023-07-02 16:00:00+00:00,0.04677531867773517
2023-07-02 17:00:00+00:00,0.047343264674499994
2023-07-02 18:00:00+00:00,0.0467975569675193
2023-07-02 19:00:00+00:00,0.04649155308055572
2023-07-02 20:00:00+00:00,0.043806601349594625
2023-07-02 21:00:00+00:00,0.04103864392062135
2023-07-02 22:00:00+00:00,0.03554162986690662
2023-07-02 23:00:00+00:00,0.02915811686880549
2023-07-03 00:00:00+00:00,0.019728482991555506
2023-07-03 01:00:00+00:00,0.008997341256637773
2023-07-03 02:00:00+00:00,0.00020659988388399702
2023-07-03 03:00:00+00:00,0.0
2023-07-03 04:00:00+00:00,0.0
2023-07-03 05:00:00+00:00,0.0
2023-07-03 06:00:00+00:00,0.0
2023-07-03 07:00:00+00:00,0.0
2023-07-03 08:00:00+00:00,0.0
2023-07-03 09:00:00+00:00,0.0
2023-07-03 10:00:00+00:00,0.0
2023-07-03 11:00:00+00:00,0.0
2023-07-03 12:00:00+00:00,0.0018015733595880704
2023-07-03 13:00:00+00:00,0.03166053274322955
2023-07-03 14:00:00+00:00,0.04566755492905135
2023-07-03 15:00:00+00:00,0.048187881044699434
2023-07-03 16:00:00+00:00,0.048679591407035525
2023-07-03 17:00:00+00:00,0.048652163513244306
2023-07-03 18:00:00+00:00,0.048712679835873934
2023-07-03 19:00:00+00:00,0.04819650335469581
2023-07-03 20:00:00+00:00,0.046792894755910974
2023-07-03 21:00:00+00:00,0.04416483206531276
2023-07-03 22:00:00+00:00,0.039462130633058645
2023-07-03 23:00:00+00:00,0.032957248857202595
2023-07-04 00:00:00+00:00,0.022216134332912675
2023-07-04 01:00:00+00:00,0.009432617000020642
2023-07-04 02:00:00+00:00,0.00019749559702041155
2023-07-04 03:00:00+00:00,0.0
2023-07-04 04:00:00+00:00,0.0
2023-07-04 05:00:00+00:00,0.0
2023-07-04 06:00:00+00:00,0.0
2023-07-04 07:00:00+00:00,0.0
2023-07-04 08:00:00+00:00,0.0
2023-07-04 09:00:00+00:00,0.0
2023-07-04 10:00:00+00:00,0.0
2023-07-04 11:00:00+00:00,0.0
2023-07-04 12:00:00+00:00,0.0018071128856673032
2023-07-04 13:00:00+00:00,0.03254943623278588
2023-07-04 14:00:00+00:00,0.045535920918725804
2023-07-04 15:00:00+00:00,0.04767369664726999
2023-07-04 16:00:00+00:00,0.04819300966454493
2023-07-04 17:00:00+00:00,0.04856928834447729
2023-07-04 18:00:00+00:00,0.04822994486911054
2023-07-04 19:00:00+00:00,0.047494186335436527
2023-07-04 20:00:00+00:00,0.0461225367974057
2023-07-04 21:00:00+00:00,0.042055447436436764
2023-07-04 22:00:00+00:00,0.036552598442443004
2023-07-04 23:00:00+00:00,0.0294152305003249
2023-07-05 00:00:00+00:00,0.019999937519589044
2023-07-05 01:00:00+00:00,0.008804593703652877
2023-07-05 02:00:00+00:00,0.00018169669200675926
2023-07-05 03:00:00+00:00,0.0
2023-07-05 04:00:00+00:00,0.0
2023-07-05 05:00:00+00:00,0.0
2023-07-05 06:00:00+00:00,0.0
2023-07-05 07:00:00+00:00,0.0
2023-07-05 08:00:00+00:00,0.0
2023-07-05 09:00:00+00:00,0.0
2023-07-05 10:00:00+00:00,0.0
2023-07-05 11:00:00+00:00,0.0
2023-07-05 12:00:00+00:00,0.0013910603173595837
2023-07-05 13:00:00+00:00,0.030414246028877705
2023-07-05 14:00:00+00:00,0.04535672361124992
2023-07-05 15:00:00+00:00,0.04751632185434288
2023-07-05 16:00:00+00:00,0.0486520097313494
2023-07-05 17:00:00+00:00,0.04879116915694588
2023-07-05 18:00:00+00:00,0.047712130405432054
2023-07-05 19:00:00+00:00,0.0457343779993729
2023-07-05 20:00:00+00:00,0.044315352747246954
2023-07-05 21:00:00+00:00,0.04178756452247878
2023-07-05 22:00:00+00:00,0.035987312849787914
2023-07-05 23:00:00+00:00,0.02954391027724969
2023-07-06 00:00:00+00:00,0.01957276114095995
2023-07-06 01:00:00+00:00,0.008584911170462242
2023-07-06 02:00:00+00:00,0.0001783959810994152
2023-07-06 03:00:00+00:00,0.0
2023-07-06 04:00:00+00:00,0.0
2023-07-06 05:00:00+00:00,0.0
2023-07-06 06:00:00+00:00,0.0
2023-07-06 07:00:00+00:00,0.0
2023-07-06 08:00:00+00:00,0.0
2023-07-06 09:00:00+00:00,0.0
2023-07-06 10:00:00+00:00,0.0
2023-07-06 11:00:00+00:00,0.0
2023-07-06 12:00:00+00:00,0.0014292669043893273
2023-07-06 13:00:00+00:00,0.029127760477601978
2023-07-06 14:00:00+00:00,0.04382952665337629
2023-07-06 15:00:00+00:00,0.04520602163113765
2023-07-06 16:00:00+00:00,0.04642887771963821
2023-07-06 17:00:00+00:00,0.04623998212597317
2023-07-06 18:00:00+00:00,0.04731992541670757
2023-07-06 19:00:00+00:00,0.0464203915997107
2023-07-06 20:00:00+00:00,0.04485439246912564
2023-07-06 21:00:00+00:00,0.0422440014162623
2023-07-06 22:00:00+00:00,0.03743811380006238
2023-07-06 23:00:00+00:00,0.030285152574558955
2023-07-07 00:00:00+00:00,0.020227212141617497
2023-07-07 01:00:00+00:00,0.008795787779670702
2023-07-07 02:00:00+00:00,0.00019009331910074684
2023-07-07 03:00:00+00:00,0.0
2023-07-07 04:00:00+00:00,0.0
2023-07-07 05:00:00+00:00,0.0
2023-07-07 06:00:00+00:00,0.0
2023-07-07 07:00:00+00:00,0.0
2023-07-07 08:00:00+00:00,0.0
2023-07-07 09:00:00+00:00,0.0
2023-07-07 10:00:00+00:00,0.0
2023-07-07 11:00:00+00:00,0.0
2023-07-07 12:00:00+00:00,0.0012868150657027245
2023-07-07 13:00:00+00:00,0.030442779434103916
2023-07-07 14:00:00+00:00,0.04433008274114447
2023-07-07 15:00:00+00:00,0.04664288617000913
2023-07-07 16:00:00+00:00,0.04751068593201155
2023-07-07 17:00:00+00:00,0.047847440234992406
2023-07-07 18:00:00+00:00,0.04730554512480101
2023-07-07 19:00:00+00:00,0.046793411550800516
2023-07-07 20:00:00+00:00,0.04474865829256759
2023-07-07 21:00:00+00:00,0.04366261698501444
2023-07-07 22:00:00+00:00,0.03818667143530519
2023-07-07 23:00:00+00:00,0.031360254271255716
2023-07-08 00:00:00+00:00,0.021325132813394227
2023-07-08 01:00:00+00:00,0.009095843130104673
2023-07-08 02:00:00+00:00,0.00018609692570269976
2023-07-08 03:00:00+00:00,0.0
2023-07-08 04:00:00+00:00,0.0
2023-07-08 05:00:00+00:00,0.0
2023-07-08 06:00:00+00:00,0.0
2023-07-08 07:00:00+00:00,0.0
2023-07-08 08:00:00+00:00,0.0
2023-07-08 09:00:00+00:00,0.0
2023-07-08 10:00:00+00:00,0.0
2023-07-08 11:00:00+00:00,0.0
2023-07-08 12:00:00+00:00,0.001337379403544134
2023-07-08 13:00:00+00:00,0.03166802587924071
2023-07-08 14:00:00+00:00,0.04691685539693259
2023-07-08 15:00:00+00:00,0.04839980996750175
2023-07-08 16:00:00+00:00,0.048552237954114355
2023-07-08 17:00:00+00:00,0.048676740068644156
2023-07-08 18:00:00+00:00,0.048357211139570574
2023-07-08 19:00:00+00:00,0.047297082407143816
2023-07-08 20:00:00+00:00,0.045997613375999724
2023-07-08 21:00:00+00:00,0.04350545894140931
2023-07-08 22:00:00+00:00,0.037785166452110004
2023-07-08 23:00:00+00:00,0.02981581324869263
2023-07-09 00:00:00+00:00,0.020355729701407664
2023-07-09 01:00:00+00:00,0.009261357023970754
2023-07-09 02:00:00+00:00,0.0001767351171846185
2023-07-09 03:00:00+00:00,0.0
2023-07-09 04:00:00+00:00,0.0
2023-07-09 05:00:00+00:00,0.0
2023-07-09 06:00:00+00:00,0.0
2023-07-09 07:00:00+00:00,0.0
2023-07-09 08:00:00+00:00,0.0
2023-07-09 09:00:00+00:00,0.0
2023-07-09 10:00:00+00:00,0.0
2023-07-09 11:00:00+00:00,0.0
2023-07-09 12:00:00+00:00,0.0012253389359650967
2023-07-09 13:00:00+00:00,0.03127940616626444
2023-07-09 14:00:00+00:00,0.04678831004590312
2023-07-09 15:00:00+00:00,0.04871315901963819
2023-07-09 16:00:00+00:00,0.04865141478540804
2023-07-09 17:00:00+00:00,0.04905483992751094
2023-07-09 18:00:00+00:00,0.04789213108590481
2023-07-09 19:00:00+00:00,0.04721204108848838
2023-07-09 20:00:00+00:00,0.0455260372218783
2023-07-09 21:00:00+00:00,0.04234391430732777
2023-07-09 22:00:00+00:00,0.03761804930200835
2023-07-09 23:00:00+00:00,0.029769549128435914
2023-07-10 00:00:00+00:00,0.02014309565230083
2023-07-10 01:00:00+00:00,0.00875508417110211
2023-07-10 02:00:00+00:00,0.00016048485304728414
2023-07-10 03:00:00+00:00,0.0
2023-07-10 04:00:00+00:00,0.0
2023-07-10 05:00:00+00:00,0.0
2023-07-10 06:00:00+00:00,0.0
2023-07-10 07:00:00+00:00,0.0
2023-07-10 08:00:00+00:00,0.0
2023-07-10 09:00:00+00:00,0.0
2023-07-10 10:00:00+00:00,0.0
2023-07-10 11:00:00+00:00,0.0
2023-07-10 12:00:00+00:00,0.001195756193020074
2023-07-10 13:00:00+00:00,0.030197640814026285
2023-07-10 14:00:00+00:00,0.046228477542893956
2023-07-10 15:00:00+00:00,0.04762124871240175
2023-07-10 16:00:00+00:00,0.048321792935878384
2023-07-10 17:00:00+00:00,0.04849721015177538
2023-07-10 18:00:00+00:00,0.04792423935408589
2023-07-10 19:00:00+00:00,0.04703219409889006
2023-07-10 20:00:00+00:00,0.04498697807167149
2023-07-10 21:00:00+00:00,0.04139241219255835
2023-07-10 22:00:00+00:00,0.037234725409407476
2023-07-10 23:00:00+00:00,0.030373520241729755
2023-07-11 00:00:00+00:00,0.021304132835822213
2023-07-11 01:00:00+00:00,0.009469111146899975
2023-07-11 02:00:00+00:00,0.00017444397198298906
2023-07-11 03:00:00+00:00,0.0
2023-07-11 04:00:00+00:00,0.0
2023-07-11 05:00:00+00:00,0.0
2023-07-11 06:00:00+00:00,0.0
2023-07-11 07:00:00+00:00,0.0
2023-07-11 08:00:00+00:00,0.0
2023-07-11 09:00:00+00:00,0.0
2023-07-11 10:00:00+00:00,0.0
2023-07-11 11:00:00+00:00,0.0
2023-07-11 12:00:00+00:00,0.0010175784910679995
2023-07-11 13:00:00+00:00,0.030454573603294507
2023-07-11 14:00:00+00:00,0.04649487223167999
2023-07-11 15:00:00+00:00,0.04825035675611388
2023-07-11 16:00:00+00:00,0.048401238574547596
2023-07-11 17:00:00+00:00,0.048269335194677826
2023-07-11 18:00:00+00:00,0.04759240909643575
2023-07-11 19:00:00+00:00,0.04627421640291007
2023-07-11 20:00:00+00:00,0.0446093441731363
2023-07-11 21:00:00+00:00,0.04228528759103769
2023-07-11 22:00:00+00:00,0.03772664562453128
2023-07-11 23:00:00+00:00,0.031000943062849156
2023-07-12 00:00:00+00:00,0.021678193723761226
2023-07-12 01:00:00+00:00,0.009424215155684484
2023-07-12 02:00:00+00:00,0.00015953361757879621
2023-07-12 03:00:00+00:00,0.0
2023-07-12 04:00:00+00:00,0.0
2023-07-12 05:00:00+00:00,0.0
2023-07-12 06:00:00+00:00,0.0
2023-07-12 07:00:00+00:00,0.0
2023-07-12 08:00:00+00:00,0.0
2023-07-12 09:00:00+00:00,0.0
2023-07-12 10:00:00+00:00,0.0
2023-07-12 11:00:00+00:00,0.0
2023-07-12 12:00:00+00:00,0.0008687469784730552
2023-07-12 13:00:00+00:00,0.03013493848923865
2023-07-12 14:00:00+00:00,0.04635097347811656
2023-07-12 15:00:00+00:00,0.04863301906227076
2023-07-12 16:00:00+00:00,0.04875763108449522
2023-07-12 17:00:00+00:00,0.04893479014229365
2023-07-12 18:00:00+00:00,0.04879556749467839
2023-07-12 19:00:00+00:00,0.04789551774704724
2023-07-12 20:00:00+00:00,0.04556394657164689
2023-07-12 21:00:00+00:00,0.04258303070641733
2023-07-12 22:00:00+00:00,0.038421870120212205
2023-07-12 23:00:00+00:00,0.030580966453013992
2023-07-13 00:00:00+00:00,0.020321963030075555
2023-07-13 01:00:00+00:00,0.008975101125145464
2023-07-13 02:00:00+00:00,0.00014415944681160395
2023-07-13 03:00:00+00:00,0.0
2023-07-13 04:00:00+00:00,0.0
2023-07-13 05:00:00+00:00,0.0
2023-07-13 06:00:00+00:00,0.0
2023-07-13 07:00:00+00:00,0.0
2023-07-13 08:00:00+00:00,0.0
2023-07-13 09:00:00+00:00,0.0
2023-07-13 10:00:00+00:00,0.0
2023-07-13 11:00:00+00:00,0.0
2023-07-13 12:00:00+00:00,0.0006012027176307795
2023-07-13 13:00:00+00:00,0.030815013789018464
2023-07-13 14:00:00+00:00,0.0473905093364478
2023-07-13 15:00:00+00:00,0.048354765437811496
2023-07-13 16:00:00+00:00,0.04837317121013684
2023-07-13 17:00:00+00:00,0.048748472661254136
2023-07-13 18:00:00+00:00,0.04879564625147162
2023-07-13 19:00:00+00:00,0.04831486950925393
2023-07-13 20:00:00+00:00,0.04623879948971963
2023-07-13 21:00:00+00:00,0.04241284644695652
2023-07-13 22:00:00+00:00,0.03718466937970567
2023-07-13 23:00:00+00:00,0.02976185053958142
2023-07-14 00:00:00+00:00,0.020171021555381606
2023-07-14 01:00:00+00:00,0.00842038097228886
2023-07-14 02:00:00+00:00,0.00013489401218536262
2023-07-14 03:00:00+00:00,0.0
2023-07-14 04:00:00+00:00,0.0
2023-07-14 05:00:00+00:00,0.0
2023-07-14 06:00:00+00:00,0.0
2023-07-14 07:00:00+00:00,0.0
2023-07-14 08:00:00+00:00,0.0
2023-07-14 09:00:00+00:00,0.0
2023-07-14 10:00:00+00:00,0.0
2023-07-14 11:00:00+00:00,0.0
2023-07-14 12:00:00+00:00,0.0006340110265765828
2023-07-14 13:00:00+00:00,0.029711816068151632
2023-07-14 14:00:00+00:00,0.04690789812849101
2023-07-14 15:00:00+00:00,0.0489176512293619
2023-07-14 16:00:00+00:00,0.04921094118594492
2023-07-14 17:00:00+00:00,0.04905638456553405
2023-07-14 18:00:00+00:00,0.0486410753959463
2023-07-14 19:00:00+00:00,0.0469097663172912
2023-07-14 20:00:00+00:00,0.04550818556392461
2023-07-14 21:00:00+00:00,0.04150747084102795
2023-07-14 22:00:00+00:00,0.03727724243379666
2023-07-14 23:00:00+00:00,0.03105316477708083
2023-07-15 00:00:00+00:00,0.021330754245721176
2023-07-15 01:00:00+00:00,0.008594815878334001
2023-07-15 02:00:00+00:00,0.00014331682120222625
2023-07-15 03:00:00+00:00,0.0
2023-07-15 04:00:00+00:00,0.0
2023-07-15 05:00:00+00:00,0.0
2023-07-15 06:00:00+00:00,0.0
2023-07-15 07:00:00+00:00,0.0
2023-07-15 08:00:00+00:00,0.0
2023-07-15 09:00:00+00:00,0.0
2023-07-15 10:00:00+00:00,0.0
2023-07-15 11:00:00+00:00,0.0
2023-07-15 12:00:00+00:00,0.0004582661679954612
2023-07-15 13:00:00+00:00,0.02708427751572472
2023-07-15 14:00:00+00:00,0.04451645099745442
2023-07-15 15:00:00+00:00,0.04661501178711271
2023-07-15 16:00:00+00:00,0.04696790591805952
2023-07-15 17:00:00+00:00,0.04758812031964666
2023-07-15 18:00:00+00:00,0.046746057234724414
2023-07-15 19:00:00+00:00,0.04660940090857493
2023-07-15 20:00:00+00:00,0.0447327546813234
2023-07-15 21:00:00+00:00,0.04340918481071373
2023-07-15 22:00:00+00:00,0.03866626538558537
2023-07-15 23:00:00+00:00,0.031925325280754285
2023-07-16 00:00:00+00:00,0.021587561853029368
2023-07-16 01:00:00+00:00,0.009226560504524452
2023-07-16 02:00:00+00:00,0.00013444025258173693
2023-07-16 03:00:00+00:00,0.0
2023-07-16 04:00:00+00:00,0.0
2023-07-16 05:00:00+00:00,0.0
2023-07-16 06:00:00+00:00,0.0
2023-07-16 07:00:00+00:00,0.0
2023-07-16 08:00:00+00:00,0.0
2023-07-16 09:00:00+00:00,0.0
2023-07-16 10:00:00+00:00,0.0
2023-07-16 11:00:00+00:00,0.0
2023-07-16 12:00:00+00:00,0.00042120123973881567
2023-07-16 13:00:00+00:00,0.029032327706755543
2023-07-16 14:00:00+00:00,0.04671829297011501
2023-07-16 15:00:00+00:00,0.0484106435399289
2023-07-16 16:00:00+00:00,0.04863267542564635
2023-07-16 17:00:00+00:00,0.04859757493091512
2023-07-16 18:00:00+00:00,0.048147172432121035
2023-07-16 19:00:00+00:00,0.04754274962410602
2023-07-16 20:00:00+00:00,0.04627080084364147
2023-07-16 21:00:00+00:00,0.04267324361080099
2023-07-16 22:00:00+00:00,0.038353442940337185
2023-07-16 23:00:00+00:00,0.031484335155218944
2023-07-17 00:00:00+00:00,0.0214953190205821
2023-07-17 01:00:00+00:00,0.0081240619918382
2023-07-17 02:00:00+00:00,0.00011510155384609482
2023-07-17 03:00:00+00:00,0.0
2023-07-17 04:00:00+00:00,0.0
2023-07-17 05:00:00+00:00,0.0
2023-07-17 06:00:00+00:00,0.0
2023-07-17 07:00:00+00:00,0.0
2023-07-17 08:00:00+00:00,0.0
2023-07-17 09:00:00+00:00,0.0
2023-07-17 10:00:00+00:00,0.0
2023-07-17 11:00:00+00:00,0.0
2023-07-17 12:00:00+00:00,0.0003956183327008763
2023-07-17 13:00:00+00:00,0.030016871990235665
2023-07-17 14:00:00+00:00,0.04691620318743353
2023-07-17 15:00:00+00:00,0.04878966396777008
2023-07-17 16:00:00+00:00,0.048638700668153824
2023-07-17 17:00:00+00:00,0.04840986931191265
2023-07-17 18:00:00+00:00,0.04683286734863179
2023-07-17 19:00:00+00:00,0.04584810508037584
2023-07-17 20:00:00+00:00,0.043636796570216706
2023-07-17 21:00:00+00:00,0.04190154503035568
2023-07-17 22:00:00+00:00,0.036030888199805114
2023-07-17 23:00:00+00:00,0.028398147241152732
2023-07-18 00:00:00+00:00,0.018320334771502727
2023-07-18 01:00:00+00:00,0.007573687665987515
2023-07-18 02:00:00+00:00,0.00010647762927740383
2023-07-18 03:00:00+00:00,0.0
2023-07-18 04:00:00+00:00,0.0
2023-07-18 05:00:00+00:00,0.0
2023-07-18 06:00:00+00:00,0.0
2023-07-18 07:00:00+00:00,0.0
2023-07-18 08:00:00+00:00,0.0
2023-07-18 09:00:00+00:00,0.0
2023-07-18 10:00:00+00:00,0.0
2023-07-18 11:00:00+00:00,0.0
2023-07-18 12:00:00+00:00,0.0003731577030790366
2023-07-18 13:00:00+00:00,0.027289943732580493
2023-07-18 14:00:00+00:00,0.0442138584667021
2023-07-18 15:00:00+00:00,0.04732506716634657
2023-07-18 16:00:00+00:00,0.04779016587239811
2023-07-18 17:00:00+00:00,0.04765891202434226
2023-07-18 18:00:00+00:00,0.04755859397610014
2023-07-18 19:00:00+00:00,0.046512118492766125
2023-07-18 20:00:00+00:00,0.044772107618642185
2023-07-18 21:00:00+00:00,0.04148156144963282
2023-07-18 22:00:00+00:00,0.036935605908105976
2023-07-18 23:00:00+00:00,0.0296971935095126
2023-07-19 00:00:00+00:00,0.020411116247625902
2023-07-19 01:00:00+00:00,0.007905625391632658
2023-07-19 02:00:00+00:00,9.841873448553338e-05
2023-07-19 03:00:00+00:00,0.0
2023-07-19 04:00:00+00:00,0.0
2023-07-19 05:00:00+00:00,0.0
2023-07-19 06:00:00+00:00,0.0
2023-07-19 07:00:00+00:00,0.0
2023-07-19 08:00:00+00:00,0.0
2023-07-19 09:00:00+00:00,0.0
2023-07-19 10:00:00+00:00,0.0
2023-07-19 11:00:00+00:00,0.0
2023-07-19 12:00:00+00:00,0.00032193209261595216
2023-07-19 13:00:00+00:00,0.029554070543563165
2023-07-19 14:00:00+00:00,0.04612918881171157
2023-07-19 15:00:00+00:00,0.04853215222604935
2023-07-19 16:00:00+00:00,0.04837424499943713
2023-07-19 17:00:00+00:00,0.048096440465647795
2023-07-19 18:00:00+00:00,0.04858946610310397
2023-07-19 19:00:00+00:00,0.04752042314720576
2023-07-19 20:00:00+00:00,0.04582519734075629
2023-07-19 21:00:00+00:00,0.04201853920379871
2023-07-19 22:00:00+00:00,0.03726701288954378
2023-07-19 23:00:00+00:00,0.030506587849956763
2023-07-20 00:00:00+00:00,0.021376006260981465
2023-07-20 01:00:00+00:00,0.008964526009068354
2023-07-20 02:00:00+00:00,9.600722462633875e-05
2023-07-20 03:00:00+00:00,0.0
2023-07-20 04:00:00+00:00,0.0
2023-07-20 05:00:00+00:00,0.0
2023-07-20 06:00:00+00:00,0.0
2023-07-20 07:00:00+00:00,0.0
2023-07-20 08:00:00+00:00,0.0
2023-07-20 09:00:00+00:00,0.0
2023-07-20 10:00:00+00:00,0.0
2023-07-20 11:00:00+00:00,0.0
2023-07-20 12:00:00+00:00,0.00031582934878507173
2023-07-20 13:00:00+00:00,0.02896685564714627
2023-07-20 14:00:00+00:00,0.04685210728285044
2023-07-20 15:00:00+00:00,0.04879860546068549
2023-07-20 16:00:00+00:00,0.04918687725046347
2023-07-20 17:00:00+00:00,0.048934570380457565
2023-07-20 18:00:00+00:00,0.04844161477177937
2023-07-20 19:00:00+00:00,0.047518715232567975
2023-07-20 20:00:00+00:00,0.045662888968433575
2023-07-20 21:00:00+00:00,0.04296485324583497
2023-07-20 22:00:00+00:00,0.0377394605656896
2023-07-20 23:00:00+00:00,0.03049159387631303
2023-07-21 00:00:00+00:00,0.020368662546777706
2023-07-21 01:00:00+00:00,0.007812029797302208
2023-07-21 02:00:00+00:00,8.73636555085425e-05
2023-07-21 03:00:00+00:00,0.0
2023-07-21 04:00:00+00:00,0.0
2023-07-21 05:00:00+00:00,0.0
2023-07-21 06:00:00+00:00,0.0
2023-07-21 07:00:00+00:00,0.0
2023-07-21 08:00:00+00:00,0.0
2023-07-21 09:00:00+00:00,0.0
2023-07-21 10:00:00+00:00,0.0
2023-07-21 11:00:00+00:00,0.0
2023-07-21 12:00:00+00:00,0.0003144627562180867
2023-07-21 13:00:00+00:00,0.02802675458559231
2023-07-21 14:00:00+00:00,0.046241147828078
2023-07-21 15:00:00+00:00,0.04819691213824313
2023-07-21 16:00:00+00:00,0.04839825909401554
2023-07-21 17:00:00+00:00,0.048586502325259254
2023-07-21 18:00:00+00:00,0.04896729199034767
2023-07-21 19:00:00+00:00,0.047134192654691806
2023-07-21 20:00:00+00:00,0.045675028592490605
2023-07-21 21:00:00+00:00,0.04303307206707082
2023-07-21 22:00:00+00:00,0.03789773413458344
2023-07-21 23:00:00+00:00,0.031401146451561626
2023-07-22 00:00:00+00:00,0.021892341438654896
2023-07-22 01:00:00+00:00,0.008661892444538294
2023-07-22 02:00:00+00:00,8.112196060439022e-05
2023-07-22 03:00:00+00:00,0.0
2023-07-22 04:00:00+00:00,0.0
2023-07-22 05:00:00+00:00,0.0
2023-07-22 06:00:00+00:00,0.0
2023-07-22 07:00:00+00:00,0.0
2023-07-22 08:00:00+00:00,0.0
2023-07-22 09:00:00+00:00,0.0
2023-07-22 10:00:00+00:00,0.0
2023-07-22 11:00:00+00:00,0.0
2023-07-22 12:00:00+00:00,0.00025181610861174295
2023-07-22 13:00:00+00:00,0.02723931902806361
2023-07-22 14:00:00+00:00,0.044351818139487215
2023-07-22 15:00:00+00:00,0.04698078960342865
2023-07-22 16:00:00+00:00,0.047307319513385036
2023-07-22 17:00:00+00:00,0.0478066249474127
2023-07-22 18:00:00+00:00,0.04860903121460401
2023-07-22 19:00:00+00:00,0.047486665963566176
2023-07-22 20:00:00+00:00,0.04520054739101011
2023-07-22 21:00:00+00:00,0.04113111727709244
2023-07-22 22:00:00+00:00,0.03659279465604937
2023-07-22 23:00:00+00:00,0.02882801839411471
2023-07-23 00:00:00+00:00,0.019700814770725727
2023-07-23 01:00:00+00:00,0.007244089487038815
2023-07-23 02:00:00+00:00,6.096435452942968e-05
2023-07-23 03:00:00+00:00,0.0
2023-07-23 04:00:00+00:00,0.0
2023-07-23 05:00:00+00:00,0.0
2023-07-23 06:00:00+00:00,0.0
2023-07-23 07:00:00+00:00,0.0
2023-07-23 08:00:00+00:00,0.0
2023-07-23 09:00:00+00:00,0.0
2023-07-23 10:00:00+00:00,0.0
2023-07-23 11:00:00+00:00,0.0
2023-07-23 12:00:00+00:00,0.00021924217112520689
2023-07-23 13:00:00+00:00,0.026675699050008748
2023-07-23 14:00:00+00:00,0.044989697163337054
2023-07-23 15:00:00+00:00,0.04778404709353092
2023-07-23 16:00:00+00:00,0.04872489120252678
2023-07-23 17:00:00+00:00,0.04877185799947436
2023-07-23 18:00:00+00:00,0.04810986126257868
2023-07-23 19:00:00+00:00,0.0465833689536164
2023-07-23 20:00:00+00:00,0.04483380409647273
2023-07-23 21:00:00+00:00,0.041061348442731044
2023-07-23 22:00:00+00:00,0.036665293894151886
2023-07-23 23:00:00+00:00,0.03010603371309136
2023-07-24 00:00:00+00:00,0.020836419121841237
2023-07-24 01:00:00+00:00,0.007781792573111424
2023-07-24 02:00:00+00:00,6.297098407463304e-05
2023-07-24 03:00:00+00:00,0.0
2023-07-24 04:00:00+00:00,0.0
2023-07-24 05:00:00+00:00,0.0
2023-07-24 06:00:00+00:00,0.0
2023-07-24 07:00:00+00:00,0.0
2023-07-24 08:00:00+00:00,0.0
2023-07-24 09:00:00+00:00,0.0
2023-07-24 10:00:00+00:00,0.0
2023-07-24 11:00:00+00:00,0.0
2023-07-24 12:00:00+00:00,0.00019198659744049616
2023-07-24 13:00:00+00:00,0.02722295225560901
2023-07-24 14:00:00+00:00,0.04557830953067545
2023-07-24 15:00:00+00:00,0.0477392259898684
2023-07-24 16:00:00+00:00,0.048444414609671645
2023-07-24 17:00:00+00:00,0.04851726006456661
2023-07-24 18:00:00+00:00,0.04795258211971753
2023-07-24 19:00:00+00:00,0.0464227289223829
2023-07-24 20:00:00+00:00,0.04435129305707944
2023-07-24 21:00:00+00:00,0.0408603365423585
2023-07-24 22:00:00+00:00,0.03599810772911481
2023-07-24 23:00:00+00:00,0.027960473466062077
2023-07-25 00:00:00+00:00,0.019203626686806002
2023-07-25 01:00:00+00:00,0.0067589744959319865
2023-07-25 02:00:00+00:00,4.523955364026058e-05
2023-07-25 03:00:00+00:00,0.0
2023-07-25 04:00:00+00:00,0.0
2023-07-25 05:00:00+00:00,0.0
2023-07-25 06:00:00+00:00,0.0
2023-07-25 07:00:00+00:00,0.0
2023-07-25 08:00:00+00:00,0.0
2023-07-25 09:00:00+00:00,0.0
2023-07-25 10:00:00+00:00,0.0
2023-07-25 11:00:00+00:00,0.0
2023-07-25 12:00:00+00:00,0.00016583777951943848
2023-07-25 13:00:00+00:00,0.025697071334898635
2023-07-25 14:00:00+00:00,0.04502278172002404
2023-07-25 15:00:00+00:00,0.04812270444488301
2023-07-25 16:00:00+00:00,0.04846063211248871
2023-07-25 17:00:00+00:00,0.04811898677628395
2023-07-25 18:00:00+00:00,0.04829206135285744
2023-07-25 19:00:00+00:00,0.04701941758863282
2023-07-25 20:00:00+00:00,0.0452599169246257
2023-07-25 21:00:00+00:00,0.04051092117886354
2023-07-25 22:00:00+00:00,0.03498187822006107
2023-07-25 23:00:00+00:00,0.028082347044087724
2023-07-26 00:00:00+00:00,0.0184341676987713
2023-07-26 01:00:00+00:00,0.006365870609372418
2023-07-26 02:00:00+00:00,4.3823235207395014e-05
2023-07-26 03:00:00+00:00,0.0
2023-07-26 04:00:00+00:00,0.0
2023-07-26 05:00:00+00:00,0.0
2023-07-26 06:00:00+00:00,0.0
2023-07-26 07:00:00+00:00,0.0
2023-07-26 08:00:00+00:00,0.0
2023-07-26 09:00:00+00:00,0.0
2023-07-26 10:00:00+00:00,0.0
2023-07-26 11:00:00+00:00,0.0
2023-07-26 12:00:00+00:00,0.00014006247792452682
2023-07-26 13:00:00+00:00,0.024925749137159166
2023-07-26 14:00:00+00:00,0.04524440098020913
2023-07-26 15:00:00+00:00,0.04784791581253021
2023-07-26 16:00:00+00:00,0.04812758910449318
2023-07-26 17:00:00+00:00,0.04843760325450836
2023-07-26 18:00:00+00:00,0.04779436834942433
2023-07-26 19:00:00+00:00,0.046403958375561716
2023-07-26 20:00:00+00:00,0.04388598674199168
2023-07-26 21:00:00+00:00,0.03828566514741
2023-07-26 22:00:00+00:00,0.032968294618023836
2023-07-26 23:00:00+00:00,0.02523029024643912
2023-07-27 00:00:00+00:00,0.015625110991411322
2023-07-27 01:00:00+00:00,0.005953941496598293
2023-07-27 02:00:00+00:00,3.390627341127205e-05
2023-07-27 03:00:00+00:00,0.0
2023-07-27 04:00:00+00:00,0.0
2023-07-27 05:00:00+00:00,0.0
2023-07-27 06:00:00+00:00,0.0
2023-07-27 07:00:00+00:00,0.0
2023-07-27 08:00:00+00:00,0.0
2023-07-27 09:00:00+00:00,0.0
2023-07-27 10:00:00+00:00,0.0
2023-07-27 11:00:00+00:00,0.0
2023-07-27 12:00:00+00:00,0.00011743275266246643
2023-07-27 13:00:00+00:00,0.02225638359649716
2023-07-27 14:00:00+00:00,0.04222415130596315
2023-07-27 15:00:00+00:00,0.046109503412306414
2023-07-27 16:00:00+00:00,0.047559682037081136
2023-07-27 17:00:00+00:00,0.04748321772184743
2023-07-27 18:00:00+00:00,0.045966569126609964
2023-07-27 19:00:00+00:00,0.04540194721585731
2023-07-27 20:00:00+00:00,0.04244809867801536
2023-07-27 21:00:00+00:00,0.03846089290222901
2023-07-27 22:00:00+00:00,0.03451804309381728
2023-07-27 23:00:00+00:00,0.027534872296692266
2023-07-28 00:00:00+00:00,0.01770408576013181
2023-07-28 01:00:00+00:00,0.006298575722764505
2023-07-28 02:00:00+00:00,3.3225234225242644e-05
2023-07-28 03:00:00+00:00,0.0
2023-07-28 04:00:00+00:00,0.0
2023-07-28 05:00:00+00:00,0.0
2023-07-28 06:00:00+00:00,0.0
2023-07-28 07:00:00+00:00,0.0
2023-07-28 08:00:00+00:00,0.0
2023-07-28 09:00:00+00:00,0.0
2023-07-28 10:00:00+00:00,0.0
2023-07-28 11:00:00+00:00,0.0
2023-07-28 12:00:00+00:00,7.86598892556943e-05
2023-07-28 13:00:00+00:00,0.024698429606221612
2023-07-28 14:00:00+00:00,0.04429972627813835
2023-07-28 15:00:00+00:00,0.047477412500876046
2023-07-28 16:00:00+00:00,0.04820311259431414
2023-07-28 17:00:00+00:00,0.0479859032598449
2023-07-28 18:00:00+00:00,0.04625995548991287
2023-07-28 19:00:00+00:00,0.04478131794180537
2023-07-28 20:00:00+00:00,0.04177455529186411
2023-07-28 21:00:00+00:00,0.03917337170207111
2023-07-28 22:00:00+00:00,0.03327088158797459
2023-07-28 23:00:00+00:00,0.027311031340737774
2023-07-29 00:00:00+00:00,0.018597274276990223
2023-07-29 01:00:00+00:00,0.006880390881463626
2023-07-29 02:00:00+00:00,2.7543629107188256e-05
2023-07-29 03:00:00+00:00,0.0
2023-07-29 04:00:00+00:00,0.0
2023-07-29 05:00:00+00:00,0.0
2023-07-29 06:00:00+00:00,0.0
2023-07-29 07:00:00+00:00,0.0
2023-07-29 08:00:00+00:00,0.0
2023-07-29 09:00:00+00:00,0.0
2023-07-29 10:00:00+00:00,0.0
2023-07-29 11:00:00+00:00,0.0
2023-07-29 12:00:00+00:00,6.210750616724453e-05
2023-07-29 13:00:00+00:00,0.022457585259478077
2023-07-29 14:00:00+00:00,0.04177071960348373
2023-07-29 15:00:00+00:00,0.04578957314438823
2023-07-29 16:00:00+00:00,0.04664974696902568
2023-07-29 17:00:00+00:00,0.04717283166564747
2023-07-29 18:00:00+00:00,0.045572755691716295
2023-07-29 19:00:00+00:00,0.04536642239040175
2023-07-29 20:00:00+00:00,0.042893098347751735
2023-07-29 21:00:00+00:00,0.04015997917208025
2023-07-29 22:00:00+00:00,0.03642337841577762
2023-07-29 23:00:00+00:00,0.028574921133073725
2023-07-30 00:00:00+00:00,0.01903598309776796
2023-07-30 01:00:00+00:00,0.006691603130222593
2023-07-30 02:00:00+00:00,2.435466774494842e-05
2023-07-30 03:00:00+00:00,0.0
2023-07-30 04:00:00+00:00,0.0
2023-07-30 05:00:00+00:00,0.0
2023-07-30 06:00:00+00:00,0.0
2023-07-30 07:00:00+00:00,0.0
2023-07-30 08:00:00+00:00,0.0
2023-07-30 09:00:00+00:00,0.0
2023-07-30 10:00:00+00:00,0.0
2023-07-30 11:00:00+00:00,0.0
2023-07-30 12:00:00+00:00,4.277589218059251e-05
2023-07-30 13:00:00+00:00,0.021825105256432973
2023-07-30 14:00:00+00:00,0.04166206265948068
2023-07-30 15:00:00+00:00,0.04449282009533854
2023-07-30 16:00:00+00:00,0.046036908337478324
2023-07-30 17:00:00+00:00,0.04721474707602715
2023-07-30 18:00:00+00:00,0.0465161366640331
2023-07-30 19:00:00+00:00,0.04590601559471089
2023-07-30 20:00:00+00:00,0.04299770769315475
2023-07-30 21:00:00+00:00,0.04001769665040535
2023-07-30 22:00:00+00:00,0.03562661723956294
2023-07-30 23:00:00+00:00,0.027966697814255644
2023-07-31 00:00:00+00:00,0.018038710653156063
2023-07-31 01:00:00+00:00,0.006065064222641621
2023-07-31 02:00:00+00:00,2.3661304555570185e-05
2023-07-31 03:00:00+00:00,0.0
2023-07-31 04:00:00+00:00,0.0
2023-07-31 05:00:00+00:00,0.0
2023-07-31 06:00:00+00:00,0.0
2023-07-31 07:00:00+00:00,0.0
2023-07-31 08:00:00+00:00,0.0
2023-07-31 09:00:00+00:00,0.0
2023-07-31 10:00:00+00:00,0.0
2023-07-31 11:00:00+00:00,0.0
2023-07-31 12:00:00+00:00,1.780707524738076e-05
2023-07-31 13:00:00+00:00,0.02217642331164529
2023-07-31 14:00:00+00:00,0.04120442394385004
2023-07-31 15:00:00+00:00,0.04448079268698093
2023-07-31 16:00:00+00:00,0.04584885378800819
2023-07-31 17:00:00+00:00,0.045466657353333426
2023-07-31 18:00:00+00:00,0.044925970793988614
2023-07-31 19:00:00+00:00,0.0441228380632766
2023-07-31 20:00:00+00:00,0.043099769958122695
2023-07-31 21:00:00+00:00,0.039988373676484994
2023-07-31 22:00:00+00:00,0.03409041551520268
2023-07-31 23:00:00+00:00,0.02707311632077885
2023-08-01 00:00:00+00:00,0.019300352942222716
2023-08-01 01:00:00+00:00,0.006337867495611101
2023-08-01 02:00:00+00:00,1.7324887178736964e-05
2023-08-01 03:00:00+00:00,0.0
2023-08-01 04:00:00+00:00,0.0
2023-08-01 05:00:00+00:00,0.0
2023-08-01 06:00:00+00:00,0.0
2023-08-01 07:00:00+00:00,0.0
2023-08-01 08:00:00+00:00,0.0
2023-08-01 09:00:00+00:00,0.0
2023-08-01 10:00:00+00:00,0.0
2023-08-01 11:00:00+00:00,0.0
2023-08-01 12:00:00+00:00,0.0
2023-08-01 13:00:00+00:00,0.022907093485837058
2023-08-01 14:00:00+00:00,0.04353035891343869
2023-08-01 15:00:00+00:00,0.046043500520246604
2023-08-01 16:00:00+00:00,0.04663338940157138
2023-08-01 17:00:00+00:00,0.04681770117572728
2023-08-01 18:00:00+00:00,0.04650351797017172
2023-08-01 19:00:00+00:00,0.04571525410969567
2023-08-01 20:00:00+00:00,0.042412940613253854
2023-08-01 21:00:00+00:00,0.03913634245789685
2023-08-01 22:00:00+00:00,0.03399148524564008
2023-08-01 23:00:00+00:00,0.026860182941811153
2023-08-02 00:00:00+00:00,0.016958923563646592
2023-08-02 01:00:00+00:00,0.005440562244428719
2023-08-02 02:00:00+00:00,1.536127183180607e-05
2023-08-02 03:00:00+00:00,0.0
2023-08-02 04:00:00+00:00,0.0
2023-08-02 05:00:00+00:00,0.0
2023-08-02 06:00:00+00:00,0.0
2023-08-02 07:00:00+00:00,0.0
2023-08-02 08:00:00+00:00,0.0
2023-08-02 09:00:00+00:00,0.0
2023-08-02 10:00:00+00:00,0.0
2023-08-02 11:00:00+00:00,0.0
2023-08-02 12:00:00+00:00,0.0
2023-08-02 13:00:00+00:00,0.024529488024559856
2023-08-02 14:00:00+00:00,0.04490261761455902
2023-08-02 15:00:00+00:00,0.04771528218446954
2023-08-02 16:00:00+00:00,0.0477846445600554
2023-08-02 17:00:00+00:00,0.047990770320632384
2023-08-02 18:00:00+00:00,0.04770072102284486
2023-08-02 19:00:00+00:00,0.046600828945426165
2023-08-02 20:00:00+00:00,0.04289850170304051
2023-08-02 21:00:00+00:00,0.039817525767692465
2023-08-02 22:00:00+00:00,0.03420647512610193
2023-08-02 23:00:00+00:00,0.025960612493024827
2023-08-03 00:00:00+00:00,0.01647944038900479
2023-08-03 01:00:00+00:00,0.005438920574162921
2023-08-03 02:00:00+00:00,1.2970887336599627e-05
2023-08-03 03:00:00+00:00,0.0
2023-08-03 04:00:00+00:00,0.0
2023-08-03 05:00:00+00:00,0.0
2023-08-03 06:00:00+00:00,0.0
2023-08-03 07:00:00+00:00,0.0
2023-08-03 08:00:00+00:00,0.0
2023-08-03 09:00:00+00:00,0.0
2023-08-03 10:00:00+00:00,0.0
2023-08-03 11:00:00+00:00,0.0
2023-08-03 12:00:00+00:00,0.0
2023-08-03 13:00:00+00:00,0.020791024344948776
2023-08-03 14:00:00+00:00,0.041795692198530465
2023-08-03 15:00:00+00:00,0.0456446913871634
2023-08-03 16:00:00+00:00,0.04724730155203629
2023-08-03 17:00:00+00:00,0.0479227815943625
2023-08-03 18:00:00+00:00,0.047021414902922436
2023-08-03 19:00:00+00:00,0.045388840000347395
2023-08-03 20:00:00+00:00,0.042939880663642425
2023-08-03 21:00:00+00:00,0.04043766707366548
2023-08-03 22:00:00+00:00,0.03538582644039509
2023-08-03 23:00:00+00:00,0.027261116176444264
2023-08-04 00:00:00+00:00,0.018992787726809457
2023-08-04 01:00:00+00:00,0.005742883917393459
2023-08-04 02:00:00+00:00,9.497429343538184e-06
2023-08-04 03:00:00+00:00,0.0
2023-08-04 04:00:00+00:00,0.0
2023-08-04 05:00:00+00:00,0.0
2023-08-04 06:00:00+00:00,0.0
2023-08-04 07:00:00+00:00,0.0
2023-08-04 08:00:00+00:00,0.0
2023-08-04 09:00:00+00:00,0.0
2023-08-04 10:00:00+00:00,0.0
2023-08-04 11:00:00+00:00,0.0
2023-08-04 12:00:00+00:00,0.0
2023-08-04 13:00:00+00:00,0.024152195299810157
2023-08-04 14:00:00+00:00,0.04509382996869441
2023-08-04 15:00:00+00:00,0.04812509777033914
2023-08-04 16:00:00+00:00,0.04851286748443382
2023-08-04 17:00:00+00:00,0.04854809034735914
2023-08-04 18:00:00+00:00,0.04754269521214108
2023-08-04 19:00:00+00:00,0.04648204370359537
2023-08-04 20:00:00+00:00,0.04417253007348322
2023-08-04 21:00:00+00:00,0.042045556098393444
2023-08-04 22:00:00+00:00,0.035734700125602634
2023-08-04 23:00:00+00:00,0.028322086438452174
2023-08-05 00:00:00+00:00,0.01843694594570742
2023-08-05 01:00:00+00:00,0.005652782589505736
2023-08-05 02:00:00+00:00,7.849210252215942e-06
2023-08-05 03:00:00+00:00,0.0
2023-08-05 04:00:00+00:00,0.0
2023-08-05 05:00:00+00:00,0.0
2023-08-05 06:00:00+00:00,0.0
2023-08-05 07:00:00+00:00,0.0
2023-08-05 08:00:00+00:00,0.0
2023-08-05 09:00:00+00:00,0.0
2023-08-05 10:00:00+00:00,0.0
2023-08-05 11:00:00+00:00,0.0
2023-08-05 12:00:00+00:00,0.0
2023-08-05 13:00:00+00:00,0.023790448345217555
2023-08-05 14:00:00+00:00,0.04435576740698589
2023-08-05 15:00:00+00:00,0.0468103608470759
2023-08-05 16:00:00+00:00,0.047469860246031434
2023-08-05 17:00:00+00:00,0.04793761263738397
2023-08-05 18:00:00+00:00,0.04765440546726911
2023-08-05 19:00:00+00:00,0.04675860702712382
2023-08-05 20:00:00+00:00,0.04539916539139809
2023-08-05 21:00:00+00:00,0.04235088617418923
2023-08-05 22:00:00+00:00,0.036709975329001804
2023-08-05 23:00:00+00:00,0.02974704754710931
2023-08-06 00:00:00+00:00,0.021049632318421087
2023-08-06 01:00:00+00:00,0.006321518598495687
2023-08-06 02:00:00+00:00,6.428573345713819e-06
2023-08-06 03:00:00+00:00,0.0
2023-08-06 04:00:00+00:00,0.0
2023-08-06 05:00:00+00:00,0.0
2023-08-06 06:00:00+00:00,0.0
2023-08-06 07:00:00+00:00,0.0
2023-08-06 08:00:00+00:00,0.0
2023-08-06 09:00:00+00:00,0.0
2023-08-06 10:00:00+00:00,0.0
2023-08-06 11:00:00+00:00,0.0
2023-08-06 12:00:00+00:00,0.0
2023-08-06 13:00:00+00:00,0.02005959999478522
2023-08-06 14:00:00+00:00,0.041137069360346
2023-08-06 15:00:00+00:00,0.04533602462311584
2023-08-06 16:00:00+00:00,0.04643838235729299
2023-08-06 17:00:00+00:00,0.047780557747979596
2023-08-06 18:00:00+00:00,0.048245309150247814
2023-08-06 19:00:00+00:00,0.04720289523423063
2023-08-06 20:00:00+00:00,0.04560318386441429
2023-08-06 21:00:00+00:00,0.04280809932841057
2023-08-06 22:00:00+00:00,0.03705760023191585
2023-08-06 23:00:00+00:00,0.029786796254283
2023-08-07 00:00:00+00:00,0.021796464381968854
2023-08-07 01:00:00+00:00,0.006306496135612364
2023-08-07 02:00:00+00:00,5.0303305376968236e-06
2023-08-07 03:00:00+00:00,0.0
2023-08-07 04:00:00+00:00,0.0
2023-08-07 05:00:00+00:00,0.0
2023-08-07 06:00:00+00:00,0.0
2023-08-07 07:00:00+00:00,0.0
2023-08-07 08:00:00+00:00,0.0
2023-08-07 09:00:00+00:00,0.0
2023-08-07 10:00:00+00:00,0.0
2023-08-07 11:00:00+00:00,0.0
2023-08-07 12:00:00+00:00,0.0
2023-08-07 13:00:00+00:00,0.021966818221783476
2023-08-07 14:00:00+00:00,0.044638465047481625
2023-08-07 15:00:00+00:00,0.04830872300071105
2023-08-07 16:00:00+00:00,0.048828337381126546
2023-08-07 17:00:00+00:00,0.04883503570593679
2023-08-07 18:00:00+00:00,0.047541746856239187
2023-08-07 19:00:00+00:00,0.0451856087263127
2023-08-07 20:00:00+00:00,0.042160971992331965
2023-08-07 21:00:00+00:00,0.03903024046700245
2023-08-07 22:00:00+00:00,0.034201130810187684
2023-08-07 23:00:00+00:00,0.02782983304706591
2023-08-08 00:00:00+00:00,0.018368195114105427
2023-08-08 01:00:00+00:00,0.004937562460016531
2023-08-08 02:00:00+00:00,3.508088975964382e-06
2023-08-08 03:00:00+00:00,0.0
2023-08-08 04:00:00+00:00,0.0
2023-08-08 05:00:00+00:00,0.0
2023-08-08 06:00:00+00:00,0.0
2023-08-08 07:00:00+00:00,0.0
2023-08-08 08:00:00+00:00,0.0
2023-08-08 09:00:00+00:00,0.0
2023-08-08 10:00:00+00:00,0.0
2023-08-08 11:00:00+00:00,0.0
2023-08-08 12:00:00+00:00,0.0
2023-08-08 13:00:00+00:00,0.020005755452604128
2023-08-08 14:00:00+00:00,0.042200386532212024
2023-08-08 15:00:00+00:00,0.04718566402530869
2023-08-08 16:00:00+00:00,0.048580234500547805
2023-08-08 17:00:00+00:00,0.048531047506901945
2023-08-08 18:00:00+00:00,0.04782454189607057
2023-08-08 19:00:00+00:00,0.04715160235210867
2023-08-08 20:00:00+00:00,0.04565498477839208
2023-08-08 21:00:00+00:00,0.041461366915382665
2023-08-08 22:00:00+00:00,0.037057058337542255
2023-08-08 23:00:00+00:00,0.029000475552516544
2023-08-09 00:00:00+00:00,0.017602406156108197
2023-08-09 01:00:00+00:00,0.004607130621585568
2023-08-09 02:00:00+00:00,2.7802157760604368e-06
2023-08-09 03:00:00+00:00,0.0
2023-08-09 04:00:00+00:00,0.0
2023-08-09 05:00:00+00:00,0.0
2023-08-09 06:00:00+00:00,0.0
2023-08-09 07:00:00+00:00,0.0
2023-08-09 08:00:00+00:00,0.0
2023-08-09 09:00:00+00:00,0.0
2023-08-09 10:00:00+00:00,0.0
2023-08-09 11:00:00+00:00,0.0
2023-08-09 12:00:00+00:00,0.0
2023-08-09 13:00:00+00:00,0.02291061746373777
2023-08-09 14:00:00+00:00,0.04649476659572242
2023-08-09 15:00:00+00:00,0.04900983537996828
2023-08-09 16:00:00+00:00,0.04918519851488107
2023-08-09 17:00:00+00:00,0.04914491567275421
2023-08-09 18:00:00+00:00,0.048560590877469285
2023-08-09 19:00:00+00:00,0.048112120688384954
2023-08-09 20:00:00+00:00,0.045942139432231154
2023-08-09 21:00:00+00:00,0.04371430274097282
2023-08-09 22:00:00+00:00,0.038283824307277586
2023-08-09 23:00:00+00:00,0.0312477316166956
2023-08-10 00:00:00+00:00,0.020691504183991783
2023-08-10 01:00:00+00:00,0.005411288786722946
2023-08-10 02:00:00+00:00,1.9328336858908166e-06
2023-08-10 03:00:00+00:00,0.0
2023-08-10 04:00:00+00:00,0.0
2023-08-10 05:00:00+00:00,0.0
2023-08-10 06:00:00+00:00,0.0
2023-08-10 07:00:00+00:00,0.0
2023-08-10 08:00:00+00:00,0.0
2023-08-10 09:00:00+00:00,0.0
2023-08-10 10:00:00+00:00,0.0
2023-08-10 11:00:00+00:00,0.0
2023-08-10 12:00:00+00:00,0.0
2023-08-10 13:00:00+00:00,0.02226341986070293
2023-08-10 14:00:00+00:00,0.04555115630552998
2023-08-10 15:00:00+00:00,0.048500829925569276
2023-08-10 16:00:00+00:00,0.04892018921774807
2023-08-10 17:00:00+00:00,0.048721945765686704
2023-08-10 18:00:00+00:00,0.04877248304087374
2023-08-10 19:00:00+00:00,0.048227355293655655
2023-08-10 20:00:00+00:00,0.04664449316550868
2023-08-10 21:00:00+00:00,0.04291150198022082
2023-08-10 22:00:00+00:00,0.03736233879610455
2023-08-10 23:00:00+00:00,0.029658782663886458
2023-08-11 00:00:00+00:00,0.019436605976918372
2023-08-11 01:00:00+00:00,0.0045726106579550745
2023-08-11 02:00:00+00:00,1.108753123998935e-06
2023-08-11 03:00:00+00:00,0.0
2023-08-11 04:00:00+00:00,0.0
2023-08-11 05:00:00+00:00,0.0
2023-08-11 06:00:00+00:00,0.0
2023-08-11 07:00:00+00:00,0.0
2023-08-11 08:00:00+00:00,0.0
2023-08-11 09:00:00+00:00,0.0
2023-08-11 10:00:00+00:00,0.0
2023-08-11 11:00:00+00:00,0.0
2023-08-11 12:00:00+00:00,0.0
2023-08-11 13:00:00+00:00,0.01853092643357617
2023-08-11 14:00:00+00:00,0.04109428463540887
2023-08-11 15:00:00+00:00,0.044822444947206455
2023-08-11 16:00:00+00:00,0.047099736310440926
2023-08-11 17:00:00+00:00,0.046730650931183226
2023-08-11 18:00:00+00:00,0.04852882117988467
2023-08-11 19:00:00+00:00,0.046676124321259886
2023-08-11 20:00:00+00:00,0.04423035663922645
2023-08-11 21:00:00+00:00,0.040954192104377445
2023-08-11 22:00:00+00:00,0.03570949706466894
2023-08-11 23:00:00+00:00,0.02678536082183127
2023-08-12 00:00:00+00:00,0.01728344176895381
2023-08-12 01:00:00+00:00,0.004297590303846168
2023-08-12 02:00:00+00:00,7.537339964496044e-07
2023-08-12 03:00:00+00:00,0.0
2023-08-12 04:00:00+00:00,0.0
2023-08-12 05:00:00+00:00,0.0
2023-08-12 06:00:00+00:00,0.0
2023-08-12 07:00:00+00:00,0.0
2023-08-12 08:00:00+00:00,0.0
2023-08-12 09:00:00+00:00,0.0
2023-08-12 10:00:00+00:00,0.0
2023-08-12 11:00:00+00:00,0.0
2023-08-12 12:00:00+00:00,0.0
2023-08-12 13:00:00+00:00,0.0177364264886857
2023-08-12 14:00:00+00:00,0.041710547819698185
2023-08-12 15:00:00+00:00,0.04659121343862763
2023-08-12 16:00:00+00:00,0.04777634183094805
2023-08-12 17:00:00+00:00,0.04760305696092416
2023-08-12 18:00:00+00:00,0.046206012553837036
2023-08-12 19:00:00+00:00,0.044931167849948044
2023-08-12 20:00:00+00:00,0.04348314546498014
2023-08-12 21:00:00+00:00,0.038657525114322994
2023-08-12 22:00:00+00:00,0.032535125433627805
2023-08-12 23:00:00+00:00,0.026422565516142117
2023-08-13 00:00:00+00:00,0.016310575222736767
2023-08-13 01:00:00+00:00,0.004251905159837099
2023-08-13 02:00:00+00:00,5.147396952524208e-07
2023-08-13 03:00:00+00:00,0.0
2023-08-13 04:00:00+00:00,0.0
2023-08-13 05:00:00+00:00,0.0
2023-08-13 06:00:00+00:00,0.0
2023-08-13 07:00:00+00:00,0.0
2023-08-13 08:00:00+00:00,0.0
2023-08-13 09:00:00+00:00,0.0
2023-08-13 10:00:00+00:00,0.0
2023-08-13 11:00:00+00:00,0.0
2023-08-13 12:00:00+00:00,0.0
2023-08-13 13:00:00+00:00,0.018255619838129403
2023-08-13 14:00:00+00:00,0.04213765092043267
2023-08-13 15:00:00+00:00,0.045276833953554106
2023-08-13 16:00:00+00:00,0.04540581378383844
2023-08-13 17:00:00+00:00,0.045418621831047536
2023-08-13 18:00:00+00:00,0.04574961391417438
2023-08-13 19:00:00+00:00,0.04389912533807474
2023-08-13 20:00:00+00:00,0.04097701687740045
2023-08-13 21:00:00+00:00,0.036754652500074786
2023-08-13 22:00:00+00:00,0.03189650433702366
2023-08-13 23:00:00+00:00,0.023789158362514034
2023-08-14 00:00:00+00:00,0.015234480986842708
2023-08-14 01:00:00+00:00,0.0036983975112755995
2023-08-14 02:00:00+00:00,2.0828913707034348e-07
2023-08-14 03:00:00+00:00,0.0
2023-08-14 04:00:00+00:00,0.0
2023-08-14 05:00:00+00:00,0.0
2023-08-14 06:00:00+00:00,0.0
2023-08-14 07:00:00+00:00,0.0
2023-08-14 08:00:00+00:00,0.0
2023-08-14 09:00:00+00:00,0.0
2023-08-14 10:00:00+00:00,0.0
2023-08-14 11:00:00+00:00,0.0
2023-08-14 12:00:00+00:00,0.0
2023-08-14 13:00:00+00:00,0.01285492347956208
2023-08-14 14:00:00+00:00,0.03328360844634854
2023-08-14 15:00:00+00:00,0.03589192245174885
2023-08-14 16:00:00+00:00,0.03816582405581279
2023-08-14 17:00:00+00:00,0.03947310587010665
2023-08-14 18:00:00+00:00,0.041138162390883526
2023-08-14 19:00:00+00:00,0.04199329887636586
2023-08-14 20:00:00+00:00,0.04102190772597564
2023-08-14 21:00:00+00:00,0.037546649018438356
2023-08-14 22:00:00+00:00,0.03360704773158842
2023-08-14 23:00:00+00:00,0.02669548602329489
2023-08-15 00:00:00+00:00,0.018310828799707905
2023-08-15 01:00:00+00:00,0.003890696967491852
2023-08-15 02:00:00+00:00,1.3560748566679653e-07
2023-08-15 03:00:00+00:00,0.0
2023-08-15 04:00:00+00:00,0.0
2023-08-15 05:00:00+00:00,0.0
2023-08-15 06:00:00+00:00,0.0
2023-08-15 07:00:00+00:00,0.0
2023-08-15 08:00:00+00:00,0.0
2023-08-15 09:00:00+00:00,0.0
2023-08-15 10:00:00+00:00,0.0
2023-08-15 11:00:00+00:00,0.0
2023-08-15 12:00:00+00:00,0.0
2023-08-15 13:00:00+00:00,0.01850112088529529
2023-08-15 14:00:00+00:00,0.04256020747111215
2023-08-15 15:00:00+00:00,0.044915754019431146
2023-08-15 16:00:00+00:00,0.0457300664525576
2023-08-15 17:00:00+00:00,0.045801271957234664
2023-08-15 18:00:00+00:00,0.04622523089551587
2023-08-15 19:00:00+00:00,0.045233022370466974
2023-08-15 20:00:00+00:00,0.04368767906951954
2023-08-15 21:00:00+00:00,0.04088094122575485
2023-08-15 22:00:00+00:00,0.03613952989365765
2023-08-15 23:00:00+00:00,0.029528932182934977
2023-08-16 00:00:00+00:00,0.019664657088139675
2023-08-16 01:00:00+00:00,0.0041169284054446385
2023-08-16 02:00:00+00:00,3.41880708483198e-08
2023-08-16 03:00:00+00:00,0.0
2023-08-16 04:00:00+00:00,0.0
2023-08-16 05:00:00+00:00,0.0
2023-08-16 06:00:00+00:00,0.0
2023-08-16 07:00:00+00:00,0.0
2023-08-16 08:00:00+00:00,0.0
2023-08-16 09:00:00+00:00,0.0
2023-08-16 10:00:00+00:00,0.0
2023-08-16 11:00:00+00:00,0.0
2023-08-16 12:00:00+00:00,0.0
2023-08-16 13:00:00+00:00,0.019905856841996954
2023-08-16 14:00:00+00:00,0.04489209613806819
2023-08-16 15:00:00+00:00,0.04777874333852974
2023-08-16 16:00:00+00:00,0.04855356374357971
2023-08-16 17:00:00+00:00,0.04865431275416596
2023-08-16 18:00:00+00:00,0.04826055969786181
2023-08-16 19:00:00+00:00,0.04781181714249504
2023-08-16 20:00:00+00:00,0.04542198995338653
2023-08-16 21:00:00+00:00,0.0411174969447543
2023-08-16 22:00:00+00:00,0.036377718823171146
2023-08-16 23:00:00+00:00,0.02943562744662011
2023-08-17 00:00:00+00:00,0.016316166708560082
2023-08-17 01:00:00+00:00,0.003395336913329906
2023-08-17 02:00:00+00:00,3.4195561575618113e-08
2023-08-17 03:00:00+00:00,0.0
2023-08-17 04:00:00+00:00,0.0
2023-08-17 05:00:00+00:00,0.0
2023-08-17 06:00:00+00:00,0.0
2023-08-17 07:00:00+00:00,0.0
2023-08-17 08:00:00+00:00,0.0
2023-08-17 09:00:00+00:00,0.0
2023-08-17 10:00:00+00:00,0.0
2023-08-17 11:00:00+00:00,0.0
2023-08-17 12:00:00+00:00,0.0
2023-08-17 13:00:00+00:00,0.017614938991745127
2023-08-17 14:00:00+00:00,0.04013516487724465
2023-08-17 15:00:00+00:00,0.04541326320423524
2023-08-17 16:00:00+00:00,0.047104589047616295
2023-08-17 17:00:00+00:00,0.04649505500175847
2023-08-17 18:00:00+00:00,0.04842553694515646
2023-08-17 19:00:00+00:00,0.046548311278516205
2023-08-17 20:00:00+00:00,0.0441107938678254
2023-08-17 21:00:00+00:00,0.04023133520033195
2023-08-17 22:00:00+00:00,0.035273575052715424
2023-08-17 23:00:00+00:00,0.0274558439341372
2023-08-18 00:00:00+00:00,0.016714075451157242
2023-08-18 01:00:00+00:00,0.003317711643072878
2023-08-18 02:00:00+00:00,0.0
2023-08-18 03:00:00+00:00,0.0
2023-08-18 04:00:00+00:00,0.0
2023-08-18 05:00:00+00:00,0.0
2023-08-18 06:00:00+00:00,0.0
2023-08-18 07:00:00+00:00,0.0
2023-08-18 08:00:00+00:00,0.0
2023-08-18 09:00:00+00:00,0.0
2023-08-18 10:00:00+00:00,0.0
2023-08-18 11:00:00+00:00,0.0
2023-08-18 12:00:00+00:00,0.0
2023-08-18 13:00:00+00:00,0.020400941464747524
2023-08-18 14:00:00+00:00,0.045598240992598994
2023-08-18 15:00:00+00:00,0.04844330329285732
2023-08-18 16:00:00+00:00,0.048454988497228624
2023-08-18 17:00:00+00:00,0.0488694200834348
2023-08-18 18:00:00+00:00,0.048198488171432206
2023-08-18 19:00:00+00:00,0.047216465203684395
2023-08-18 20:00:00+00:00,0.04623276166041525
2023-08-18 21:00:00+00:00,0.04360979892801036
2023-08-18 22:00:00+00:00,0.03859382146924648
2023-08-18 23:00:00+00:00,0.031158010404851295
2023-08-19 00:00:00+00:00,0.01989302605327875
2023-08-19 01:00:00+00:00,0.0035713784178025604
2023-08-19 02:00:00+00:00,0.0
2023-08-19 03:00:00+00:00,0.0
2023-08-19 04:00:00+00:00,0.0
2023-08-19 05:00:00+00:00,0.0
2023-08-19 06:00:00+00:00,0.0
2023-08-19 07:00:00+00:00,0.0
2023-08-19 08:00:00+00:00,0.0
2023-08-19 09:00:00+00:00,0.0
2023-08-19 10:00:00+00:00,0.0
2023-08-19 11:00:00+00:00,0.0
2023-08-19 12:00:00+00:00,0.0
2023-08-19 13:00:00+00:00,0.01950556361423076
2023-08-19 14:00:00+00:00,0.044942712192559235
2023-08-19 15:00:00+00:00,0.0478065409876348
2023-08-19 16:00:00+00:00,0.04807066790249517
2023-08-19 17:00:00+00:00,0.04789390148321103
2023-08-19 18:00:00+00:00,0.04674353962331385
2023-08-19 19:00:00+00:00,0.046174278646420416
2023-08-19 20:00:00+00:00,0.04464996736579455
2023-08-19 21:00:00+00:00,0.04321214928608578
2023-08-19 22:00:00+00:00,0.03948663869267947
2023-08-19 23:00:00+00:00,0.03251954954918433
2023-08-20 00:00:00+00:00,0.021142751706902378
2023-08-20 01:00:00+00:00,0.0034630856236277153
2023-08-20 02:00:00+00:00,0.0
2023-08-20 03:00:00+00:00,0.0
2023-08-20 04:00:00+00:00,0.0
2023-08-20 05:00:00+00:00,0.0
2023-08-20 06:00:00+00:00,0.0
2023-08-20 07:00:00+00:00,0.0
2023-08-20 08:00:00+00:00,0.0
2023-08-20 09:00:00+00:00,0.0
2023-08-20 10:00:00+00:00,0.0
2023-08-20 11:00:00+00:00,0.0
2023-08-20 12:00:00+00:00,0.0
2023-08-20 13:00:00+00:00,0.01893916085317628
2023-08-20 14:00:00+00:00,0.04504048294483537
2023-08-20 15:00:00+00:00,0.047407570670665
2023-08-20 16:00:00+00:00,0.04771557547046132
2023-08-20 17:00:00+00:00,0.047888457062020745
2023-08-20 18:00:00+00:00,0.047509242104165815
2023-08-20 19:00:00+00:00,0.046878761276767114
2023-08-20 20:00:00+00:00,0.04592432399916899
2023-08-20 21:00:00+00:00,0.0436947699620976
2023-08-20 22:00:00+00:00,0.03966461174781745
2023-08-20 23:00:00+00:00,0.032838214152898566
2023-08-21 00:00:00+00:00,0.021347162873253157
2023-08-21 01:00:00+00:00,0.003455937489128647
2023-08-21 02:00:00+00:00,0.0
2023-08-21 03:00:00+00:00,0.0
2023-08-21 04:00:00+00:00,0.0
2023-08-21 05:00:00+00:00,0.0
2023-08-21 06:00:00+00:00,0.0
2023-08-21 07:00:00+00:00,0.0
2023-08-21 08:00:00+00:00,0.0
2023-08-21 09:00:00+00:00,0.0
2023-08-21 10:00:00+00:00,0.0
2023-08-21 11:00:00+00:00,0.0
2023-08-21 12:00:00+00:00,0.0
2023-08-21 13:00:00+00:00,0.018029792090627113
2023-08-21 14:00:00+00:00,0.043980270907608185
2023-08-21 15:00:00+00:00,0.047782937152502
2023-08-21 16:00:00+00:00,0.048507134592514795
2023-08-21 17:00:00+00:00,0.04841047989202488
2023-08-21 18:00:00+00:00,0.04791304323503333
2023-08-21 19:00:00+00:00,0.045629918141728086
2023-08-21 20:00:00+00:00,0.04432993996887731
2023-08-21 21:00:00+00:00,0.04076149801682958
2023-08-21 22:00:00+00:00,0.03650820510789852
2023-08-21 23:00:00+00:00,0.026386992799236897
2023-08-22 00:00:00+00:00,0.014413279044015407
2023-08-22 01:00:00+00:00,0.0022144055939152247
2023-08-22 02:00:00+00:00,0.0
2023-08-22 03:00:00+00:00,0.0
2023-08-22 04:00:00+00:00,0.0
2023-08-22 05:00:00+00:00,0.0
2023-08-22 06:00:00+00:00,0.0
2023-08-22 07:00:00+00:00,0.0
2023-08-22 08:00:00+00:00,0.0
2023-08-22 09:00:00+00:00,0.0
2023-08-22 10:00:00+00:00,0.0
2023-08-22 11:00:00+00:00,0.0
2023-08-22 12:00:00+00:00,0.0
2023-08-22 13:00:00+00:00,0.01671058273940037
2023-08-22 14:00:00+00:00,0.04230557019952236
2023-08-22 15:00:00+00:00,0.046158563229653025
2023-08-22 16:00:00+00:00,0.04705876671434238
2023-08-22 17:00:00+00:00,0.04725320249695292
2023-08-22 18:00:00+00:00,0.046289709023510324
2023-08-22 19:00:00+00:00,0.04587881583806193
2023-08-22 20:00:00+00:00,0.04328229298473436
2023-08-22 21:00:00+00:00,0.039909785192489236
2023-08-22 22:00:00+00:00,0.03540395484677669
2023-08-22 23:00:00+00:00,0.025404053926286085
2023-08-23 00:00:00+00:00,0.015278762213413686
2023-08-23 01:00:00+00:00,0.002046891790339625
2023-08-23 02:00:00+00:00,0.0
2023-08-23 03:00:00+00:00,0.0
2023-08-23 04:00:00+00:00,0.0
2023-08-23 05:00:00+00:00,0.0
2023-08-23 06:00:00+00:00,0.0
2023-08-23 07:00:00+00:00,0.0
2023-08-23 08:00:00+00:00,0.0
2023-08-23 09:00:00+00:00,0.0
2023-08-23 10:00:00+00:00,0.0
2023-08-23 11:00:00+00:00,0.0
2023-08-23 12:00:00+00:00,0.0
2023-08-23 13:00:00+00:00,0.01157953998258269
2023-08-23 14:00:00+00:00,0.0308616612200794
2023-08-23 15:00:00+00:00,0.03568407615854347
2023-08-23 16:00:00+00:00,0.036572433991759065
2023-08-23 17:00:00+00:00,0.03742891891418164
2023-08-23 18:00:00+00:00,0.03684259736099451
2023-08-23 19:00:00+00:00,0.035337249880220994
2023-08-23 20:00:00+00:00,0.03401860546754422
2023-08-23 21:00:00+00:00,0.031372228364745416
2023-08-23 22:00:00+00:00,0.02623478905136237
2023-08-23 23:00:00+00:00,0.018992795739630666
2023-08-24 00:00:00+00:00,0.011476948140549854
2023-08-24 01:00:00+00:00,0.0016111338693037527
2023-08-24 02:00:00+00:00,0.0
2023-08-24 03:00:00+00:00,0.0
2023-08-24 04:00:00+00:00,0.0
2023-08-24 05:00:00+00:00,0.0
2023-08-24 06:00:00+00:00,0.0
2023-08-24 07:00:00+00:00,0.0
2023-08-24 08:00:00+00:00,0.0
2023-08-24 09:00:00+00:00,0.0
2023-08-24 10:00:00+00:00,0.0
2023-08-24 11:00:00+00:00,0.0
2023-08-24 12:00:00+00:00,0.0
2023-08-24 13:00:00+00:00,0.01537575170540087
2023-08-24 14:00:00+00:00,0.04329396685641767
2023-08-24 15:00:00+00:00,0.04758823194258462
2023-08-24 16:00:00+00:00,0.048056745742666315
2023-08-24 17:00:00+00:00,0.047375142684111755
2023-08-24 18:00:00+00:00,0.04568522293436422
2023-08-24 19:00:00+00:00,0.043387909104262684
2023-08-24 20:00:00+00:00,0.04130722182747266
2023-08-24 21:00:00+00:00,0.037539592907543586
2023-08-24 22:00:00+00:00,0.03344154802651304
2023-08-24 23:00:00+00:00,0.0266186469305906
2023-08-25 00:00:00+00:00,0.016857624806596992
2023-08-25 01:00:00+00:00,0.0021267973517388305
2023-08-25 02:00:00+00:00,0.0
2023-08-25 03:00:00+00:00,0.0
2023-08-25 04:00:00+00:00,0.0
2023-08-25 05:00:00+00:00,0.0
2023-08-25 06:00:00+00:00,0.0
2023-08-25 07:00:00+00:00,0.0
2023-08-25 08:00:00+00:00,0.0
2023-08-25 09:00:00+00:00,0.0
2023-08-25 10:00:00+00:00,0.0
2023-08-25 11:00:00+00:00,0.0
2023-08-25 12:00:00+00:00,0.0
2023-08-25 13:00:00+00:00,0.016455995852994197
2023-08-25 14:00:00+00:00,0.044452797402989866
2023-08-25 15:00:00+00:00,0.04695831500761637
2023-08-25 16:00:00+00:00,0.047007839351140834
2023-08-25 17:00:00+00:00,0.04775198339189598
2023-08-25 18:00:00+00:00,0.046893763007188
2023-08-25 19:00:00+00:00,0.04460806104968205
2023-08-25 20:00:00+00:00,0.04241940844239418
2023-08-25 21:00:00+00:00,0.037441485773111044
2023-08-25 22:00:00+00:00,0.03206421988935317
2023-08-25 23:00:00+00:00,0.024740039728274342
2023-08-26 00:00:00+00:00,0.01435757557508735
2023-08-26 01:00:00+00:00,0.0017985657794989565
2023-08-26 02:00:00+00:00,0.0
2023-08-26 03:00:00+00:00,0.0
2023-08-26 04:00:00+00:00,0.0
2023-08-26 05:00:00+00:00,0.0
2023-08-26 06:00:00+00:00,0.0
2023-08-26 07:00:00+00:00,0.0
2023-08-26 08:00:00+00:00,0.0
2023-08-26 09:00:00+00:00,0.0
2023-08-26 10:00:00+00:00,0.0
2023-08-26 11:00:00+00:00,0.0
2023-08-26 12:00:00+00:00,0.0
2023-08-26 13:00:00+00:00,0.011990779413919595
2023-08-26 14:00:00+00:00,0.03700848881675967
2023-08-26 15:00:00+00:00,0.043557674320167585
2023-08-26 16:00:00+00:00,0.044663034676606844
2023-08-26 17:00:00+00:00,0.04621788445294485
2023-08-26 18:00:00+00:00,0.04486502591381053
2023-08-26 19:00:00+00:00,0.04359099608289067
2023-08-26 20:00:00+00:00,0.04133724645110978
2023-08-26 21:00:00+00:00,0.03840998070088451
2023-08-26 22:00:00+00:00,0.03325370391823914
2023-08-26 23:00:00+00:00,0.027248487424639756
2023-08-27 00:00:00+00:00,0.017258030524227672
2023-08-27 01:00:00+00:00,0.001968824107656062
2023-08-27 02:00:00+00:00,0.0
2023-08-27 03:00:00+00:00,0.0
2023-08-27 04:00:00+00:00,0.0
2023-08-27 05:00:00+00:00,0.0
2023-08-27 06:00:00+00:00,0.0
2023-08-27 07:00:00+00:00,0.0
2023-08-27 08:00:00+00:00,0.0
2023-08-27 09:00:00+00:00,0.0
2023-08-27 10:00:00+00:00,0.0
2023-08-27 11:00:00+00:00,0.0
2023-08-27 12:00:00+00:00,0.0
2023-08-27 13:00:00+00:00,0.01429939271409288
2023-08-27 14:00:00+00:00,0.04503188551077208
2023-08-27 15:00:00+00:00,0.048315125440185375
2023-08-27 16:00:00+00:00,0.04871522596588246
2023-08-27 17:00:00+00:00,0.04869434345069207
2023-08-27 18:00:00+00:00,0.046541576779733154
2023-08-27 19:00:00+00:00,0.04580986148179575
2023-08-27 20:00:00+00:00,0.04347725831868224
2023-08-27 21:00:00+00:00,0.040287324980440464
2023-08-27 22:00:00+00:00,0.03708206260220535
2023-08-27 23:00:00+00:00,0.028925099340144006
2023-08-28 00:00:00+00:00,0.017090551785679926
2023-08-28 01:00:00+00:00,0.0019174960083229876
2023-08-28 02:00:00+00:00,0.0
2023-08-28 03:00:00+00:00,0.0
2023-08-28 04:00:00+00:00,0.0
2023-08-28 05:00:00+00:00,0.0
2023-08-28 06:00:00+00:00,0.0
2023-08-28 07:00:00+00:00,0.0
2023-08-28 08:00:00+00:00,0.0
2023-08-28 09:00:00+00:00,0.0
2023-08-28 10:00:00+00:00,0.0
2023-08-28 11:00:00+00:00,0.0
2023-08-28 12:00:00+00:00,0.0
2023-08-28 13:00:00+00:00,0.012811040377711396
2023-08-28 14:00:00+00:00,0.04404930667283399
2023-08-28 15:00:00+00:00,0.04734845948030031
2023-08-28 16:00:00+00:00,0.04760675533878581
2023-08-28 17:00:00+00:00,0.047301962277230845
2023-08-28 18:00:00+00:00,0.04772117483559697
2023-08-28 19:00:00+00:00,0.045922097874394475
2023-08-28 20:00:00+00:00,0.0421043000598587
2023-08-28 21:00:00+00:00,0.03950124508337962
2023-08-28 22:00:00+00:00,0.03465892329065168
2023-08-28 23:00:00+00:00,0.027786063318795004
2023-08-29 00:00:00+00:00,0.01653948828225329
2023-08-29 01:00:00+00:00,0.0017624079649894077
2023-08-29 02:00:00+00:00,0.0
2023-08-29 03:00:00+00:00,0.0
2023-08-29 04:00:00+00:00,0.0
2023-08-29 05:00:00+00:00,0.0
2023-08-29 06:00:00+00:00,0.0
2023-08-29 07:00:00+00:00,0.0
2023-08-29 08:00:00+00:00,0.0
2023-08-29 09:00:00+00:00,0.0
2023-08-29 10:00:00+00:00,0.0
2023-08-29 11:00:00+00:00,0.0
2023-08-29 12:00:00+00:00,0.0
2023-08-29 13:00:00+00:00,0.013667316157454652
2023-08-29 14:00:00+00:00,0.045278354550127964
2023-08-29 15:00:00+00:00,0.04780482467990108
2023-08-29 16:00:00+00:00,0.04808773629599882
2023-08-29 17:00:00+00:00,0.04786038848795399
2023-08-29 18:00:00+00:00,0.04621252091155502
2023-08-29 19:00:00+00:00,0.0446728460296012
2023-08-29 20:00:00+00:00,0.04301517358191037
2023-08-29 21:00:00+00:00,0.04165006141269208
2023-08-29 22:00:00+00:00,0.03887912760418989
2023-08-29 23:00:00+00:00,0.032106603110179134
2023-08-30 00:00:00+00:00,0.01992782077336887
2023-08-30 01:00:00+00:00,0.0017192202687540373
2023-08-30 02:00:00+00:00,0.0
2023-08-30 03:00:00+00:00,0.0
2023-08-30 04:00:00+00:00,0.0
2023-08-30 05:00:00+00:00,0.0
2023-08-30 06:00:00+00:00,0.0
2023-08-30 07:00:00+00:00,0.0
2023-08-30 08:00:00+00:00,0.0
2023-08-30 09:00:00+00:00,0.0
2023-08-30 10:00:00+00:00,0.0
2023-08-30 11:00:00+00:00,0.0
2023-08-30 12:00:00+00:00,0.0
2023-08-30 13:00:00+00:00,0.014524367040358243
2023-08-30 14:00:00+00:00,0.04620942033983463
2023-08-30 15:00:00+00:00,0.048762436082246355
2023-08-30 16:00:00+00:00,0.04898739422629774
2023-08-30 17:00:00+00:00,0.04909901888786641
2023-08-30 18:00:00+00:00,0.048141371344817975
2023-08-30 19:00:00+00:00,0.04718128860875082
2023-08-30 20:00:00+00:00,0.04603017927229419
2023-08-30 21:00:00+00:00,0.044090544718579594
2023-08-30 22:00:00+00:00,0.04062574977931513
2023-08-30 23:00:00+00:00,0.032846807708769604
2023-08-31 00:00:00+00:00,0.019678168849975402
2023-08-31 01:00:00+00:00,0.0015705210382841285
2023-08-31 02:00:00+00:00,0.0
2023-08-31 03:00:00+00:00,0.0
2023-08-31 04:00:00+00:00,0.0
2023-08-31 05:00:00+00:00,0.0
2023-08-31 06:00:00+00:00,0.0
2023-08-31 07:00:00+00:00,0.0
2023-08-31 08:00:00+00:00,0.0
2023-08-31 09:00:00+00:00,0.0
2023-08-31 10:00:00+00:00,0.0
2023-08-31 11:00:00+00:00,0.0
2023-08-31 12:00:00+00:00,0.0
2023-08-31 13:00:00+00:00,0.014221320369193878
2023-08-31 14:00:00+00:00,0.046513812952141506
2023-08-31 15:00:00+00:00,0.049175901668847374
2023-08-31 16:00:00+00:00,0.0492307712128514
2023-08-31 17:00:00+00:00,0.04911083329617263
2023-08-31 18:00:00+00:00,0.048883616891437436
2023-08-31 19:00:00+00:00,0.047752728080529536
2023-08-31 20:00:00+00:00,0.046019122137468865
2023-08-31 21:00:00+00:00,0.04549144209244487
2023-08-31 22:00:00+00:00,0.04056472049359746
2023-08-31 23:00:00+00:00,0.032250137117658756
2023-09-01 00:00:00+00:00,0.017359348686390164
2023-09-01 01:00:00+00:00,0.001290991885132474
2023-09-01 02:00:00+00:00,0.0
2023-09-01 03:00:00+00:00,0.0
2023-09-01 04:00:00+00:00,0.0
2023-09-01 05:00:00+00:00,0.0
2023-09-01 06:00:00+00:00,0.0
2023-09-01 07:00:00+00:00,0.0
2023-09-01 08:00:00+00:00,0.0
2023-09-01 09:00:00+00:00,0.0
2023-09-01 10:00:00+00:00,0.0
2023-09-01 11:00:00+00:00,0.0
2023-09-01 12:00:00+00:00,0.0
2023-09-01 13:00:00+00:00,0.012440580651986912
2023-09-01 14:00:00+00:00,0.04556373475313583
2023-09-01 15:00:00+00:00,0.04946546648880844
2023-09-01 16:00:00+00:00,0.04956539090833866
2023-09-01 17:00:00+00:00,0.04945624592007088
2023-09-01 18:00:00+00:00,0.04834258354526734
2023-09-01 19:00:00+00:00,0.04598623133687206
2023-09-01 20:00:00+00:00,0.04348730355091132
2023-09-01 21:00:00+00:00,0.039659886587059705
2023-09-01 22:00:00+00:00,0.03372887652201323
2023-09-01 23:00:00+00:00,0.02514110683689263
2023-09-02 00:00:00+00:00,0.013821552643538548
2023-09-02 01:00:00+00:00,0.000950215218323416
2023-09-02 02:00:00+00:00,0.0
2023-09-02 03:00:00+00:00,0.0
2023-09-02 04:00:00+00:00,0.0
2023-09-02 05:00:00+00:00,0.0
2023-09-02 06:00:00+00:00,0.0
2023-09-02 07:00:00+00:00,0.0
2023-09-02 08:00:00+00:00,0.0
2023-09-02 09:00:00+00:00,0.0
2023-09-02 10:00:00+00:00,0.0
2023-09-02 11:00:00+00:00,0.0
2023-09-02 12:00:00+00:00,0.0
2023-09-02 13:00:00+00:00,0.00897467272519302
2023-09-02 14:00:00+00:00,0.03757660599888262
2023-09-02 15:00:00+00:00,0.04374551012226456
2023-09-02 16:00:00+00:00,0.04424122013894744
2023-09-02 17:00:00+00:00,0.04501547406194497
2023-09-02 18:00:00+00:00,0.0444641177137071
2023-09-02 19:00:00+00:00,0.042833084775572274
2023-09-02 20:00:00+00:00,0.04078069298901627
2023-09-02 21:00:00+00:00,0.03816132903305655
2023-09-02 22:00:00+00:00,0.032573760891670356
2023-09-02 23:00:00+00:00,0.024891882460977073
2023-09-03 00:00:00+00:00,0.013776880204180173
2023-09-03 01:00:00+00:00,0.0008593522771728383
2023-09-03 02:00:00+00:00,0.0
2023-09-03 03:00:00+00:00,0.0
2023-09-03 04:00:00+00:00,0.0
2023-09-03 05:00:00+00:00,0.0
2023-09-03 06:00:00+00:00,0.0
2023-09-03 07:00:00+00:00,0.0
2023-09-03 08:00:00+00:00,0.0
2023-09-03 09:00:00+00:00,0.0
2023-09-03 10:00:00+00:00,0.0
2023-09-03 11:00:00+00:00,0.0
2023-09-03 12:00:00+00:00,0.0
2023-09-03 13:00:00+00:00,0.010250425715077557
2023-09-03 14:00:00+00:00,0.04054857416350457
2023-09-03 15:00:00+00:00,0.04437195655834288
2023-09-03 16:00:00+00:00,0.04563663071508438
2023-09-03 17:00:00+00:00,0.04507806390396011
2023-09-03 18:00:00+00:00,0.04439299065909103
2023-09-03 19:00:00+00:00,0.04193434229023848
2023-09-03 20:00:00+00:00,0.03914467513096765
2023-09-03 21:00:00+00:00,0.03544895611104623
2023-09-03 22:00:00+00:00,0.030622786785073054
2023-09-03 23:00:00+00:00,0.02340342183582303
2023-09-04 00:00:00+00:00,0.012980420510825062
2023-09-04 01:00:00+00:00,0.0007498405645811336
2023-09-04 02:00:00+00:00,0.0
2023-09-04 03:00:00+00:00,0.0
2023-09-04 04:00:00+00:00,0.0
2023-09-04 05:00:00+00:00,0.0
2023-09-04 06:00:00+00:00,0.0
2023-09-04 07:00:00+00:00,0.0
2023-09-04 08:00:00+00:00,0.0
2023-09-04 09:00:00+00:00,0.0
2023-09-04 10:00:00+00:00,0.0
2023-09-04 11:00:00+00:00,0.0
2023-09-04 12:00:00+00:00,0.0
2023-09-04 13:00:00+00:00,0.010045981192099063
2023-09-04 14:00:00+00:00,0.04061067765200374
2023-09-04 15:00:00+00:00,0.04484624903116568
2023-09-04 16:00:00+00:00,0.045585009166596774
2023-09-04 17:00:00+00:00,0.0460637644103939
2023-09-04 18:00:00+00:00,0.044819322567188784
2023-09-04 19:00:00+00:00,0.043634978383189846
2023-09-04 20:00:00+00:00,0.041779025177703655
2023-09-04 21:00:00+00:00,0.03955299178532841
2023-09-04 22:00:00+00:00,0.03474381321880901
2023-09-04 23:00:00+00:00,0.02716630132252193
2023-09-05 00:00:00+00:00,0.014846896757931678
2023-09-05 01:00:00+00:00,0.0007357289139386789
2023-09-05 02:00:00+00:00,0.0
2023-09-05 03:00:00+00:00,0.0
2023-09-05 04:00:00+00:00,0.0
2023-09-05 05:00:00+00:00,0.0
2023-09-05 06:00:00+00:00,0.0
2023-09-05 07:00:00+00:00,0.0
2023-09-05 08:00:00+00:00,0.0
2023-09-05 09:00:00+00:00,0.0
2023-09-05 10:00:00+00:00,0.0
2023-09-05 11:00:00+00:00,0.0
2023-09-05 12:00:00+00:00,0.0
2023-09-05 13:00:00+00:00,0.010279112378531473
2023-09-05 14:00:00+00:00,0.0429671929786512
2023-09-05 15:00:00+00:00,0.047604423079409104
2023-09-05 16:00:00+00:00,0.04782475151206947
2023-09-05 17:00:00+00:00,0.048461670643567344
2023-09-05 18:00:00+00:00,0.04587608704077973
2023-09-05 19:00:00+00:00,0.04469507994817187
2023-09-05 20:00:00+00:00,0.04263211334866235
2023-09-05 21:00:00+00:00,0.03990281942574466
2023-09-05 22:00:00+00:00,0.03501566623046411
2023-09-05 23:00:00+00:00,0.027127765435128282
2023-09-06 00:00:00+00:00,0.01432201983943342
2023-09-06 01:00:00+00:00,0.0006686035040111051
2023-09-06 02:00:00+00:00,0.0
2023-09-06 03:00:00+00:00,0.0
2023-09-06 04:00:00+00:00,0.0
2023-09-06 05:00:00+00:00,0.0
2023-09-06 06:00:00+00:00,0.0
2023-09-06 07:00:00+00:00,0.0
2023-09-06 08:00:00+00:00,0.0
2023-09-06 09:00:00+00:00,0.0
2023-09-06 10:00:00+00:00,0.0
2023-09-06 11:00:00+00:00,0.0
2023-09-06 12:00:00+00:00,0.0
2023-09-06 13:00:00+00:00,0.00955927214120669
2023-09-06 14:00:00+00:00,0.04050159831250913
2023-09-06 15:00:00+00:00,0.04560679718888071
2023-09-06 16:00:00+00:00,0.046021096887981276
2023-09-06 17:00:00+00:00,0.046620831146250055
2023-09-06 18:00:00+00:00,0.0461969931416614
2023-09-06 19:00:00+00:00,0.04415924255418077
2023-09-06 20:00:00+00:00,0.04168481336728322
2023-09-06 21:00:00+00:00,0.037545456352907125
2023-09-06 22:00:00+00:00,0.03245693332512783
2023-09-06 23:00:00+00:00,0.0240840997011325
2023-09-07 00:00:00+00:00,0.011733174681937774
2023-09-07 01:00:00+00:00,0.0004502801656950007
2023-09-07 02:00:00+00:00,0.0
2023-09-07 03:00:00+00:00,0.0
2023-09-07 04:00:00+00:00,0.0
2023-09-07 05:00:00+00:00,0.0
2023-09-07 06:00:00+00:00,0.0
2023-09-07 07:00:00+00:00,0.0
2023-09-07 08:00:00+00:00,0.0
2023-09-07 09:00:00+00:00,0.0
2023-09-07 10:00:00+00:00,0.0
2023-09-07 11:00:00+00:00,0.0
2023-09-07 12:00:00+00:00,0.0
2023-09-07 13:00:00+00:00,0.008280660170514537
2023-09-07 14:00:00+00:00,0.037515911975801945
2023-09-07 15:00:00+00:00,0.04322099398318878
2023-09-07 16:00:00+00:00,0.044821132937672176
2023-09-07 17:00:00+00:00,0.04585541092623796
2023-09-07 18:00:00+00:00,0.04335302150567758
2023-09-07 19:00:00+00:00,0.041873255027035115
2023-09-07 20:00:00+00:00,0.038346180138214774
2023-09-07 21:00:00+00:00,0.035070251952347475
2023-09-07 22:00:00+00:00,0.029949094419130306
2023-09-07 23:00:00+00:00,0.02267059485550473
2023-09-08 00:00:00+00:00,0.011149676365988456
2023-09-08 01:00:00+00:00,0.0003204873475937986
2023-09-08 02:00:00+00:00,0.0
2023-09-08 03:00:00+00:00,0.0
2023-09-08 04:00:00+00:00,0.0
2023-09-08 05:00:00+00:00,0.0
2023-09-08 06:00:00+00:00,0.0
2023-09-08 07:00:00+00:00,0.0
2023-09-08 08:00:00+00:00,0.0
2023-09-08 09:00:00+00:00,0.0
2023-09-08 10:00:00+00:00,0.0
2023-09-08 11:00:00+00:00,0.0
2023-09-08 12:00:00+00:00,0.0
2023-09-08 13:00:00+00:00,0.00808037515079841
2023-09-08 14:00:00+00:00,0.039477520793034716
2023-09-08 15:00:00+00:00,0.044637137092780915
2023-09-08 16:00:00+00:00,0.04642786699122181
2023-09-08 17:00:00+00:00,0.04692370776842659
2023-09-08 18:00:00+00:00,0.04481566946826766
2023-09-08 19:00:00+00:00,0.042737120722609157
2023-09-08 20:00:00+00:00,0.040245246733077666
2023-09-08 21:00:00+00:00,0.03663551884292155
2023-09-08 22:00:00+00:00,0.03176845130433806
2023-09-08 23:00:00+00:00,0.023747019189919543
2023-09-09 00:00:00+00:00,0.012499556826867373
2023-09-09 01:00:00+00:00,0.00033371662173659966
2023-09-09 02:00:00+00:00,0.0
2023-09-09 03:00:00+00:00,0.0
2023-09-09 04:00:00+00:00,0.0
2023-09-09 05:00:00+00:00,0.0
2023-09-09 06:00:00+00:00,0.0
2023-09-09 07:00:00+00:00,0.0
2023-09-09 08:00:00+00:00,0.0
2023-09-09 09:00:00+00:00,0.0
2023-09-09 10:00:00+00:00,0.0
2023-09-09 11:00:00+00:00,0.0
2023-09-09 12:00:00+00:00,0.0
2023-09-09 13:00:00+00:00,0.007944637881187875
2023-09-09 14:00:00+00:00,0.039450499883696914
2023-09-09 15:00:00+00:00,0.04476407505931611
2023-09-09 16:00:00+00:00,0.04588796184826387
2023-09-09 17:00:00+00:00,0.045923831589996675
2023-09-09 18:00:00+00:00,0.04491599148064042
2023-09-09 19:00:00+00:00,0.04357253278447615
2023-09-09 20:00:00+00:00,0.0408354757413338
2023-09-09 21:00:00+00:00,0.03780486073165151
2023-09-09 22:00:00+00:00,0.03302157407099554
2023-09-09 23:00:00+00:00,0.026756250243990365
2023-09-10 00:00:00+00:00,0.01305944585365121
2023-09-10 01:00:00+00:00,0.0002906154784536558
2023-09-10 02:00:00+00:00,0.0
2023-09-10 03:00:00+00:00,0.0
2023-09-10 04:00:00+00:00,0.0
2023-09-10 05:00:00+00:00,0.0
2023-09-10 06:00:00+00:00,0.0
2023-09-10 07:00:00+00:00,0.0
2023-09-10 08:00:00+00:00,0.0
2023-09-10 09:00:00+00:00,0.0
2023-09-10 10:00:00+00:00,0.0
2023-09-10 11:00:00+00:00,0.0
2023-09-10 12:00:00+00:00,0.0
2023-09-10 13:00:00+00:00,0.007197932862203078
2023-09-10 14:00:00+00:00,0.03674749840375967
2023-09-10 15:00:00+00:00,0.041766474817929666
2023-09-10 16:00:00+00:00,0.042773234494226625
2023-09-10 17:00:00+00:00,0.04325611463307843
2023-09-10 18:00:00+00:00,0.043312890010375485
2023-09-10 19:00:00+00:00,0.041249224930591875
2023-09-10 20:00:00+00:00,0.03792608793683514
2023-09-10 21:00:00+00:00,0.03443154773763991
2023-09-10 22:00:00+00:00,0.029555704058442447
2023-09-10 23:00:00+00:00,0.02281976949517287
2023-09-11 00:00:00+00:00,0.010740619367425918
2023-09-11 01:00:00+00:00,0.00024513751685329636
2023-09-11 02:00:00+00:00,0.0
2023-09-11 03:00:00+00:00,0.0
2023-09-11 04:00:00+00:00,0.0
2023-09-11 05:00:00+00:00,0.0
2023-09-11 06:00:00+00:00,0.0
2023-09-11 07:00:00+00:00,0.0
2023-09-11 08:00:00+00:00,0.0
2023-09-11 09:00:00+00:00,0.0
2023-09-11 10:00:00+00:00,0.0
2023-09-11 11:00:00+00:00,0.0
2023-09-11 12:00:00+00:00,0.0
2023-09-11 13:00:00+00:00,0.006672317947082261
2023-09-11 14:00:00+00:00,0.03825588781480839
2023-09-11 15:00:00+00:00,0.04364619504263791
2023-09-11 16:00:00+00:00,0.044693932556879604
2023-09-11 17:00:00+00:00,0.04462055088216832
2023-09-11 18:00:00+00:00,0.04465840789788208
2023-09-11 19:00:00+00:00,0.043292995728830996
2023-09-11 20:00:00+00:00,0.041168234946166844
2023-09-11 21:00:00+00:00,0.03738920753104752
2023-09-11 22:00:00+00:00,0.03208714605598421
2023-09-11 23:00:00+00:00,0.023698820195307932
2023-09-12 00:00:00+00:00,0.011513066609272428
2023-09-12 01:00:00+00:00,0.00023262767495824384
2023-09-12 02:00:00+00:00,0.0
2023-09-12 03:00:00+00:00,0.0
2023-09-12 04:00:00+00:00,0.0
2023-09-12 05:00:00+00:00,0.0
2023-09-12 06:00:00+00:00,0.0
2023-09-12 07:00:00+00:00,0.0
2023-09-12 08:00:00+00:00,0.0
2023-09-12 09:00:00+00:00,0.0
2023-09-12 10:00:00+00:00,0.0
2023-09-12 11:00:00+00:00,0.0
2023-09-12 12:00:00+00:00,0.0
2023-09-12 13:00:00+00:00,0.006056509556678191
2023-09-12 14:00:00+00:00,0.03591298046511002
2023-09-12 15:00:00+00:00,0.04086103063502773
2023-09-12 16:00:00+00:00,0.041565958384333794
2023-09-12 17:00:00+00:00,0.04206303879552335
2023-09-12 18:00:00+00:00,0.04036004719471397
2023-09-12 19:00:00+00:00,0.0386532181793589
2023-09-12 20:00:00+00:00,0.03633770194818704
2023-09-12 21:00:00+00:00,0.033427289285744566
2023-09-12 22:00:00+00:00,0.029189330969562416
2023-09-12 23:00:00+00:00,0.021729366833618625
2023-09-13 00:00:00+00:00,0.01020273952876033
2023-09-13 01:00:00+00:00,0.00016311268493797172
2023-09-13 02:00:00+00:00,0.0
2023-09-13 03:00:00+00:00,0.0
2023-09-13 04:00:00+00:00,0.0
2023-09-13 05:00:00+00:00,0.0
2023-09-13 06:00:00+00:00,0.0
2023-09-13 07:00:00+00:00,0.0
2023-09-13 08:00:00+00:00,0.0
2023-09-13 09:00:00+00:00,0.0
2023-09-13 10:00:00+00:00,0.0
2023-09-13 11:00:00+00:00,0.0
2023-09-13 12:00:00+00:00,0.0
2023-09-13 13:00:00+00:00,0.006543606385700062
2023-09-13 14:00:00+00:00,0.03721999955818755
2023-09-13 15:00:00+00:00,0.04300512774675797
2023-09-13 16:00:00+00:00,0.04386626633966989
2023-09-13 17:00:00+00:00,0.04377161244130724
2023-09-13 18:00:00+00:00,0.043512992194778145
2023-09-13 19:00:00+00:00,0.042596269605942205
2023-09-13 20:00:00+00:00,0.04072521380857016
2023-09-13 21:00:00+00:00,0.03792394724422537
2023-09-13 22:00:00+00:00,0.032968794087418936
2023-09-13 23:00:00+00:00,0.02573743989551008
2023-09-14 00:00:00+00:00,0.011002403563202465
2023-09-14 01:00:00+00:00,0.00014371357669574496
2023-09-14 02:00:00+00:00,0.0
2023-09-14 03:00:00+00:00,0.0
2023-09-14 04:00:00+00:00,0.0
2023-09-14 05:00:00+00:00,0.0
2023-09-14 06:00:00+00:00,0.0
2023-09-14 07:00:00+00:00,0.0
2023-09-14 08:00:00+00:00,0.0
2023-09-14 09:00:00+00:00,0.0
2023-09-14 10:00:00+00:00,0.0
2023-09-14 11:00:00+00:00,0.0
2023-09-14 12:00:00+00:00,0.0
2023-09-14 13:00:00+00:00,0.005709801291745579
2023-09-14 14:00:00+00:00,0.03886162600431048
2023-09-14 15:00:00+00:00,0.04496881224464206
2023-09-14 16:00:00+00:00,0.045984754392472155
2023-09-14 17:00:00+00:00,0.046724302702239866
2023-09-14 18:00:00+00:00,0.0450109450413564
2023-09-14 19:00:00+00:00,0.042741508551200916
2023-09-14 20:00:00+00:00,0.039537055848519125
2023-09-14 21:00:00+00:00,0.036709346937732416
2023-09-14 22:00:00+00:00,0.03178427788953118
2023-09-14 23:00:00+00:00,0.02310949360173821
2023-09-15 00:00:00+00:00,0.010522005502736995
2023-09-15 01:00:00+00:00,0.00012236667463434034
2023-09-15 02:00:00+00:00,0.0
2023-09-15 03:00:00+00:00,0.0
2023-09-15 04:00:00+00:00,0.0
2023-09-15 05:00:00+00:00,0.0
2023-09-15 06:00:00+00:00,0.0
2023-09-15 07:00:00+00:00,0.0
2023-09-15 08:00:00+00:00,0.0
2023-09-15 09:00:00+00:00,0.0
2023-09-15 10:00:00+00:00,0.0
2023-09-15 11:00:00+00:00,0.0
2023-09-15 12:00:00+00:00,0.0
2023-09-15 13:00:00+00:00,0.005932976104695664
2023-09-15 14:00:00+00:00,0.040215179453359874
2023-09-15 15:00:00+00:00,0.04678772501543502
2023-09-15 16:00:00+00:00,0.04756676187973866
2023-09-15 17:00:00+00:00,0.04752831744089008
2023-09-15 18:00:00+00:00,0.0454447906811681
2023-09-15 19:00:00+00:00,0.044060200856216945
2023-09-15 20:00:00+00:00,0.04081759971702735
2023-09-15 21:00:00+00:00,0.03792777588076629
2023-09-15 22:00:00+00:00,0.03439367456231976
2023-09-15 23:00:00+00:00,0.0251899790071687
2023-09-16 00:00:00+00:00,0.010803334925442195
2023-09-16 01:00:00+00:00,0.00010860454188460605
2023-09-16 02:00:00+00:00,0.0
2023-09-16 03:00:00+00:00,0.0
2023-09-16 04:00:00+00:00,0.0
2023-09-16 05:00:00+00:00,0.0
2023-09-16 06:00:00+00:00,0.0
2023-09-16 07:00:00+00:00,0.0
2023-09-16 08:00:00+00:00,0.0
2023-09-16 09:00:00+00:00,0.0
2023-09-16 10:00:00+00:00,0.0
2023-09-16 11:00:00+00:00,0.0
2023-09-16 12:00:00+00:00,0.0
2023-09-16 13:00:00+00:00,0.004967528849622199
2023-09-16 14:00:00+00:00,0.037255239930593105
2023-09-16 15:00:00+00:00,0.04377289730062331
2023-09-16 16:00:00+00:00,0.04526513503190154
2023-09-16 17:00:00+00:00,0.045856214585913595
2023-09-16 18:00:00+00:00,0.04447435335338152
2023-09-16 19:00:00+00:00,0.043962361240136465
2023-09-16 20:00:00+00:00,0.041924197889884766
2023-09-16 21:00:00+00:00,0.0391298910961628
2023-09-16 22:00:00+00:00,0.03395404608922564
2023-09-16 23:00:00+00:00,0.025899695063634702
2023-09-17 00:00:00+00:00,0.010779701196202482
2023-09-17 01:00:00+00:00,8.210452915359395e-05
2023-09-17 02:00:00+00:00,0.0
2023-09-17 03:00:00+00:00,0.0
2023-09-17 04:00:00+00:00,0.0
2023-09-17 05:00:00+00:00,0.0
2023-09-17 06:00:00+00:00,0.0
2023-09-17 07:00:00+00:00,0.0
2023-09-17 08:00:00+00:00,0.0
2023-09-17 09:00:00+00:00,0.0
2023-09-17 10:00:00+00:00,0.0
2023-09-17 11:00:00+00:00,0.0
2023-09-17 12:00:00+00:00,0.0
2023-09-17 13:00:00+00:00,0.004784489945157183
2023-09-17 14:00:00+00:00,0.03764422249882791
2023-09-17 15:00:00+00:00,0.04403947419140405
2023-09-17 16:00:00+00:00,0.04506537905198424
2023-09-17 17:00:00+00:00,0.04526860585818394
2023-09-17 18:00:00+00:00,0.04446159617858111
2023-09-17 19:00:00+00:00,0.043282273852128225
2023-09-17 20:00:00+00:00,0.04153438881350571
2023-09-17 21:00:00+00:00,0.03846789425819928
2023-09-17 22:00:00+00:00,0.035144638383317404
2023-09-17 23:00:00+00:00,0.02584226243951665
2023-09-18 00:00:00+00:00,0.010573764396650786
2023-09-18 01:00:00+00:00,6.795194804212828e-05
2023-09-18 02:00:00+00:00,0.0
2023-09-18 03:00:00+00:00,0.0
2023-09-18 04:00:00+00:00,0.0
2023-09-18 05:00:00+00:00,0.0
2023-09-18 06:00:00+00:00,0.0
2023-09-18 07:00:00+00:00,0.0
2023-09-18 08:00:00+00:00,0.0
2023-09-18 09:00:00+00:00,0.0
2023-09-18 10:00:00+00:00,0.0
2023-09-18 11:00:00+00:00,0.0
2023-09-18 12:00:00+00:00,0.0
2023-09-18 13:00:00+00:00,0.005008598843159011
2023-09-18 14:00:00+00:00,0.04066040354336429
2023-09-18 15:00:00+00:00,0.0463562047764562
2023-09-18 16:00:00+00:00,0.04656427286237242
2023-09-18 17:00:00+00:00,0.046633892293018425
2023-09-18 18:00:00+00:00,0.04669250860068652
2023-09-18 19:00:00+00:00,0.04422203908780974
2023-09-18 20:00:00+00:00,0.04285868933038894
2023-09-18 21:00:00+00:00,0.040534481826220346
2023-09-18 22:00:00+00:00,0.0353549301477785
2023-09-18 23:00:00+00:00,0.02688618586389532
2023-09-19 00:00:00+00:00,0.010559403868650081
2023-09-19 01:00:00+00:00,4.543026705684126e-05
2023-09-19 02:00:00+00:00,0.0
2023-09-19 03:00:00+00:00,0.0
2023-09-19 04:00:00+00:00,0.0
2023-09-19 05:00:00+00:00,0.0
2023-09-19 06:00:00+00:00,0.0
2023-09-19 07:00:00+00:00,0.0
2023-09-19 08:00:00+00:00,0.0
2023-09-19 09:00:00+00:00,0.0
2023-09-19 10:00:00+00:00,0.0
2023-09-19 11:00:00+00:00,0.0
2023-09-19 12:00:00+00:00,0.0
2023-09-19 13:00:00+00:00,0.004255346657250333
2023-09-19 14:00:00+00:00,0.04028977948003589
2023-09-19 15:00:00+00:00,0.04649486928177903
2023-09-19 16:00:00+00:00,0.04699707804102507
2023-09-19 17:00:00+00:00,0.046490928129507655
2023-09-19 18:00:00+00:00,0.044835834224286164
2023-09-19 19:00:00+00:00,0.04335853054596685
2023-09-19 20:00:00+00:00,0.041047915529516976
2023-09-19 21:00:00+00:00,0.03867489932066357
2023-09-19 22:00:00+00:00,0.033982579812238775
2023-09-19 23:00:00+00:00,0.02442591932086683
2023-09-20 00:00:00+00:00,0.009010009706259068
2023-09-20 01:00:00+00:00,2.9705429573231158e-05
2023-09-20 02:00:00+00:00,0.0
2023-09-20 03:00:00+00:00,0.0
2023-09-20 04:00:00+00:00,0.0
2023-09-20 05:00:00+00:00,0.0
2023-09-20 06:00:00+00:00,0.0
2023-09-20 07:00:00+00:00,0.0
2023-09-20 08:00:00+00:00,0.0
2023-09-20 09:00:00+00:00,0.0
2023-09-20 10:00:00+00:00,0.0
2023-09-20 11:00:00+00:00,0.0
2023-09-20 12:00:00+00:00,0.0
2023-09-20 13:00:00+00:00,0.003657778526360893
2023-09-20 14:00:00+00:00,0.03858521731813223
2023-09-20 15:00:00+00:00,0.04509855435578378
2023-09-20 16:00:00+00:00,0.04581761480727563
2023-09-20 17:00:00+00:00,0.046150198008918716
2023-09-20 18:00:00+00:00,0.045379510056951095
2023-09-20 19:00:00+00:00,0.04346991663294423
2023-09-20 20:00:00+00:00,0.041457525555461026
2023-09-20 21:00:00+00:00,0.03817214393226655
2023-09-20 22:00:00+00:00,0.03190152222700134
2023-09-20 23:00:00+00:00,0.022635954715409162
2023-09-21 00:00:00+00:00,0.007900512978002226
2023-09-21 01:00:00+00:00,2.1279769778751742e-05
2023-09-21 02:00:00+00:00,0.0
2023-09-21 03:00:00+00:00,0.0
2023-09-21 04:00:00+00:00,0.0
2023-09-21 05:00:00+00:00,0.0
2023-09-21 06:00:00+00:00,0.0
2023-09-21 07:00:00+00:00,0.0
2023-09-21 08:00:00+00:00,0.0
2023-09-21 09:00:00+00:00,0.0
2023-09-21 10:00:00+00:00,0.0
2023-09-21 11:00:00+00:00,0.0
2023-09-21 12:00:00+00:00,0.0
2023-09-21 13:00:00+00:00,0.0036877002043797062
2023-09-21 14:00:00+00:00,0.03901194070051242
2023-09-21 15:00:00+00:00,0.0453590894649638
2023-09-21 16:00:00+00:00,0.0464514803807461
2023-09-21 17:00:00+00:00,0.04677823606986645
2023-09-21 18:00:00+00:00,0.04538723724211153
2023-09-21 19:00:00+00:00,0.043656934670338446
2023-09-21 20:00:00+00:00,0.04192809523574752
2023-09-21 21:00:00+00:00,0.03920147599652879
2023-09-21 22:00:00+00:00,0.03468165906335648
2023-09-21 23:00:00+00:00,0.025245415999703324
2023-09-22 00:00:00+00:00,0.00877428188171962
2023-09-22 01:00:00+00:00,1.1516382431459365e-05
2023-09-22 02:00:00+00:00,0.0
2023-09-22 03:00:00+00:00,0.0
2023-09-22 04:00:00+00:00,0.0
2023-09-22 05:00:00+00:00,0.0
2023-09-22 06:00:00+00:00,0.0
2023-09-22 07:00:00+00:00,0.0
2023-09-22 08:00:00+00:00,0.0
2023-09-22 09:00:00+00:00,0.0
2023-09-22 10:00:00+00:00,0.0
2023-09-22 11:00:00+00:00,0.0
2023-09-22 12:00:00+00:00,0.0
2023-09-22 13:00:00+00:00,0.0026795845644894062
2023-09-22 14:00:00+00:00,0.03782243391160221
2023-09-22 15:00:00+00:00,0.04301213125620968
2023-09-22 16:00:00+00:00,0.044277811309143
2023-09-22 17:00:00+00:00,0.04505073785561254
2023-09-22 18:00:00+00:00,0.04272383305396711
2023-09-22 19:00:00+00:00,0.04198540136390133
2023-09-22 20:00:00+00:00,0.040088861177602575
2023-09-22 21:00:00+00:00,0.037135014390785925
2023-09-22 22:00:00+00:00,0.03180469293571212
2023-09-22 23:00:00+00:00,0.02366989746071525
2023-09-23 00:00:00+00:00,0.008083144082163084
2023-09-23 01:00:00+00:00,1.0057452975752589e-05
2023-09-23 02:00:00+00:00,0.0
2023-09-23 03:00:00+00:00,0.0
2023-09-23 04:00:00+00:00,0.0
2023-09-23 05:00:00+00:00,0.0
2023-09-23 06:00:00+00:00,0.0
2023-09-23 07:00:00+00:00,0.0
2023-09-23 08:00:00+00:00,0.0
2023-09-23 09:00:00+00:00,0.0
2023-09-23 10:00:00+00:00,0.0
2023-09-23 11:00:00+00:00,0.0
2023-09-23 12:00:00+00:00,0.0
2023-09-23 13:00:00+00:00,0.0023829859405368995
2023-09-23 14:00:00+00:00,0.03912219398309845
2023-09-23 15:00:00+00:00,0.04541862928617582
2023-09-23 16:00:00+00:00,0.046291436554479405
2023-09-23 17:00:00+00:00,0.046156306195972205
2023-09-23 18:00:00+00:00,0.04557139641842024
2023-09-23 19:00:00+00:00,0.044110173058348294
2023-09-23 20:00:00+00:00,0.04214748542491516
2023-09-23 21:00:00+00:00,0.03920067877644646
2023-09-23 22:00:00+00:00,0.03430251261072529
2023-09-23 23:00:00+00:00,0.025432717375716975
2023-09-24 00:00:00+00:00,0.008485727978826891
2023-09-24 01:00:00+00:00,7.707954216353184e-06
2023-09-24 02:00:00+00:00,0.0
2023-09-24 03:00:00+00:00,0.0
2023-09-24 04:00:00+00:00,0.0
2023-09-24 05:00:00+00:00,0.0
2023-09-24 06:00:00+00:00,0.0
2023-09-24 07:00:00+00:00,0.0
2023-09-24 08:00:00+00:00,0.0
2023-09-24 09:00:00+00:00,0.0
2023-09-24 10:00:00+00:00,0.0
2023-09-24 11:00:00+00:00,0.0
2023-09-24 12:00:00+00:00,0.0
2023-09-24 13:00:00+00:00,0.00215748976518778
2023-09-24 14:00:00+00:00,0.041049210473019924
2023-09-24 15:00:00+00:00,0.04652703265490086
2023-09-24 16:00:00+00:00,0.048170000347089466
2023-09-24 17:00:00+00:00,0.048610019841174086
2023-09-24 18:00:00+00:00,0.04802359334016133
2023-09-24 19:00:00+00:00,0.04586645617102806
2023-09-24 20:00:00+00:00,0.043902043167523344
2023-09-24 21:00:00+00:00,0.04148242507229477
2023-09-24 22:00:00+00:00,0.037088894057401046
2023-09-24 23:00:00+00:00,0.02730270597458038
2023-09-25 00:00:00+00:00,0.008607419048707397
2023-09-25 01:00:00+00:00,3.9061083878420115e-06
2023-09-25 02:00:00+00:00,0.0
2023-09-25 03:00:00+00:00,0.0
2023-09-25 04:00:00+00:00,0.0
2023-09-25 05:00:00+00:00,0.0
2023-09-25 06:00:00+00:00,0.0
2023-09-25 07:00:00+00:00,0.0
2023-09-25 08:00:00+00:00,0.0
2023-09-25 09:00:00+00:00,0.0
2023-09-25 10:00:00+00:00,0.0
2023-09-25 11:00:00+00:00,0.0
2023-09-25 12:00:00+00:00,0.0
2023-09-25 13:00:00+00:00,0.002021516111759603
2023-09-25 14:00:00+00:00,0.0411570219130032
2023-09-25 15:00:00+00:00,0.04689511867147737
2023-09-25 16:00:00+00:00,0.04897442551434243
2023-09-25 17:00:00+00:00,0.049278313715201916
2023-09-25 18:00:00+00:00,0.04820475338548595
2023-09-25 19:00:00+00:00,0.04636206366924843
2023-09-25 20:00:00+00:00,0.044866606234196145
2023-09-25 21:00:00+00:00,0.04159000609377108
2023-09-25 22:00:00+00:00,0.0366361970447577
2023-09-25 23:00:00+00:00,0.027563185884208093
2023-09-26 00:00:00+00:00,0.007935817807899747
2023-09-26 01:00:00+00:00,2.3889526975325213e-06
2023-09-26 02:00:00+00:00,0.0
2023-09-26 03:00:00+00:00,0.0
2023-09-26 04:00:00+00:00,0.0
2023-09-26 05:00:00+00:00,0.0
2023-09-26 06:00:00+00:00,0.0
2023-09-26 07:00:00+00:00,0.0
2023-09-26 08:00:00+00:00,0.0
2023-09-26 09:00:00+00:00,0.0
2023-09-26 10:00:00+00:00,0.0
2023-09-26 11:00:00+00:00,0.0
2023-09-26 12:00:00+00:00,0.0
2023-09-26 13:00:00+00:00,0.0021310440970927257
2023-09-26 14:00:00+00:00,0.042785331595719026
2023-09-26 15:00:00+00:00,0.04842205503932678
2023-09-26 16:00:00+00:00,0.04923215416053409
2023-09-26 17:00:00+00:00,0.04914356728516523
2023-09-26 18:00:00+00:00,0.04796202740602542
2023-09-26 19:00:00+00:00,0.045878131844577466
2023-09-26 20:00:00+00:00,0.04384765550939503
2023-09-26 21:00:00+00:00,0.04098768785144888
2023-09-26 22:00:00+00:00,0.03539056536561745
2023-09-26 23:00:00+00:00,0.025334180401526143
2023-09-27 00:00:00+00:00,0.0069144068042636
2023-09-27 01:00:00+00:00,1.3674511923796014e-06
2023-09-27 02:00:00+00:00,0.0
2023-09-27 03:00:00+00:00,0.0
2023-09-27 04:00:00+00:00,0.0
2023-09-27 05:00:00+00:00,0.0
2023-09-27 06:00:00+00:00,0.0
2023-09-27 07:00:00+00:00,0.0
2023-09-27 08:00:00+00:00,0.0
2023-09-27 09:00:00+00:00,0.0
2023-09-27 10:00:00+00:00,0.0
2023-09-27 11:00:00+00:00,0.0
2023-09-27 12:00:00+00:00,0.0
2023-09-27 13:00:00+00:00,0.0015194761814878524
2023-09-27 14:00:00+00:00,0.039962966620883465
2023-09-27 15:00:00+00:00,0.04635322053896557
2023-09-27 16:00:00+00:00,0.047780317457198275
2023-09-27 17:00:00+00:00,0.04781686851197277
2023-09-27 18:00:00+00:00,0.04699129420995263
2023-09-27 19:00:00+00:00,0.04483571317812925
2023-09-27 20:00:00+00:00,0.04351387517567883
2023-09-27 21:00:00+00:00,0.04048484807415764
2023-09-27 22:00:00+00:00,0.03558051554087825
2023-09-27 23:00:00+00:00,0.025672858834346998
2023-09-28 00:00:00+00:00,0.006681061373444279
2023-09-28 01:00:00+00:00,6.325450761763947e-07
2023-09-28 02:00:00+00:00,0.0
2023-09-28 03:00:00+00:00,0.0
2023-09-28 04:00:00+00:00,0.0
2023-09-28 05:00:00+00:00,0.0
2023-09-28 06:00:00+00:00,0.0
2023-09-28 07:00:00+00:00,0.0
2023-09-28 08:00:00+00:00,0.0
2023-09-28 09:00:00+00:00,0.0
2023-09-28 10:00:00+00:00,0.0
2023-09-28 11:00:00+00:00,0.0
2023-09-28 12:00:00+00:00,0.0
2023-09-28 13:00:00+00:00,0.001371444910475839
2023-09-28 14:00:00+00:00,0.03837795924532493
2023-09-28 15:00:00+00:00,0.04550062886571013
2023-09-28 16:00:00+00:00,0.04684197009045231
2023-09-28 17:00:00+00:00,0.046835791402748586
2023-09-28 18:00:00+00:00,0.04586564907169217
2023-09-28 19:00:00+00:00,0.043527978345757556
2023-09-28 20:00:00+00:00,0.04150960856757851
2023-09-28 21:00:00+00:00,0.038600557179952595
2023-09-28 22:00:00+00:00,0.03344453117145905
2023-09-28 23:00:00+00:00,0.023800709368634675
2023-09-29 00:00:00+00:00,0.006021705168858983
2023-09-29 01:00:00+00:00,3.869680609567518e-07
2023-09-29 02:00:00+00:00,0.0
2023-09-29 03:00:00+00:00,0.0
2023-09-29 04:00:00+00:00,0.0
2023-09-29 05:00:00+00:00,0.0
2023-09-29 06:00:00+00:00,0.0
2023-09-29 07:00:00+00:00,0.0
2023-09-29 08:00:00+00:00,0.0
2023-09-29 09:00:00+00:00,0.0
2023-09-29 10:00:00+00:00,0.0
2023-09-29 11:00:00+00:00,0.0
2023-09-29 12:00:00+00:00,0.0
2023-09-29 13:00:00+00:00,0.0012591908535223044
2023-09-29 14:00:00+00:00,0.03867394205831944
2023-09-29 15:00:00+00:00,0.04532048298459306
2023-09-29 16:00:00+00:00,0.047195558216637776
2023-09-29 17:00:00+00:00,0.04785839048464761
2023-09-29 18:00:00+00:00,0.04614549340732551
2023-09-29 19:00:00+00:00,0.04457597391238845
2023-09-29 20:00:00+00:00,0.04250739552242985
2023-09-29 21:00:00+00:00,0.03963176212225613
2023-09-29 22:00:00+00:00,0.03456093851753553
2023-09-29 23:00:00+00:00,0.024135289092385652
2023-09-30 00:00:00+00:00,0.005913284982259366
2023-09-30 01:00:00+00:00,1.7516222465567874e-07
2023-09-30 02:00:00+00:00,0.0
2023-09-30 03:00:00+00:00,0.0
2023-09-30 04:00:00+00:00,0.0
2023-09-30 05:00:00+00:00,0.0
2023-09-30 06:00:00+00:00,0.0
2023-09-30 07:00:00+00:00,0.0
2023-09-30 08:00:00+00:00,0.0
2023-09-30 09:00:00+00:00,0.0
2023-09-30 10:00:00+00:00,0.0
2023-09-30 11:00:00+00:00,0.0
2023-09-30 12:00:00+00:00,0.0
2023-09-30 13:00:00+00:00,0.001053873030397678
2023-09-30 14:00:00+00:00,0.040934612217560826
2023-09-30 15:00:00+00:00,0.04808108144008216
2023-09-30 16:00:00+00:00,0.04900320827125328
2023-09-30 17:00:00+00:00,0.049212408771887844
2023-09-30 18:00:00+00:00,0.04824811924914046
2023-09-30 19:00:00+00:00,0.04643569957040057
2023-09-30 20:00:00+00:00,0.044387858074871826
2023-09-30 21:00:00+00:00,0.04214273601395693
2023-09-30 22:00:00+00:00,0.03745356446281839
2023-09-30 23:00:00+00:00,0.026234530356582166
2023-10-01 00:00:00+00:00,0.006345813034575399
2023-10-01 01:00:00+00:00,3.431019851577552e-08
2023-10-01 02:00:00+00:00,0.0
2023-10-01 03:00:00+00:00,0.0
2023-10-01 04:00:00+00:00,0.0
2023-10-01 05:00:00+00:00,0.0
2023-10-01 06:00:00+00:00,0.0
2023-10-01 07:00:00+00:00,0.0
2023-10-01 08:00:00+00:00,0.0
2023-10-01 09:00:00+00:00,0.0
2023-10-01 10:00:00+00:00,0.0
2023-10-01 11:00:00+00:00,0.0
2023-10-01 12:00:00+00:00,0.0
2023-10-01 13:00:00+00:00,0.0010254664815772389
2023-10-01 14:00:00+00:00,0.03967818684088492
2023-10-01 15:00:00+00:00,0.04682913657539707
2023-10-01 16:00:00+00:00,0.04843101490832003
2023-10-01 17:00:00+00:00,0.04848877980458637
2023-10-01 18:00:00+00:00,0.0463424111089013
2023-10-01 19:00:00+00:00,0.0447037299870898
2023-10-01 20:00:00+00:00,0.04282435324148958
2023-10-01 21:00:00+00:00,0.04011187401126476
2023-10-01 22:00:00+00:00,0.035379451175424174
2023-10-01 23:00:00+00:00,0.025209800518419544
2023-10-02 00:00:00+00:00,0.005517824250745776
2023-10-02 01:00:00+00:00,0.0
2023-10-02 02:00:00+00:00,0.0
2023-10-02 03:00:00+00:00,0.0
2023-10-02 04:00:00+00:00,0.0
2023-10-02 05:00:00+00:00,0.0
2023-10-02 06:00:00+00:00,0.0
2023-10-02 07:00:00+00:00,0.0
2023-10-02 08:00:00+00:00,0.0
2023-10-02 09:00:00+00:00,0.0
2023-10-02 10:00:00+00:00,0.0
2023-10-02 11:00:00+00:00,0.0
2023-10-02 12:00:00+00:00,0.0
2023-10-02 13:00:00+00:00,0.0006668213743869619
2023-10-02 14:00:00+00:00,0.03926998270799749
2023-10-02 15:00:00+00:00,0.04788479856562339
2023-10-02 16:00:00+00:00,0.048996963947685955
2023-10-02 17:00:00+00:00,0.04832808945901708
2023-10-02 18:00:00+00:00,0.04695455105381621
2023-10-02 19:00:00+00:00,0.04474760052878795
2023-10-02 20:00:00+00:00,0.042206448357982124
2023-10-02 21:00:00+00:00,0.03928461053591937
2023-10-02 22:00:00+00:00,0.03417069673393628
2023-10-02 23:00:00+00:00,0.023929576171494406
2023-10-03 00:00:00+00:00,0.004677610547380242
2023-10-03 01:00:00+00:00,0.0
2023-10-03 02:00:00+00:00,0.0
2023-10-03 03:00:00+00:00,0.0
2023-10-03 04:00:00+00:00,0.0
2023-10-03 05:00:00+00:00,0.0
2023-10-03 06:00:00+00:00,0.0
2023-10-03 07:00:00+00:00,0.0
2023-10-03 08:00:00+00:00,0.0
2023-10-03 09:00:00+00:00,0.0
2023-10-03 10:00:00+00:00,0.0
2023-10-03 11:00:00+00:00,0.0
2023-10-03 12:00:00+00:00,0.0
2023-10-03 13:00:00+00:00,0.0006241672772336595
2023-10-03 14:00:00+00:00,0.03781516847779371
2023-10-03 15:00:00+00:00,0.04693387821756907
2023-10-03 16:00:00+00:00,0.04823759867421014
2023-10-03 17:00:00+00:00,0.04791489706764145
2023-10-03 18:00:00+00:00,0.04681462058161628
2023-10-03 19:00:00+00:00,0.04475630638315006
2023-10-03 20:00:00+00:00,0.042578800246567156
2023-10-03 21:00:00+00:00,0.03983581489383261
2023-10-03 22:00:00+00:00,0.034542567797099
2023-10-03 23:00:00+00:00,0.023577279001517876
2023-10-04 00:00:00+00:00,0.004274868023394751
2023-10-04 01:00:00+00:00,0.0
2023-10-04 02:00:00+00:00,0.0
2023-10-04 03:00:00+00:00,0.0
2023-10-04 04:00:00+00:00,0.0
2023-10-04 05:00:00+00:00,0.0
2023-10-04 06:00:00+00:00,0.0
2023-10-04 07:00:00+00:00,0.0
2023-10-04 08:00:00+00:00,0.0
2023-10-04 09:00:00+00:00,0.0
2023-10-04 10:00:00+00:00,0.0
2023-10-04 11:00:00+00:00,0.0
2023-10-04 12:00:00+00:00,0.0
2023-10-04 13:00:00+00:00,0.0005203605607432247
2023-10-04 14:00:00+00:00,0.034537619701203
2023-10-04 15:00:00+00:00,0.043946931092979785
2023-10-04 16:00:00+00:00,0.04577428724391304
2023-10-04 17:00:00+00:00,0.0456146390928763
2023-10-04 18:00:00+00:00,0.044335981381512526
2023-10-04 19:00:00+00:00,0.042997772228807976
2023-10-04 20:00:00+00:00,0.0406468147900561
2023-10-04 21:00:00+00:00,0.03877717657811118
2023-10-04 22:00:00+00:00,0.03389034975677635
2023-10-04 23:00:00+00:00,0.022832757709959284
2023-10-05 00:00:00+00:00,0.003918842565677976
2023-10-05 01:00:00+00:00,0.0
2023-10-05 02:00:00+00:00,0.0
2023-10-05 03:00:00+00:00,0.0
2023-10-05 04:00:00+00:00,0.0
2023-10-05 05:00:00+00:00,0.0
2023-10-05 06:00:00+00:00,0.0
2023-10-05 07:00:00+00:00,0.0
2023-10-05 08:00:00+00:00,0.0
2023-10-05 09:00:00+00:00,0.0
2023-10-05 10:00:00+00:00,0.0
2023-10-05 11:00:00+00:00,0.0
2023-10-05 12:00:00+00:00,0.0
2023-10-05 13:00:00+00:00,0.00044186231387191767
2023-10-05 14:00:00+00:00,0.03396249195754194
2023-10-05 15:00:00+00:00,0.04434497470314165
2023-10-05 16:00:00+00:00,0.046331759517522636
2023-10-05 17:00:00+00:00,0.04565080888898177
2023-10-05 18:00:00+00:00,0.04439445780988317
2023-10-05 19:00:00+00:00,0.042522049564990734
2023-10-05 20:00:00+00:00,0.04056766318012991
2023-10-05 21:00:00+00:00,0.03812120566234776
2023-10-05 22:00:00+00:00,0.032556048952924195
2023-10-05 23:00:00+00:00,0.022364650174459585
2023-10-06 00:00:00+00:00,0.003669347806414685
2023-10-06 01:00:00+00:00,0.0
2023-10-06 02:00:00+00:00,0.0
2023-10-06 03:00:00+00:00,0.0
2023-10-06 04:00:00+00:00,0.0
2023-10-06 05:00:00+00:00,0.0
2023-10-06 06:00:00+00:00,0.0
2023-10-06 07:00:00+00:00,0.0
2023-10-06 08:00:00+00:00,0.0
2023-10-06 09:00:00+00:00,0.0
2023-10-06 10:00:00+00:00,0.0
2023-10-06 11:00:00+00:00,0.0
2023-10-06 12:00:00+00:00,0.0
2023-10-06 13:00:00+00:00,0.0003476573952734583
2023-10-06 14:00:00+00:00,0.03202755977665557
2023-10-06 15:00:00+00:00,0.04246985434831881
2023-10-06 16:00:00+00:00,0.0447777103539065
2023-10-06 17:00:00+00:00,0.04406016036096368
2023-10-06 18:00:00+00:00,0.04355294996724086
2023-10-06 19:00:00+00:00,0.04228423184625421
2023-10-06 20:00:00+00:00,0.04050532679343253
2023-10-06 21:00:00+00:00,0.03816581762227711
2023-10-06 22:00:00+00:00,0.03333453308194518
2023-10-06 23:00:00+00:00,0.02162469174832413
2023-10-07 00:00:00+00:00,0.0031127171792531268
2023-10-07 01:00:00+00:00,0.0
2023-10-07 02:00:00+00:00,0.0
2023-10-07 03:00:00+00:00,0.0
2023-10-07 04:00:00+00:00,0.0
2023-10-07 05:00:00+00:00,0.0
2023-10-07 06:00:00+00:00,0.0
2023-10-07 07:00:00+00:00,0.0
2023-10-07 08:00:00+00:00,0.0
2023-10-07 09:00:00+00:00,0.0
2023-10-07 10:00:00+00:00,0.0
2023-10-07 11:00:00+00:00,0.0
2023-10-07 12:00:00+00:00,0.0
2023-10-07 13:00:00+00:00,0.0003298130201812369
2023-10-07 14:00:00+00:00,0.03231153309526951
2023-10-07 15:00:00+00:00,0.043319934736890324
2023-10-07 16:00:00+00:00,0.045633075689621425
2023-10-07 17:00:00+00:00,0.04544743294929531
2023-10-07 18:00:00+00:00,0.043062435037554
2023-10-07 19:00:00+00:00,0.04193674699105487
2023-10-07 20:00:00+00:00,0.039575967987659326
2023-10-07 21:00:00+00:00,0.03596112742052374
2023-10-07 22:00:00+00:00,0.030452333990397484
2023-10-07 23:00:00+00:00,0.01959534283873252
2023-10-08 00:00:00+00:00,0.0025598937744295016
2023-10-08 01:00:00+00:00,0.0
2023-10-08 02:00:00+00:00,0.0
2023-10-08 03:00:00+00:00,0.0
2023-10-08 04:00:00+00:00,0.0
2023-10-08 05:00:00+00:00,0.0
2023-10-08 06:00:00+00:00,0.0
2023-10-08 07:00:00+00:00,0.0
2023-10-08 08:00:00+00:00,0.0
2023-10-08 09:00:00+00:00,0.0
2023-10-08 10:00:00+00:00,0.0
2023-10-08 11:00:00+00:00,0.0
2023-10-08 12:00:00+00:00,0.0
2023-10-08 13:00:00+00:00,0.0002510339631260644
2023-10-08 14:00:00+00:00,0.026982287488512616
2023-10-08 15:00:00+00:00,0.03792142346391883
2023-10-08 16:00:00+00:00,0.04114752167044552
2023-10-08 17:00:00+00:00,0.04131259557373691
2023-10-08 18:00:00+00:00,0.03995506185240769
2023-10-08 19:00:00+00:00,0.03774982741340058
2023-10-08 20:00:00+00:00,0.03632019109886252
2023-10-08 21:00:00+00:00,0.03334541646011825
2023-10-08 22:00:00+00:00,0.02846186011816651
2023-10-08 23:00:00+00:00,0.018075710463355488
2023-10-09 00:00:00+00:00,0.0023695082093207025
2023-10-09 01:00:00+00:00,0.0
2023-10-09 02:00:00+00:00,0.0
2023-10-09 03:00:00+00:00,0.0
2023-10-09 04:00:00+00:00,0.0
2023-10-09 05:00:00+00:00,0.0
2023-10-09 06:00:00+00:00,0.0
2023-10-09 07:00:00+00:00,0.0
2023-10-09 08:00:00+00:00,0.0
2023-10-09 09:00:00+00:00,0.0
2023-10-09 10:00:00+00:00,0.0
2023-10-09 11:00:00+00:00,0.0
2023-10-09 12:00:00+00:00,0.0
2023-10-09 13:00:00+00:00,0.00022652697223299388
2023-10-09 14:00:00+00:00,0.027403079061499098
2023-10-09 15:00:00+00:00,0.03665424073397058
2023-10-09 16:00:00+00:00,0.038905500776653834
2023-10-09 17:00:00+00:00,0.03982368731753601
2023-10-09 18:00:00+00:00,0.03846960973523579
2023-10-09 19:00:00+00:00,0.037719404331926276
2023-10-09 20:00:00+00:00,0.035540647889774866
2023-10-09 21:00:00+00:00,0.03210608826554837
2023-10-09 22:00:00+00:00,0.026358405064440583
2023-10-09 23:00:00+00:00,0.016558321626414876
2023-10-10 00:00:00+00:00,0.002137280769858252
2023-10-10 01:00:00+00:00,0.0
2023-10-10 02:00:00+00:00,0.0
2023-10-10 03:00:00+00:00,0.0
2023-10-10 04:00:00+00:00,0.0
2023-10-10 05:00:00+00:00,0.0
2023-10-10 06:00:00+00:00,0.0
2023-10-10 07:00:00+00:00,0.0
2023-10-10 08:00:00+00:00,0.0
2023-10-10 09:00:00+00:00,0.0
2023-10-10 10:00:00+00:00,0.0
2023-10-10 11:00:00+00:00,0.0
2023-10-10 12:00:00+00:00,0.0
2023-10-10 13:00:00+00:00,0.00014132037997472834
2023-10-10 14:00:00+00:00,0.027299190684568167
2023-10-10 15:00:00+00:00,0.03905468713379572
2023-10-10 16:00:00+00:00,0.0409943144521825
2023-10-10 17:00:00+00:00,0.04123434604699191
2023-10-10 18:00:00+00:00,0.03942318390828556
2023-10-10 19:00:00+00:00,0.038147352837033
2023-10-10 20:00:00+00:00,0.03595829659852744
2023-10-10 21:00:00+00:00,0.03349720337124087
2023-10-10 22:00:00+00:00,0.02927950579839915
2023-10-10 23:00:00+00:00,0.0191808041307777
2023-10-11 00:00:00+00:00,0.002220029627257214
2023-10-11 01:00:00+00:00,0.0
2023-10-11 02:00:00+00:00,0.0
2023-10-11 03:00:00+00:00,0.0
2023-10-11 04:00:00+00:00,0.0
2023-10-11 05:00:00+00:00,0.0
2023-10-11 06:00:00+00:00,0.0
2023-10-11 07:00:00+00:00,0.0
2023-10-11 08:00:00+00:00,0.0
2023-10-11 09:00:00+00:00,0.0
2023-10-11 10:00:00+00:00,0.0
2023-10-11 11:00:00+00:00,0.0
2023-10-11 12:00:00+00:00,0.0
2023-10-11 13:00:00+00:00,0.00012342750647773538
2023-10-11 14:00:00+00:00,0.03382593974562888
2023-10-11 15:00:00+00:00,0.0458710414464479
2023-10-11 16:00:00+00:00,0.047459045000160134
2023-10-11 17:00:00+00:00,0.04739617147856409
2023-10-11 18:00:00+00:00,0.045285695264899145
2023-10-11 19:00:00+00:00,0.04258563321348316
2023-10-11 20:00:00+00:00,0.04091703681933439
2023-10-11 21:00:00+00:00,0.038237587715045346
2023-10-11 22:00:00+00:00,0.03295796164683308
2023-10-11 23:00:00+00:00,0.021957112971973555
2023-10-12 00:00:00+00:00,0.00237195538020607
2023-10-12 01:00:00+00:00,0.0
2023-10-12 02:00:00+00:00,0.0
2023-10-12 03:00:00+00:00,0.0
2023-10-12 04:00:00+00:00,0.0
2023-10-12 05:00:00+00:00,0.0
2023-10-12 06:00:00+00:00,0.0
2023-10-12 07:00:00+00:00,0.0
2023-10-12 08:00:00+00:00,0.0
2023-10-12 09:00:00+00:00,0.0
2023-10-12 10:00:00+00:00,0.0
2023-10-12 11:00:00+00:00,0.0
2023-10-12 12:00:00+00:00,0.0
2023-10-12 13:00:00+00:00,7.228212807020183e-05
2023-10-12 14:00:00+00:00,0.03504670763962621
2023-10-12 15:00:00+00:00,0.046626657132524
2023-10-12 16:00:00+00:00,0.04838928318135987
2023-10-12 17:00:00+00:00,0.04846266452644597
2023-10-12 18:00:00+00:00,0.04606329629273729
2023-10-12 19:00:00+00:00,0.04341038816670617
2023-10-12 20:00:00+00:00,0.040988695001747524
2023-10-12 21:00:00+00:00,0.037941735262006185
2023-10-12 22:00:00+00:00,0.0326418593475657
2023-10-12 23:00:00+00:00,0.020751361969809857
2023-10-13 00:00:00+00:00,0.00200346499048866
2023-10-13 01:00:00+00:00,0.0
2023-10-13 02:00:00+00:00,0.0
2023-10-13 03:00:00+00:00,0.0
2023-10-13 04:00:00+00:00,0.0
2023-10-13 05:00:00+00:00,0.0
2023-10-13 06:00:00+00:00,0.0
2023-10-13 07:00:00+00:00,0.0
2023-10-13 08:00:00+00:00,0.0
2023-10-13 09:00:00+00:00,0.0
2023-10-13 10:00:00+00:00,0.0
2023-10-13 11:00:00+00:00,0.0
2023-10-13 12:00:00+00:00,0.0
2023-10-13 13:00:00+00:00,4.184721053949894e-05
2023-10-13 14:00:00+00:00,0.03266268920351846
2023-10-13 15:00:00+00:00,0.04612135031481659
2023-10-13 16:00:00+00:00,0.04825483989867991
2023-10-13 17:00:00+00:00,0.047715865677445575
2023-10-13 18:00:00+00:00,0.04578063286086127
2023-10-13 19:00:00+00:00,0.042750817868944704
2023-10-13 20:00:00+00:00,0.04029017182723793
2023-10-13 21:00:00+00:00,0.037950423743420746
2023-10-13 22:00:00+00:00,0.033177355438661654
2023-10-13 23:00:00+00:00,0.020532486228153103
2023-10-14 00:00:00+00:00,0.0018213459134513424
2023-10-14 01:00:00+00:00,0.0
2023-10-14 02:00:00+00:00,0.0
2023-10-14 03:00:00+00:00,0.0
2023-10-14 04:00:00+00:00,0.0
2023-10-14 05:00:00+00:00,0.0
2023-10-14 06:00:00+00:00,0.0
2023-10-14 07:00:00+00:00,0.0
2023-10-14 08:00:00+00:00,0.0
2023-10-14 09:00:00+00:00,0.0
2023-10-14 10:00:00+00:00,0.0
2023-10-14 11:00:00+00:00,0.0
2023-10-14 12:00:00+00:00,0.0
2023-10-14 13:00:00+00:00,3.676330570293949e-05
2023-10-14 14:00:00+00:00,0.030025158243832565
2023-10-14 15:00:00+00:00,0.04208260443819847
2023-10-14 16:00:00+00:00,0.04451816271411347
2023-10-14 17:00:00+00:00,0.044711338040277486
2023-10-14 18:00:00+00:00,0.04236252333471923
2023-10-14 19:00:00+00:00,0.039961660047803875
2023-10-14 20:00:00+00:00,0.03882778894763711
2023-10-14 21:00:00+00:00,0.03594654583431209
2023-10-14 22:00:00+00:00,0.030477976998201758
2023-10-14 23:00:00+00:00,0.018425972252837805
2023-10-15 00:00:00+00:00,0.0014825339138892079
2023-10-15 01:00:00+00:00,0.0
2023-10-15 02:00:00+00:00,0.0
2023-10-15 03:00:00+00:00,0.0
2023-10-15 04:00:00+00:00,0.0
2023-10-15 05:00:00+00:00,0.0
2023-10-15 06:00:00+00:00,0.0
2023-10-15 07:00:00+00:00,0.0
2023-10-15 08:00:00+00:00,0.0
2023-10-15 09:00:00+00:00,0.0
2023-10-15 10:00:00+00:00,0.0
2023-10-15 11:00:00+00:00,0.0
2023-10-15 12:00:00+00:00,0.0
2023-10-15 13:00:00+00:00,1.6232282627802705e-05
2023-10-15 14:00:00+00:00,0.02901957950462098
2023-10-15 15:00:00+00:00,0.0416053120534858
2023-10-15 16:00:00+00:00,0.044232823225165516
2023-10-15 17:00:00+00:00,0.04364722239822573
2023-10-15 18:00:00+00:00,0.04058098672761968
2023-10-15 19:00:00+00:00,0.037695905476624415
2023-10-15 20:00:00+00:00,0.035745346209268114
2023-10-15 21:00:00+00:00,0.03277670770581359
2023-10-15 22:00:00+00:00,0.026862583252170443
2023-10-15 23:00:00+00:00,0.016265246676001988
2023-10-16 00:00:00+00:00,0.0012404657587597712
2023-10-16 01:00:00+00:00,0.0
2023-10-16 02:00:00+00:00,0.0
2023-10-16 03:00:00+00:00,0.0
2023-10-16 04:00:00+00:00,0.0
2023-10-16 05:00:00+00:00,0.0
2023-10-16 06:00:00+00:00,0.0
2023-10-16 07:00:00+00:00,0.0
2023-10-16 08:00:00+00:00,0.0
2023-10-16 09:00:00+00:00,0.0
2023-10-16 10:00:00+00:00,0.0
2023-10-16 11:00:00+00:00,0.0
2023-10-16 12:00:00+00:00,0.0
2023-10-16 13:00:00+00:00,0.0
2023-10-16 14:00:00+00:00,0.028770804590323378
2023-10-16 15:00:00+00:00,0.042500452839348696
2023-10-16 16:00:00+00:00,0.04492606750722206
2023-10-16 17:00:00+00:00,0.046023532887211165
2023-10-16 18:00:00+00:00,0.04361599646005433
2023-10-16 19:00:00+00:00,0.041293276454318996
2023-10-16 20:00:00+00:00,0.03957646402227527
2023-10-16 21:00:00+00:00,0.03733147321582571
2023-10-16 22:00:00+00:00,0.03239976050346079
2023-10-16 23:00:00+00:00,0.01929639351673134
2023-10-17 00:00:00+00:00,0.0012655284367934462
2023-10-17 01:00:00+00:00,0.0
2023-10-17 02:00:00+00:00,0.0
2023-10-17 03:00:00+00:00,0.0
2023-10-17 04:00:00+00:00,0.0
2023-10-17 05:00:00+00:00,0.0
2023-10-17 06:00:00+00:00,0.0
2023-10-17 07:00:00+00:00,0.0
2023-10-17 08:00:00+00:00,0.0
2023-10-17 09:00:00+00:00,0.0
2023-10-17 10:00:00+00:00,0.0
2023-10-17 11:00:00+00:00,0.0
2023-10-17 12:00:00+00:00,0.0
2023-10-17 13:00:00+00:00,0.0
2023-10-17 14:00:00+00:00,0.031478609444279465
2023-10-17 15:00:00+00:00,0.04592554812790402
2023-10-17 16:00:00+00:00,0.047827248996463845
2023-10-17 17:00:00+00:00,0.0472697301912945
2023-10-17 18:00:00+00:00,0.045069842673991715
2023-10-17 19:00:00+00:00,0.042525560974048464
2023-10-17 20:00:00+00:00,0.04015533366103635
2023-10-17 21:00:00+00:00,0.03746949160784256
2023-10-17 22:00:00+00:00,0.03127849961863373
2023-10-17 23:00:00+00:00,0.018568861604669674
2023-10-18 00:00:00+00:00,0.0010740109926109889
2023-10-18 01:00:00+00:00,0.0
2023-10-18 02:00:00+00:00,0.0
2023-10-18 03:00:00+00:00,0.0
2023-10-18 04:00:00+00:00,0.0
2023-10-18 05:00:00+00:00,0.0
2023-10-18 06:00:00+00:00,0.0
2023-10-18 07:00:00+00:00,0.0
2023-10-18 08:00:00+00:00,0.0
2023-10-18 09:00:00+00:00,0.0
2023-10-18 10:00:00+00:00,0.0
2023-10-18 11:00:00+00:00,0.0
2023-10-18 12:00:00+00:00,0.0
2023-10-18 13:00:00+00:00,0.0
2023-10-18 14:00:00+00:00,0.02710103497899654
2023-10-18 15:00:00+00:00,0.042544518981476646
2023-10-18 16:00:00+00:00,0.04419528642628834
2023-10-18 17:00:00+00:00,0.04388136558617181
2023-10-18 18:00:00+00:00,0.04091889402749503
2023-10-18 19:00:00+00:00,0.03901160280080563
2023-10-18 20:00:00+00:00,0.0370270659416727
2023-10-18 21:00:00+00:00,0.03345627102819423
2023-10-18 22:00:00+00:00,0.027640740003793303
2023-10-18 23:00:00+00:00,0.016004762001837185
2023-10-19 00:00:00+00:00,0.0008818925254427585
2023-10-19 01:00:00+00:00,0.0
2023-10-19 02:00:00+00:00,0.0
2023-10-19 03:00:00+00:00,0.0
2023-10-19 04:00:00+00:00,0.0
2023-10-19 05:00:00+00:00,0.0
2023-10-19 06:00:00+00:00,0.0
2023-10-19 07:00:00+00:00,0.0
2023-10-19 08:00:00+00:00,0.0
2023-10-19 09:00:00+00:00,0.0
2023-10-19 10:00:00+00:00,0.0
2023-10-19 11:00:00+00:00,0.0
2023-10-19 12:00:00+00:00,0.0
2023-10-19 13:00:00+00:00,0.0
2023-10-19 14:00:00+00:00,0.02731883965446439
2023-10-19 15:00:00+00:00,0.04442760075062573
2023-10-19 16:00:00+00:00,0.04688937491106937
2023-10-19 17:00:00+00:00,0.046768685296121125
2023-10-19 18:00:00+00:00,0.04451326384332066
2023-10-19 19:00:00+00:00,0.0422293912711621
2023-10-19 20:00:00+00:00,0.040424992456253396
2023-10-19 21:00:00+00:00,0.037985610363792575
2023-10-19 22:00:00+00:00,0.03201389223456542
2023-10-19 23:00:00+00:00,0.018028409050191936
2023-10-20 00:00:00+00:00,0.0008380605151257802
2023-10-20 01:00:00+00:00,0.0
2023-10-20 02:00:00+00:00,0.0
2023-10-20 03:00:00+00:00,0.0
2023-10-20 04:00:00+00:00,0.0
2023-10-20 05:00:00+00:00,0.0
2023-10-20 06:00:00+00:00,0.0
2023-10-20 07:00:00+00:00,0.0
2023-10-20 08:00:00+00:00,0.0
2023-10-20 09:00:00+00:00,0.0
2023-10-20 10:00:00+00:00,0.0
2023-10-20 11:00:00+00:00,0.0
2023-10-20 12:00:00+00:00,0.0
2023-10-20 13:00:00+00:00,0.0
2023-10-20 14:00:00+00:00,0.028361862148216052
2023-10-20 15:00:00+00:00,0.04362866481393943
2023-10-20 16:00:00+00:00,0.04586633511737724
2023-10-20 17:00:00+00:00,0.04508227459852992
2023-10-20 18:00:00+00:00,0.04306235629307715
2023-10-20 19:00:00+00:00,0.040544227048081076
2023-10-20 20:00:00+00:00,0.03914156037990826
2023-10-20 21:00:00+00:00,0.036665650745583964
2023-10-20 22:00:00+00:00,0.031000695593076562
2023-10-20 23:00:00+00:00,0.017373386275812547
2023-10-21 00:00:00+00:00,0.0007592310773200606
2023-10-21 01:00:00+00:00,0.0
2023-10-21 02:00:00+00:00,0.0
2023-10-21 03:00:00+00:00,0.0
2023-10-21 04:00:00+00:00,0.0
2023-10-21 05:00:00+00:00,0.0
2023-10-21 06:00:00+00:00,0.0
2023-10-21 07:00:00+00:00,0.0
2023-10-21 08:00:00+00:00,0.0
2023-10-21 09:00:00+00:00,0.0
2023-10-21 10:00:00+00:00,0.0
2023-10-21 11:00:00+00:00,0.0
2023-10-21 12:00:00+00:00,0.0
2023-10-21 13:00:00+00:00,0.0
2023-10-21 14:00:00+00:00,0.02460896387435958
2023-10-21 15:00:00+00:00,0.040693667739071626
2023-10-21 16:00:00+00:00,0.04232193474931772
2023-10-21 17:00:00+00:00,0.04187314582404126
2023-10-21 18:00:00+00:00,0.0397136389898771
2023-10-21 19:00:00+00:00,0.037660885968888294
2023-10-21 20:00:00+00:00,0.03553647122315431
2023-10-21 21:00:00+00:00,0.03311449169105181
2023-10-21 22:00:00+00:00,0.02736334048570499
2023-10-21 23:00:00+00:00,0.015188452590609197
2023-10-22 00:00:00+00:00,0.0006533046092580413
2023-10-22 01:00:00+00:00,0.0
2023-10-22 02:00:00+00:00,0.0
2023-10-22 03:00:00+00:00,0.0
2023-10-22 04:00:00+00:00,0.0
2023-10-22 05:00:00+00:00,0.0
2023-10-22 06:00:00+00:00,0.0
2023-10-22 07:00:00+00:00,0.0
2023-10-22 08:00:00+00:00,0.0
2023-10-22 09:00:00+00:00,0.0
2023-10-22 10:00:00+00:00,0.0
2023-10-22 11:00:00+00:00,0.0
2023-10-22 12:00:00+00:00,0.0
2023-10-22 13:00:00+00:00,0.0
2023-10-22 14:00:00+00:00,0.026764393866004415
2023-10-22 15:00:00+00:00,0.045106294764888706
2023-10-22 16:00:00+00:00,0.0478500517833389
2023-10-22 17:00:00+00:00,0.047098898395626934
2023-10-22 18:00:00+00:00,0.04378924257428718
2023-10-22 19:00:00+00:00,0.04158256661687508
2023-10-22 20:00:00+00:00,0.03995839546287191
2023-10-22 21:00:00+00:00,0.03722952006896969
2023-10-22 22:00:00+00:00,0.031036943779771772
2023-10-22 23:00:00+00:00,0.016505666358606647
2023-10-23 00:00:00+00:00,0.0005903537747755279
2023-10-23 01:00:00+00:00,0.0
2023-10-23 02:00:00+00:00,0.0
2023-10-23 03:00:00+00:00,0.0
2023-10-23 04:00:00+00:00,0.0
2023-10-23 05:00:00+00:00,0.0
2023-10-23 06:00:00+00:00,0.0
2023-10-23 07:00:00+00:00,0.0
2023-10-23 08:00:00+00:00,0.0
2023-10-23 09:00:00+00:00,0.0
2023-10-23 10:00:00+00:00,0.0
2023-10-23 11:00:00+00:00,0.0
2023-10-23 12:00:00+00:00,0.0
2023-10-23 13:00:00+00:00,0.0
2023-10-23 14:00:00+00:00,0.027972937950520037
2023-10-23 15:00:00+00:00,0.04592519395528366
2023-10-23 16:00:00+00:00,0.04806376787393879
2023-10-23 17:00:00+00:00,0.04701663376538523
2023-10-23 18:00:00+00:00,0.04289122397541353
2023-10-23 19:00:00+00:00,0.04010093010346077
2023-10-23 20:00:00+00:00,0.03790499600161973
2023-10-23 21:00:00+00:00,0.03522642762456283
2023-10-23 22:00:00+00:00,0.02920842796552615
2023-10-23 23:00:00+00:00,0.015106088575510452
2023-10-24 00:00:00+00:00,0.00048259540683748183
2023-10-24 01:00:00+00:00,0.0
2023-10-24 02:00:00+00:00,0.0
2023-10-24 03:00:00+00:00,0.0
2023-10-24 04:00:00+00:00,0.0
2023-10-24 05:00:00+00:00,0.0
2023-10-24 06:00:00+00:00,0.0
2023-10-24 07:00:00+00:00,0.0
2023-10-24 08:00:00+00:00,0.0
2023-10-24 09:00:00+00:00,0.0
2023-10-24 10:00:00+00:00,0.0
2023-10-24 11:00:00+00:00,0.0
2023-10-24 12:00:00+00:00,0.0
2023-10-24 13:00:00+00:00,0.0
2023-10-24 14:00:00+00:00,0.023718050472703835
2023-10-24 15:00:00+00:00,0.040408557384388234
2023-10-24 16:00:00+00:00,0.04308000309111583
2023-10-24 17:00:00+00:00,0.04229253992436791
2023-10-24 18:00:00+00:00,0.039345270880681904
2023-10-24 19:00:00+00:00,0.0366494079076842
2023-10-24 20:00:00+00:00,0.03484942052984337
2023-10-24 21:00:00+00:00,0.031638171117246774
2023-10-24 22:00:00+00:00,0.0256603303903248
2023-10-24 23:00:00+00:00,0.013011778290618895
2023-10-25 00:00:00+00:00,0.0004109031778373154
2023-10-25 01:00:00+00:00,0.0
2023-10-25 02:00:00+00:00,0.0
2023-10-25 03:00:00+00:00,0.0
2023-10-25 04:00:00+00:00,0.0
2023-10-25 05:00:00+00:00,0.0
2023-10-25 06:00:00+00:00,0.0
2023-10-25 07:00:00+00:00,0.0
2023-10-25 08:00:00+00:00,0.0
2023-10-25 09:00:00+00:00,0.0
2023-10-25 10:00:00+00:00,0.0
2023-10-25 11:00:00+00:00,0.0
2023-10-25 12:00:00+00:00,0.0
2023-10-25 13:00:00+00:00,0.0
2023-10-25 14:00:00+00:00,0.026213597897461683
2023-10-25 15:00:00+00:00,0.04610007612438156
2023-10-25 16:00:00+00:00,0.04763969167861473
2023-10-25 17:00:00+00:00,0.04598487333710777
2023-10-25 18:00:00+00:00,0.043209486289701456
2023-10-25 19:00:00+00:00,0.04018234954814599
2023-10-25 20:00:00+00:00,0.03793759029387514
2023-10-25 21:00:00+00:00,0.034687642323774234
2023-10-25 22:00:00+00:00,0.028552365138975105
2023-10-25 23:00:00+00:00,0.014494329864019755
2023-10-26 00:00:00+00:00,0.00037087389061148443
2023-10-26 01:00:00+00:00,0.0
2023-10-26 02:00:00+00:00,0.0
2023-10-26 03:00:00+00:00,0.0
2023-10-26 04:00:00+00:00,0.0
2023-10-26 05:00:00+00:00,0.0
2023-10-26 06:00:00+00:00,0.0
2023-10-26 07:00:00+00:00,0.0
2023-10-26 08:00:00+00:00,0.0
2023-10-26 09:00:00+00:00,0.0
2023-10-26 10:00:00+00:00,0.0
2023-10-26 11:00:00+00:00,0.0
2023-10-26 12:00:00+00:00,0.0
2023-10-26 13:00:00+00:00,0.0
2023-10-26 14:00:00+00:00,0.02551027469436561
2023-10-26 15:00:00+00:00,0.04688083509449237
2023-10-26 16:00:00+00:00,0.04878388025796767
2023-10-26 17:00:00+00:00,0.04714004744989304
2023-10-26 18:00:00+00:00,0.043052025323330315
2023-10-26 19:00:00+00:00,0.04019239540938387
2023-10-26 20:00:00+00:00,0.03813584884514166
2023-10-26 21:00:00+00:00,0.035241697849171215
2023-10-26 22:00:00+00:00,0.028475061719638227
2023-10-26 23:00:00+00:00,0.014183503180880597
2023-10-27 00:00:00+00:00,0.0003323768550627995
2023-10-27 01:00:00+00:00,0.0
2023-10-27 02:00:00+00:00,0.0
2023-10-27 03:00:00+00:00,0.0
2023-10-27 04:00:00+00:00,0.0
2023-10-27 05:00:00+00:00,0.0
2023-10-27 06:00:00+00:00,0.0
2023-10-27 07:00:00+00:00,0.0
2023-10-27 08:00:00+00:00,0.0
2023-10-27 09:00:00+00:00,0.0
2023-10-27 10:00:00+00:00,0.0
2023-10-27 11:00:00+00:00,0.0
2023-10-27 12:00:00+00:00,0.0
2023-10-27 13:00:00+00:00,0.0
2023-10-27 14:00:00+00:00,0.024353846049505377
2023-10-27 15:00:00+00:00,0.044192271468618316
2023-10-27 16:00:00+00:00,0.04606969327071576
2023-10-27 17:00:00+00:00,0.045485459062251515
2023-10-27 18:00:00+00:00,0.04261236617413304
2023-10-27 19:00:00+00:00,0.040308932595811454
2023-10-27 20:00:00+00:00,0.038804139997575114
2023-10-27 21:00:00+00:00,0.03667051998112389
2023-10-27 22:00:00+00:00,0.030751870210910092
2023-10-27 23:00:00+00:00,0.014889564507400586
2023-10-28 00:00:00+00:00,0.00031359330342569053
2023-10-28 01:00:00+00:00,0.0
2023-10-28 02:00:00+00:00,0.0
2023-10-28 03:00:00+00:00,0.0
2023-10-28 04:00:00+00:00,0.0
2023-10-28 05:00:00+00:00,0.0
2023-10-28 06:00:00+00:00,0.0
2023-10-28 07:00:00+00:00,0.0
2023-10-28 08:00:00+00:00,0.0
2023-10-28 09:00:00+00:00,0.0
2023-10-28 10:00:00+00:00,0.0
2023-10-28 11:00:00+00:00,0.0
2023-10-28 12:00:00+00:00,0.0
2023-10-28 13:00:00+00:00,0.0
2023-10-28 14:00:00+00:00,0.023776801955648307
2023-10-28 15:00:00+00:00,0.04400563198653856
2023-10-28 16:00:00+00:00,0.04602689556040737
2023-10-28 17:00:00+00:00,0.044691122012999254
2023-10-28 18:00:00+00:00,0.04209403141350715
2023-10-28 19:00:00+00:00,0.03968491384861545
2023-10-28 20:00:00+00:00,0.037819974779124195
2023-10-28 21:00:00+00:00,0.034283319384407436
2023-10-28 22:00:00+00:00,0.027349105361176372
2023-10-28 23:00:00+00:00,0.012452785592414443
2023-10-29 00:00:00+00:00,0.0002462005490436893
2023-10-29 01:00:00+00:00,0.0
2023-10-29 02:00:00+00:00,0.0
2023-10-29 03:00:00+00:00,0.0
2023-10-29 04:00:00+00:00,0.0
2023-10-29 05:00:00+00:00,0.0
2023-10-29 06:00:00+00:00,0.0
2023-10-29 07:00:00+00:00,0.0
2023-10-29 08:00:00+00:00,0.0
2023-10-29 09:00:00+00:00,0.0
2023-10-29 10:00:00+00:00,0.0
2023-10-29 11:00:00+00:00,0.0
2023-10-29 12:00:00+00:00,0.0
2023-10-29 13:00:00+00:00,0.0
2023-10-29 14:00:00+00:00,0.023133685431391552
2023-10-29 15:00:00+00:00,0.044211069201827505
2023-10-29 16:00:00+00:00,0.04596474841126613
2023-10-29 17:00:00+00:00,0.044325454046576625
2023-10-29 18:00:00+00:00,0.04104005109232452
2023-10-29 19:00:00+00:00,0.038421406466028055
2023-10-29 20:00:00+00:00,0.03584301947992199
2023-10-29 21:00:00+00:00,0.03201335861918513
2023-10-29 22:00:00+00:00,0.024846181773520725
2023-10-29 23:00:00+00:00,0.010359698605909188
2023-10-30 00:00:00+00:00,0.0001876001683800795
2023-10-30 01:00:00+00:00,0.0
2023-10-30 02:00:00+00:00,0.0
2023-10-30 03:00:00+00:00,0.0
2023-10-30 04:00:00+00:00,0.0
2023-10-30 05:00:00+00:00,0.0
2023-10-30 06:00:00+00:00,0.0
2023-10-30 07:00:00+00:00,0.0
2023-10-30 08:00:00+00:00,0.0
2023-10-30 09:00:00+00:00,0.0
2023-10-30 10:00:00+00:00,0.0
2023-10-30 11:00:00+00:00,0.0
2023-10-30 12:00:00+00:00,0.0
2023-10-30 13:00:00+00:00,0.0
2023-10-30 14:00:00+00:00,0.023730946435202654
2023-10-30 15:00:00+00:00,0.04484808927462577
2023-10-30 16:00:00+00:00,0.04651731567973011
2023-10-30 17:00:00+00:00,0.04420474850005505
2023-10-30 18:00:00+00:00,0.041180401240340794
2023-10-30 19:00:00+00:00,0.03854917848144056
2023-10-30 20:00:00+00:00,0.036457261742075406
2023-10-30 21:00:00+00:00,0.03331705997472966
2023-10-30 22:00:00+00:00,0.026599835738979775
2023-10-30 23:00:00+00:00,0.012116201881966819
2023-10-31 00:00:00+00:00,0.00019398148122550888
2023-10-31 01:00:00+00:00,0.0
2023-10-31 02:00:00+00:00,0.0
2023-10-31 03:00:00+00:00,0.0
2023-10-31 04:00:00+00:00,0.0
2023-10-31 05:00:00+00:00,0.0
2023-10-31 06:00:00+00:00,0.0
2023-10-31 07:00:00+00:00,0.0
2023-10-31 08:00:00+00:00,0.0
2023-10-31 09:00:00+00:00,0.0
2023-10-31 10:00:00+00:00,0.0
2023-10-31 11:00:00+00:00,0.0
2023-10-31 12:00:00+00:00,0.0
2023-10-31 13:00:00+00:00,0.0
2023-10-31 14:00:00+00:00,0.02278675774285204
2023-10-31 15:00:00+00:00,0.04449161323163552
2023-10-31 16:00:00+00:00,0.04626816266439983
2023-10-31 17:00:00+00:00,0.04508799413889647
2023-10-31 18:00:00+00:00,0.04254209666457148
2023-10-31 19:00:00+00:00,0.04009836055580422
2023-10-31 20:00:00+00:00,0.038399110782967594
2023-10-31 21:00:00+00:00,0.035684883058145433
2023-10-31 22:00:00+00:00,0.029256413256870808
2023-10-31 23:00:00+00:00,0.012650563536126353
2023-11-01 00:00:00+00:00,0.00018688057842180066
2023-11-01 01:00:00+00:00,0.0
2023-11-01 02:00:00+00:00,0.0
2023-11-01 03:00:00+00:00,0.0
2023-11-01 04:00:00+00:00,0.0
2023-11-01 05:00:00+00:00,0.0
2023-11-01 06:00:00+00:00,0.0
2023-11-01 07:00:00+00:00,0.0
2023-11-01 08:00:00+00:00,0.0
2023-11-01 09:00:00+00:00,0.0
2023-11-01 10:00:00+00:00,0.0
2023-11-01 11:00:00+00:00,0.0
2023-11-01 12:00:00+00:00,0.0
2023-11-01 13:00:00+00:00,0.0
2023-11-01 14:00:00+00:00,0.02270076869025732
2023-11-01 15:00:00+00:00,0.04580528742922612
2023-11-01 16:00:00+00:00,0.04756964529420707
2023-11-01 17:00:00+00:00,0.04678089672512538
2023-11-01 18:00:00+00:00,0.04256636219742837
2023-11-01 19:00:00+00:00,0.03993288877652825
2023-11-01 20:00:00+00:00,0.03817548874216257
2023-11-01 21:00:00+00:00,0.03580938955794403
2023-11-01 22:00:00+00:00,0.029255889635561912
2023-11-01 23:00:00+00:00,0.012413454598657805
2023-11-02 00:00:00+00:00,0.00015383018553230017
2023-11-02 01:00:00+00:00,0.0
2023-11-02 02:00:00+00:00,0.0
2023-11-02 03:00:00+00:00,0.0
2023-11-02 04:00:00+00:00,0.0
2023-11-02 05:00:00+00:00,0.0
2023-11-02 06:00:00+00:00,0.0
2023-11-02 07:00:00+00:00,0.0
2023-11-02 08:00:00+00:00,0.0
2023-11-02 09:00:00+00:00,0.0
2023-11-02 10:00:00+00:00,0.0
2023-11-02 11:00:00+00:00,0.0
2023-11-02 12:00:00+00:00,0.0
2023-11-02 13:00:00+00:00,0.0
2023-11-02 14:00:00+00:00,0.022343379668481177
2023-11-02 15:00:00+00:00,0.04594664751705789
2023-11-02 16:00:00+00:00,0.04735670746704815
2023-11-02 17:00:00+00:00,0.045705886913836445
2023-11-02 18:00:00+00:00,0.04193670718359096
2023-11-02 19:00:00+00:00,0.03924226725058321
2023-11-02 20:00:00+00:00,0.03769949706152375
2023-11-02 21:00:00+00:00,0.034802999843568466
2023-11-02 22:00:00+00:00,0.028460912242323298
2023-11-02 23:00:00+00:00,0.011590909265184579
2023-11-03 00:00:00+00:00,0.00012707154792540815
2023-11-03 01:00:00+00:00,0.0
2023-11-03 02:00:00+00:00,0.0
2023-11-03 03:00:00+00:00,0.0
2023-11-03 04:00:00+00:00,0.0
2023-11-03 05:00:00+00:00,0.0
2023-11-03 06:00:00+00:00,0.0
2023-11-03 07:00:00+00:00,0.0
2023-11-03 08:00:00+00:00,0.0
2023-11-03 09:00:00+00:00,0.0
2023-11-03 10:00:00+00:00,0.0
2023-11-03 11:00:00+00:00,0.0
2023-11-03 12:00:00+00:00,0.0
2023-11-03 13:00:00+00:00,0.0
2023-11-03 14:00:00+00:00,0.019763708970191612
2023-11-03 15:00:00+00:00,0.043056236376851825
2023-11-03 16:00:00+00:00,0.04490650237245749
2023-11-03 17:00:00+00:00,0.043285210848285495
2023-11-03 18:00:00+00:00,0.03975086371616224
2023-11-03 19:00:00+00:00,0.03696849614331037
2023-11-03 20:00:00+00:00,0.035240405972321205
2023-11-03 21:00:00+00:00,0.0323289152258081
2023-11-03 22:00:00+00:00,0.026764178490181163
2023-11-03 23:00:00+00:00,0.011202320229745901
2023-11-04 00:00:00+00:00,0.0001225340936414379
2023-11-04 01:00:00+00:00,0.0
2023-11-04 02:00:00+00:00,0.0
2023-11-04 03:00:00+00:00,0.0
2023-11-04 04:00:00+00:00,0.0
2023-11-04 05:00:00+00:00,0.0
2023-11-04 06:00:00+00:00,0.0
2023-11-04 07:00:00+00:00,0.0
2023-11-04 08:00:00+00:00,0.0
2023-11-04 09:00:00+00:00,0.0
2023-11-04 10:00:00+00:00,0.0
2023-11-04 11:00:00+00:00,0.0
2023-11-04 12:00:00+00:00,0.0
2023-11-04 13:00:00+00:00,0.0
2023-11-04 14:00:00+00:00,0.01914814940109348
2023-11-04 15:00:00+00:00,0.04401090903785635
2023-11-04 16:00:00+00:00,0.04552393401062338
2023-11-04 17:00:00+00:00,0.04373927383441779
2023-11-04 18:00:00+00:00,0.03973682373643618
2023-11-04 19:00:00+00:00,0.037355441310770815
2023-11-04 20:00:00+00:00,0.03558160904361842
2023-11-04 21:00:00+00:00,0.03265643396821993
2023-11-04 22:00:00+00:00,0.02619311236724638
2023-11-04 23:00:00+00:00,0.010161572568640255
2023-11-05 00:00:00+00:00,8.327999648503807e-05
2023-11-05 01:00:00+00:00,0.0
2023-11-05 02:00:00+00:00,0.0
2023-11-05 03:00:00+00:00,0.0
2023-11-05 04:00:00+00:00,0.0
2023-11-05 05:00:00+00:00,0.0
2023-11-05 06:00:00+00:00,0.0
2023-11-05 07:00:00+00:00,0.0
2023-11-05 08:00:00+00:00,0.0
2023-11-05 09:00:00+00:00,0.0
2023-11-05 10:00:00+00:00,0.0
2023-11-05 11:00:00+00:00,0.0
2023-11-05 12:00:00+00:00,0.0
2023-11-05 13:00:00+00:00,0.0
2023-11-05 14:00:00+00:00,0.017397522095325715
2023-11-05 15:00:00+00:00,0.04129034766960867
2023-11-05 16:00:00+00:00,0.0433021840791291
2023-11-05 17:00:00+00:00,0.04225038561825368
2023-11-05 18:00:00+00:00,0.039635405535201645
2023-11-05 19:00:00+00:00,0.0376676667144125
2023-11-05 20:00:00+00:00,0.036672291414248666
2023-11-05 21:00:00+00:00,0.03426999091837347
2023-11-05 22:00:00+00:00,0.028357755204368867
2023-11-05 23:00:00+00:00,0.011270817053944006
2023-11-06 00:00:00+00:00,7.980373342343221e-05
2023-11-06 01:00:00+00:00,0.0
2023-11-06 02:00:00+00:00,0.0
2023-11-06 03:00:00+00:00,0.0
2023-11-06 04:00:00+00:00,0.0
2023-11-06 05:00:00+00:00,0.0
2023-11-06 06:00:00+00:00,0.0
2023-11-06 07:00:00+00:00,0.0
2023-11-06 08:00:00+00:00,0.0
2023-11-06 09:00:00+00:00,0.0
2023-11-06 10:00:00+00:00,0.0
2023-11-06 11:00:00+00:00,0.0
2023-11-06 12:00:00+00:00,0.0
2023-11-06 13:00:00+00:00,0.0
2023-11-06 14:00:00+00:00,0.01843502526487109
2023-11-06 15:00:00+00:00,0.045116316613153004
2023-11-06 16:00:00+00:00,0.04655162638048585
2023-11-06 17:00:00+00:00,0.044721234577189024
2023-11-06 18:00:00+00:00,0.04099933718262692
2023-11-06 19:00:00+00:00,0.038396335049393715
2023-11-06 20:00:00+00:00,0.036788748301941614
2023-11-06 21:00:00+00:00,0.034494642723999054
2023-11-06 22:00:00+00:00,0.02820135267282969
2023-11-06 23:00:00+00:00,0.010584975739447085
2023-11-07 00:00:00+00:00,6.220065711662382e-05
2023-11-07 01:00:00+00:00,0.0
2023-11-07 02:00:00+00:00,0.0
2023-11-07 03:00:00+00:00,0.0
2023-11-07 04:00:00+00:00,0.0
2023-11-07 05:00:00+00:00,0.0
2023-11-07 06:00:00+00:00,0.0
2023-11-07 07:00:00+00:00,0.0
2023-11-07 08:00:00+00:00,0.0
2023-11-07 09:00:00+00:00,0.0
2023-11-07 10:00:00+00:00,0.0
2023-11-07 11:00:00+00:00,0.0
2023-11-07 12:00:00+00:00,0.0
2023-11-07 13:00:00+00:00,0.0
2023-11-07 14:00:00+00:00,0.016462817900528438
2023-11-07 15:00:00+00:00,0.04352780508044983
2023-11-07 16:00:00+00:00,0.044911351412378966
2023-11-07 17:00:00+00:00,0.043119124716702296
2023-11-07 18:00:00+00:00,0.039707325638843556
2023-11-07 19:00:00+00:00,0.037332913254807684
2023-11-07 20:00:00+00:00,0.035614841691432406
2023-11-07 21:00:00+00:00,0.032656013064987416
2023-11-07 22:00:00+00:00,0.026204954153984973
2023-11-07 23:00:00+00:00,0.009748084040055985
2023-11-08 00:00:00+00:00,5.483880313378667e-05
2023-11-08 01:00:00+00:00,0.0
2023-11-08 02:00:00+00:00,0.0
2023-11-08 03:00:00+00:00,0.0
2023-11-08 04:00:00+00:00,0.0
2023-11-08 05:00:00+00:00,0.0
2023-11-08 06:00:00+00:00,0.0
2023-11-08 07:00:00+00:00,0.0
2023-11-08 08:00:00+00:00,0.0
2023-11-08 09:00:00+00:00,0.0
2023-11-08 10:00:00+00:00,0.0
2023-11-08 11:00:00+00:00,0.0
2023-11-08 12:00:00+00:00,0.0
2023-11-08 13:00:00+00:00,0.0
2023-11-08 14:00:00+00:00,0.01600303627554619
2023-11-08 15:00:00+00:00,0.0429191011621046
2023-11-08 16:00:00+00:00,0.044601046009967435
2023-11-08 17:00:00+00:00,0.04279850104086058
2023-11-08 18:00:00+00:00,0.039372366113865534
2023-11-08 19:00:00+00:00,0.037205823641878015
2023-11-08 20:00:00+00:00,0.035944942401397395
2023-11-08 21:00:00+00:00,0.0332881118619187
2023-11-08 22:00:00+00:00,0.02662477719549009
2023-11-08 23:00:00+00:00,0.009620298958595624
2023-11-09 00:00:00+00:00,4.466203515186573e-05
2023-11-09 01:00:00+00:00,0.0
2023-11-09 02:00:00+00:00,0.0
2023-11-09 03:00:00+00:00,0.0
2023-11-09 04:00:00+00:00,0.0
2023-11-09 05:00:00+00:00,0.0
2023-11-09 06:00:00+00:00,0.0
2023-11-09 07:00:00+00:00,0.0
2023-11-09 08:00:00+00:00,0.0
2023-11-09 09:00:00+00:00,0.0
2023-11-09 10:00:00+00:00,0.0
2023-11-09 11:00:00+00:00,0.0
2023-11-09 12:00:00+00:00,0.0
2023-11-09 13:00:00+00:00,0.0
2023-11-09 14:00:00+00:00,0.015123912242237393
2023-11-09 15:00:00+00:00,0.043292413160496174
2023-11-09 16:00:00+00:00,0.04505501696201014
2023-11-09 17:00:00+00:00,0.042908388585797395
2023-11-09 18:00:00+00:00,0.03957567988772806
2023-11-09 19:00:00+00:00,0.03716902685899229
2023-11-09 20:00:00+00:00,0.03554039895278999
2023-11-09 21:00:00+00:00,0.032741596516292264
2023-11-09 22:00:00+00:00,0.02617902063607061
2023-11-09 23:00:00+00:00,0.009364821254081652
2023-11-10 00:00:00+00:00,3.720050423436915e-05
2023-11-10 01:00:00+00:00,0.0
2023-11-10 02:00:00+00:00,0.0
2023-11-10 03:00:00+00:00,0.0
2023-11-10 04:00:00+00:00,0.0
2023-11-10 05:00:00+00:00,0.0
2023-11-10 06:00:00+00:00,0.0
2023-11-10 07:00:00+00:00,0.0
2023-11-10 08:00:00+00:00,0.0
2023-11-10 09:00:00+00:00,0.0
2023-11-10 10:00:00+00:00,0.0
2023-11-10 11:00:00+00:00,0.0
2023-11-10 12:00:00+00:00,0.0
2023-11-10 13:00:00+00:00,0.0
2023-11-10 14:00:00+00:00,0.014638627742855702
2023-11-10 15:00:00+00:00,0.04418960851084159
2023-11-10 16:00:00+00:00,0.045618730448599286
2023-11-10 17:00:00+00:00,0.042886829663328296
2023-11-10 18:00:00+00:00,0.04001000006224786
2023-11-10 19:00:00+00:00,0.03763797106101979
2023-11-10 20:00:00+00:00,0.036329966937958334
2023-11-10 21:00:00+00:00,0.03382656454450407
2023-11-10 22:00:00+00:00,0.02719316741744307
2023-11-10 23:00:00+00:00,0.009442656914851872
2023-11-11 00:00:00+00:00,3.2319676435831454e-05
2023-11-11 01:00:00+00:00,0.0
2023-11-11 02:00:00+00:00,0.0
2023-11-11 03:00:00+00:00,0.0
2023-11-11 04:00:00+00:00,0.0
2023-11-11 05:00:00+00:00,0.0
2023-11-11 06:00:00+00:00,0.0
2023-11-11 07:00:00+00:00,0.0
2023-11-11 08:00:00+00:00,0.0
2023-11-11 09:00:00+00:00,0.0
2023-11-11 10:00:00+00:00,0.0
2023-11-11 11:00:00+00:00,0.0
2023-11-11 12:00:00+00:00,0.0
2023-11-11 13:00:00+00:00,0.0
2023-11-11 14:00:00+00:00,0.015021320895032926
2023-11-11 15:00:00+00:00,0.04388225082004824
2023-11-11 16:00:00+00:00,0.04472363481318378
2023-11-11 17:00:00+00:00,0.04275339174481568
2023-11-11 18:00:00+00:00,0.03968217176148057
2023-11-11 19:00:00+00:00,0.03707839940893732
2023-11-11 20:00:00+00:00,0.035202519611713994
2023-11-11 21:00:00+00:00,0.03191015687478899
2023-11-11 22:00:00+00:00,0.024889237012507576
2023-11-11 23:00:00+00:00,0.008297384991436039
2023-11-12 00:00:00+00:00,2.461082200945489e-05
2023-11-12 01:00:00+00:00,0.0
2023-11-12 02:00:00+00:00,0.0
2023-11-12 03:00:00+00:00,0.0
2023-11-12 04:00:00+00:00,0.0
2023-11-12 05:00:00+00:00,0.0
2023-11-12 06:00:00+00:00,0.0
2023-11-12 07:00:00+00:00,0.0
2023-11-12 08:00:00+00:00,0.0
2023-11-12 09:00:00+00:00,0.0
2023-11-12 10:00:00+00:00,0.0
2023-11-12 11:00:00+00:00,0.0
2023-11-12 12:00:00+00:00,0.0
2023-11-12 13:00:00+00:00,0.0
2023-11-12 14:00:00+00:00,0.011215147910089198
2023-11-12 15:00:00+00:00,0.03793957056070459
2023-11-12 16:00:00+00:00,0.041139973604916585
2023-11-12 17:00:00+00:00,0.04050297783764831
2023-11-12 18:00:00+00:00,0.037607184099283535
2023-11-12 19:00:00+00:00,0.03519061786525003
2023-11-12 20:00:00+00:00,0.032598850609575986
2023-11-12 21:00:00+00:00,0.02911462388581438
2023-11-12 22:00:00+00:00,0.022490160003340955
2023-11-12 23:00:00+00:00,0.007759877423161916
2023-11-13 00:00:00+00:00,2.083512004745032e-05
2023-11-13 01:00:00+00:00,0.0
2023-11-13 02:00:00+00:00,0.0
2023-11-13 03:00:00+00:00,0.0
2023-11-13 04:00:00+00:00,0.0
2023-11-13 05:00:00+00:00,0.0
2023-11-13 06:00:00+00:00,0.0
2023-11-13 07:00:00+00:00,0.0
2023-11-13 08:00:00+00:00,0.0
2023-11-13 09:00:00+00:00,0.0
2023-11-13 10:00:00+00:00,0.0
2023-11-13 11:00:00+00:00,0.0
2023-11-13 12:00:00+00:00,0.0
2023-11-13 13:00:00+00:00,0.0
2023-11-13 14:00:00+00:00,0.011812602011890294
2023-11-13 15:00:00+00:00,0.03742917851867004
2023-11-13 16:00:00+00:00,0.03972397560100769
2023-11-13 17:00:00+00:00,0.03799192692575465
2023-11-13 18:00:00+00:00,0.03549154969618627
2023-11-13 19:00:00+00:00,0.033375447347573924
2023-11-13 20:00:00+00:00,0.03226841239238193
2023-11-13 21:00:00+00:00,0.029575597785434043
2023-11-13 22:00:00+00:00,0.023763035601807907
2023-11-13 23:00:00+00:00,0.007959635780002222
2023-11-14 00:00:00+00:00,1.6900825666735856e-05
2023-11-14 01:00:00+00:00,0.0
2023-11-14 02:00:00+00:00,0.0
2023-11-14 03:00:00+00:00,0.0
2023-11-14 04:00:00+00:00,0.0
2023-11-14 05:00:00+00:00,0.0
2023-11-14 06:00:00+00:00,0.0
2023-11-14 07:00:00+00:00,0.0
2023-11-14 08:00:00+00:00,0.0
2023-11-14 09:00:00+00:00,0.0
2023-11-14 10:00:00+00:00,0.0
2023-11-14 11:00:00+00:00,0.0
2023-11-14 12:00:00+00:00,0.0
2023-11-14 13:00:00+00:00,0.0
2023-11-14 14:00:00+00:00,0.011455619293684334
2023-11-14 15:00:00+00:00,0.043755437677644664
2023-11-14 16:00:00+00:00,0.04458795553418373
2023-11-14 17:00:00+00:00,0.041915319658338765
2023-11-14 18:00:00+00:00,0.038855887929766804
2023-11-14 19:00:00+00:00,0.0359860330381484
2023-11-14 20:00:00+00:00,0.034645793311628995
2023-11-14 21:00:00+00:00,0.03140695035869054
2023-11-14 22:00:00+00:00,0.024749474020446523
2023-11-14 23:00:00+00:00,0.007913570213785347
2023-11-15 00:00:00+00:00,1.572319987639105e-05
2023-11-15 01:00:00+00:00,0.0
2023-11-15 02:00:00+00:00,0.0
2023-11-15 03:00:00+00:00,0.0
2023-11-15 04:00:00+00:00,0.0
2023-11-15 05:00:00+00:00,0.0
2023-11-15 06:00:00+00:00,0.0
2023-11-15 07:00:00+00:00,0.0
2023-11-15 08:00:00+00:00,0.0
2023-11-15 09:00:00+00:00,0.0
2023-11-15 10:00:00+00:00,0.0
2023-11-15 11:00:00+00:00,0.0
2023-11-15 12:00:00+00:00,0.0
2023-11-15 13:00:00+00:00,0.0
2023-11-15 14:00:00+00:00,0.010892026790556125
2023-11-15 15:00:00+00:00,0.04276127443572205
2023-11-15 16:00:00+00:00,0.044080212014620056
2023-11-15 17:00:00+00:00,0.04190483972893906
2023-11-15 18:00:00+00:00,0.0382082085944094
2023-11-15 19:00:00+00:00,0.03550695326920664
2023-11-15 20:00:00+00:00,0.03367119602942401
2023-11-15 21:00:00+00:00,0.030675635327338184
2023-11-15 22:00:00+00:00,0.023637701147499256
2023-11-15 23:00:00+00:00,0.007531084403484925
2023-11-16 00:00:00+00:00,1.388273675588723e-05
2023-11-16 01:00:00+00:00,0.0
2023-11-16 02:00:00+00:00,0.0
2023-11-16 03:00:00+00:00,0.0
2023-11-16 04:00:00+00:00,0.0
2023-11-16 05:00:00+00:00,0.0
2023-11-16 06:00:00+00:00,0.0
2023-11-16 07:00:00+00:00,0.0
2023-11-16 08:00:00+00:00,0.0
2023-11-16 09:00:00+00:00,0.0
2023-11-16 10:00:00+00:00,0.0
2023-11-16 11:00:00+00:00,0.0
2023-11-16 12:00:00+00:00,0.0
2023-11-16 13:00:00+00:00,0.0
2023-11-16 14:00:00+00:00,0.01014090680929676
2023-11-16 15:00:00+00:00,0.042537661829288864
2023-11-16 16:00:00+00:00,0.044368612899348944
2023-11-16 17:00:00+00:00,0.04191114285433315
2023-11-16 18:00:00+00:00,0.038031733634963434
2023-11-16 19:00:00+00:00,0.0358504342583338
2023-11-16 20:00:00+00:00,0.03433367606700381
2023-11-16 21:00:00+00:00,0.03199552525010301
2023-11-16 22:00:00+00:00,0.025385321372297598
2023-11-16 23:00:00+00:00,0.007800316821553334
2023-11-17 00:00:00+00:00,1.224090080599246e-05
2023-11-17 01:00:00+00:00,0.0
2023-11-17 02:00:00+00:00,0.0
2023-11-17 03:00:00+00:00,0.0
2023-11-17 04:00:00+00:00,0.0
2023-11-17 05:00:00+00:00,0.0
2023-11-17 06:00:00+00:00,0.0
2023-11-17 07:00:00+00:00,0.0
2023-11-17 08:00:00+00:00,0.0
2023-11-17 09:00:00+00:00,0.0
2023-11-17 10:00:00+00:00,0.0
2023-11-17 11:00:00+00:00,0.0
2023-11-17 12:00:00+00:00,0.0
2023-11-17 13:00:00+00:00,0.0
2023-11-17 14:00:00+00:00,0.009210432418433515
2023-11-17 15:00:00+00:00,0.043316267247640844
2023-11-17 16:00:00+00:00,0.044909758524306564
2023-11-17 17:00:00+00:00,0.04231082931704808
2023-11-17 18:00:00+00:00,0.038952904258428636
2023-11-17 19:00:00+00:00,0.03634013562912931
2023-11-17 20:00:00+00:00,0.034983769626970605
2023-11-17 21:00:00+00:00,0.03209929396078915
2023-11-17 22:00:00+00:00,0.02494947539435238
2023-11-17 23:00:00+00:00,0.007647185595815432
2023-11-18 00:00:00+00:00,1.0762152940164966e-05
2023-11-18 01:00:00+00:00,0.0
2023-11-18 02:00:00+00:00,0.0
2023-11-18 03:00:00+00:00,0.0
2023-11-18 04:00:00+00:00,0.0
2023-11-18 05:00:00+00:00,0.0
2023-11-18 06:00:00+00:00,0.0
2023-11-18 07:00:00+00:00,0.0
2023-11-18 08:00:00+00:00,0.0
2023-11-18 09:00:00+00:00,0.0
2023-11-18 10:00:00+00:00,0.0
2023-11-18 11:00:00+00:00,0.0
2023-11-18 12:00:00+00:00,0.0
2023-11-18 13:00:00+00:00,0.0
2023-11-18 14:00:00+00:00,0.008161526891991075
2023-11-18 15:00:00+00:00,0.041046614639821837
2023-11-18 16:00:00+00:00,0.04324357859211449
2023-11-18 17:00:00+00:00,0.0413577061375341
2023-11-18 18:00:00+00:00,0.038074873026809994
2023-11-18 19:00:00+00:00,0.03557477340154094
2023-11-18 20:00:00+00:00,0.0342075216884578
2023-11-18 21:00:00+00:00,0.03189257739925505
2023-11-18 22:00:00+00:00,0.025361915921530368
2023-11-18 23:00:00+00:00,0.007699450746005784
2023-11-19 00:00:00+00:00,9.520802090527169e-06
2023-11-19 01:00:00+00:00,0.0
2023-11-19 02:00:00+00:00,0.0
2023-11-19 03:00:00+00:00,0.0
2023-11-19 04:00:00+00:00,0.0
2023-11-19 05:00:00+00:00,0.0
2023-11-19 06:00:00+00:00,0.0
2023-11-19 07:00:00+00:00,0.0
2023-11-19 08:00:00+00:00,0.0
2023-11-19 09:00:00+00:00,0.0
2023-11-19 10:00:00+00:00,0.0
2023-11-19 11:00:00+00:00,0.0
2023-11-19 12:00:00+00:00,0.0
2023-11-19 13:00:00+00:00,0.0
2023-11-19 14:00:00+00:00,0.008187103715538394
2023-11-19 15:00:00+00:00,0.04338612151199147
2023-11-19 16:00:00+00:00,0.044932937675776025
2023-11-19 17:00:00+00:00,0.042711617948375656
2023-11-19 18:00:00+00:00,0.038841624712298836
2023-11-19 19:00:00+00:00,0.0362586794926807
2023-11-19 20:00:00+00:00,0.03466021969007151
2023-11-19 21:00:00+00:00,0.03191500018527113
2023-11-19 22:00:00+00:00,0.024846099963648952
2023-11-19 23:00:00+00:00,0.007407591094364538
2023-11-20 00:00:00+00:00,7.411515180635999e-06
2023-11-20 01:00:00+00:00,0.0
2023-11-20 02:00:00+00:00,0.0
2023-11-20 03:00:00+00:00,0.0
2023-11-20 04:00:00+00:00,0.0
2023-11-20 05:00:00+00:00,0.0
2023-11-20 06:00:00+00:00,0.0
2023-11-20 07:00:00+00:00,0.0
2023-11-20 08:00:00+00:00,0.0
2023-11-20 09:00:00+00:00,0.0
2023-11-20 10:00:00+00:00,0.0
2023-11-20 11:00:00+00:00,0.0
2023-11-20 12:00:00+00:00,0.0
2023-11-20 13:00:00+00:00,0.0
2023-11-20 14:00:00+00:00,0.007402614741512887
2023-11-20 15:00:00+00:00,0.04120834896295154
2023-11-20 16:00:00+00:00,0.04216149667600677
2023-11-20 17:00:00+00:00,0.039619438543983455
2023-11-20 18:00:00+00:00,0.03704660359670987
2023-11-20 19:00:00+00:00,0.034377033916003566
2023-11-20 20:00:00+00:00,0.0331906175706134
2023-11-20 21:00:00+00:00,0.031142459759095548
2023-11-20 22:00:00+00:00,0.024056692628436255
2023-11-20 23:00:00+00:00,0.006867645374164422
2023-11-21 00:00:00+00:00,6.214862694123657e-06
2023-11-21 01:00:00+00:00,0.0
2023-11-21 02:00:00+00:00,0.0
2023-11-21 03:00:00+00:00,0.0
2023-11-21 04:00:00+00:00,0.0
2023-11-21 05:00:00+00:00,0.0
2023-11-21 06:00:00+00:00,0.0
2023-11-21 07:00:00+00:00,0.0
2023-11-21 08:00:00+00:00,0.0
2023-11-21 09:00:00+00:00,0.0
2023-11-21 10:00:00+00:00,0.0
2023-11-21 11:00:00+00:00,0.0
2023-11-21 12:00:00+00:00,0.0
2023-11-21 13:00:00+00:00,0.0
2023-11-21 14:00:00+00:00,0.006197769863926707
2023-11-21 15:00:00+00:00,0.038616322692991076
2023-11-21 16:00:00+00:00,0.040409993229714024
2023-11-21 17:00:00+00:00,0.03827008297198379
2023-11-21 18:00:00+00:00,0.03581977147486982
2023-11-21 19:00:00+00:00,0.033430559652040906
2023-11-21 20:00:00+00:00,0.03148284555916279
2023-11-21 21:00:00+00:00,0.028561104105923864
2023-11-21 22:00:00+00:00,0.02172879666460992
2023-11-21 23:00:00+00:00,0.006180976351477751
2023-11-22 00:00:00+00:00,5.0892547294159755e-06
2023-11-22 01:00:00+00:00,0.0
2023-11-22 02:00:00+00:00,0.0
2023-11-22 03:00:00+00:00,0.0
2023-11-22 04:00:00+00:00,0.0
2023-11-22 05:00:00+00:00,0.0
2023-11-22 06:00:00+00:00,0.0
2023-11-22 07:00:00+00:00,0.0
2023-11-22 08:00:00+00:00,0.0
2023-11-22 09:00:00+00:00,0.0
2023-11-22 10:00:00+00:00,0.0
2023-11-22 11:00:00+00:00,0.0
2023-11-22 12:00:00+00:00,0.0
2023-11-22 13:00:00+00:00,0.0
2023-11-22 14:00:00+00:00,0.00536350218994049
2023-11-22 15:00:00+00:00,0.036695441488472584
2023-11-22 16:00:00+00:00,0.03996907442540402
2023-11-22 17:00:00+00:00,0.03763376468654024
2023-11-22 18:00:00+00:00,0.03414307883639044
2023-11-22 19:00:00+00:00,0.03195072952844524
2023-11-22 20:00:00+00:00,0.03000003053153355
2023-11-22 21:00:00+00:00,0.027457540872109436
2023-11-22 22:00:00+00:00,0.02146704023733814
2023-11-22 23:00:00+00:00,0.0062125255051939665
2023-11-23 00:00:00+00:00,4.742727795694955e-06
2023-11-23 01:00:00+00:00,0.0
2023-11-23 02:00:00+00:00,0.0
2023-11-23 03:00:00+00:00,0.0
2023-11-23 04:00:00+00:00,0.0
2023-11-23 05:00:00+00:00,0.0
2023-11-23 06:00:00+00:00,0.0
2023-11-23 07:00:00+00:00,0.0
2023-11-23 08:00:00+00:00,0.0
2023-11-23 09:00:00+00:00,0.0
2023-11-23 10:00:00+00:00,0.0
2023-11-23 11:00:00+00:00,0.0
2023-11-23 12:00:00+00:00,0.0
2023-11-23 13:00:00+00:00,0.0
2023-11-23 14:00:00+00:00,0.004519515556486267
2023-11-23 15:00:00+00:00,0.036121084430124684
2023-11-23 16:00:00+00:00,0.03971424121668279
2023-11-23 17:00:00+00:00,0.03797232316407406
2023-11-23 18:00:00+00:00,0.035199003178019675
2023-11-23 19:00:00+00:00,0.03296377677666476
2023-11-23 20:00:00+00:00,0.03100481915364527
2023-11-23 21:00:00+00:00,0.02848111773351918
2023-11-23 22:00:00+00:00,0.021813854612817443
2023-11-23 23:00:00+00:00,0.006015230737761956
2023-11-24 00:00:00+00:00,4.27135296738273e-06
2023-11-24 01:00:00+00:00,0.0
2023-11-24 02:00:00+00:00,0.0
2023-11-24 03:00:00+00:00,0.0
2023-11-24 04:00:00+00:00,0.0
2023-11-24 05:00:00+00:00,0.0
2023-11-24 06:00:00+00:00,0.0
2023-11-24 07:00:00+00:00,0.0
2023-11-24 08:00:00+00:00,0.0
2023-11-24 09:00:00+00:00,0.0
2023-11-24 10:00:00+00:00,0.0
2023-11-24 11:00:00+00:00,0.0
2023-11-24 12:00:00+00:00,0.0
2023-11-24 13:00:00+00:00,0.0
2023-11-24 14:00:00+00:00,0.004645344977362171
2023-11-24 15:00:00+00:00,0.03771045185930677
2023-11-24 16:00:00+00:00,0.04096864724888214
2023-11-24 17:00:00+00:00,0.03966473770045412
2023-11-24 18:00:00+00:00,0.03645791529773645
2023-11-24 19:00:00+00:00,0.03442798342564239
2023-11-24 20:00:00+00:00,0.03221973131519617
2023-11-24 21:00:00+00:00,0.029260187841306518
2023-11-24 22:00:00+00:00,0.022272883237030514
2023-11-24 23:00:00+00:00,0.00598264745549572
2023-11-25 00:00:00+00:00,3.830183551804896e-06
2023-11-25 01:00:00+00:00,0.0
2023-11-25 02:00:00+00:00,0.0
2023-11-25 03:00:00+00:00,0.0
2023-11-25 04:00:00+00:00,0.0
2023-11-25 05:00:00+00:00,0.0
2023-11-25 06:00:00+00:00,0.0
2023-11-25 07:00:00+00:00,0.0
2023-11-25 08:00:00+00:00,0.0
2023-11-25 09:00:00+00:00,0.0
2023-11-25 10:00:00+00:00,0.0
2023-11-25 11:00:00+00:00,0.0
2023-11-25 12:00:00+00:00,0.0
2023-11-25 13:00:00+00:00,0.0
2023-11-25 14:00:00+00:00,0.003809629141230133
2023-11-25 15:00:00+00:00,0.03717395240607377
2023-11-25 16:00:00+00:00,0.04024710931205417
2023-11-25 17:00:00+00:00,0.03865722441320206
2023-11-25 18:00:00+00:00,0.035239221119007444
2023-11-25 19:00:00+00:00,0.03363454167214038
2023-11-25 20:00:00+00:00,0.032580819480409196
2023-11-25 21:00:00+00:00,0.030557930273425567
2023-11-25 22:00:00+00:00,0.023960326048356708
2023-11-25 23:00:00+00:00,0.006610374687318343
2023-11-26 00:00:00+00:00,3.5466727728525126e-06
2023-11-26 01:00:00+00:00,0.0
2023-11-26 02:00:00+00:00,0.0
2023-11-26 03:00:00+00:00,0.0
2023-11-26 04:00:00+00:00,0.0
2023-11-26 05:00:00+00:00,0.0
2023-11-26 06:00:00+00:00,0.0
2023-11-26 07:00:00+00:00,0.0
2023-11-26 08:00:00+00:00,0.0
2023-11-26 09:00:00+00:00,0.0
2023-11-26 10:00:00+00:00,0.0
2023-11-26 11:00:00+00:00,0.0
2023-11-26 12:00:00+00:00,0.0
2023-11-26 13:00:00+00:00,0.0
2023-11-26 14:00:00+00:00,0.0036971878978501226
2023-11-26 15:00:00+00:00,0.03745978963703702
2023-11-26 16:00:00+00:00,0.041646803164662384
2023-11-26 17:00:00+00:00,0.03934949103899636
2023-11-26 18:00:00+00:00,0.036288630640884195
2023-11-26 19:00:00+00:00,0.033559677642880675
2023-11-26 20:00:00+00:00,0.03156890547235587
2023-11-26 21:00:00+00:00,0.028651818396021538
2023-11-26 22:00:00+00:00,0.021412608994621857
2023-11-26 23:00:00+00:00,0.005778744116191842
2023-11-27 00:00:00+00:00,2.7419597698955474e-06
2023-11-27 01:00:00+00:00,0.0
2023-11-27 02:00:00+00:00,0.0
2023-11-27 03:00:00+00:00,0.0
2023-11-27 04:00:00+00:00,0.0
2023-11-27 05:00:00+00:00,0.0
2023-11-27 06:00:00+00:00,0.0
2023-11-27 07:00:00+00:00,0.0
2023-11-27 08:00:00+00:00,0.0
2023-11-27 09:00:00+00:00,0.0
2023-11-27 10:00:00+00:00,0.0
2023-11-27 11:00:00+00:00,0.0
2023-11-27 12:00:00+00:00,0.0
2023-11-27 13:00:00+00:00,0.0
2023-11-27 14:00:00+00:00,0.002809310011021223
2023-11-27 15:00:00+00:00,0.03742206702981798
2023-11-27 16:00:00+00:00,0.041578588963650666
2023-11-27 17:00:00+00:00,0.039120433211266376
2023-11-27 18:00:00+00:00,0.035016589261577684
2023-11-27 19:00:00+00:00,0.03303003162685533
2023-11-27 20:00:00+00:00,0.031156273205641016
2023-11-27 21:00:00+00:00,0.028842883686720253
2023-11-27 22:00:00+00:00,0.022016883593440322
2023-11-27 23:00:00+00:00,0.005908630388552919
2023-11-28 00:00:00+00:00,2.857899025598675e-06
2023-11-28 01:00:00+00:00,0.0
2023-11-28 02:00:00+00:00,0.0
2023-11-28 03:00:00+00:00,0.0
2023-11-28 04:00:00+00:00,0.0
2023-11-28 05:00:00+00:00,0.0
2023-11-28 06:00:00+00:00,0.0
2023-11-28 07:00:00+00:00,0.0
2023-11-28 08:00:00+00:00,0.0
2023-11-28 09:00:00+00:00,0.0
2023-11-28 10:00:00+00:00,0.0
2023-11-28 11:00:00+00:00,0.0
2023-11-28 12:00:00+00:00,0.0
2023-11-28 13:00:00+00:00,0.0
2023-11-28 14:00:00+00:00,0.0024039963220864997
2023-11-28 15:00:00+00:00,0.03762444516610867
2023-11-28 16:00:00+00:00,0.042391178429312386
2023-11-28 17:00:00+00:00,0.040521398164537994
2023-11-28 18:00:00+00:00,0.03604953266191292
2023-11-28 19:00:00+00:00,0.033801987307341574
2023-11-28 20:00:00+00:00,0.031451281498863184
2023-11-28 21:00:00+00:00,0.028518535264902712
2023-11-28 22:00:00+00:00,0.02122377537426272
2023-11-28 23:00:00+00:00,0.005748302318741039
2023-11-29 00:00:00+00:00,2.5898519938288385e-06
2023-11-29 01:00:00+00:00,0.0
2023-11-29 02:00:00+00:00,0.0
2023-11-29 03:00:00+00:00,0.0
2023-11-29 04:00:00+00:00,0.0
2023-11-29 05:00:00+00:00,0.0
2023-11-29 06:00:00+00:00,0.0
2023-11-29 07:00:00+00:00,0.0
2023-11-29 08:00:00+00:00,0.0
2023-11-29 09:00:00+00:00,0.0
2023-11-29 10:00:00+00:00,0.0
2023-11-29 11:00:00+00:00,0.0
2023-11-29 12:00:00+00:00,0.0
2023-11-29 13:00:00+00:00,0.0
2023-11-29 14:00:00+00:00,0.0017758062684733464
2023-11-29 15:00:00+00:00,0.034580019840440436
2023-11-29 16:00:00+00:00,0.038707533773239586
2023-11-29 17:00:00+00:00,0.03666414056225042
2023-11-29 18:00:00+00:00,0.032815649532311864
2023-11-29 19:00:00+00:00,0.030755620873971937
2023-11-29 20:00:00+00:00,0.02856026968982732
2023-11-29 21:00:00+00:00,0.025586408270962587
2023-11-29 22:00:00+00:00,0.019020028471803226
2023-11-29 23:00:00+00:00,0.0053836631991750665
2023-11-30 00:00:00+00:00,2.3946600984319936e-06
2023-11-30 01:00:00+00:00,0.0
2023-11-30 02:00:00+00:00,0.0
2023-11-30 03:00:00+00:00,0.0
2023-11-30 04:00:00+00:00,0.0
2023-11-30 05:00:00+00:00,0.0
2023-11-30 06:00:00+00:00,0.0
2023-11-30 07:00:00+00:00,0.0
2023-11-30 08:00:00+00:00,0.0
2023-11-30 09:00:00+00:00,0.0
2023-11-30 10:00:00+00:00,0.0
2023-11-30 11:00:00+00:00,0.0
2023-11-30 12:00:00+00:00,0.0
2023-11-30 13:00:00+00:00,0.0
2023-11-30 14:00:00+00:00,0.0015227955794693926
2023-11-30 15:00:00+00:00,0.03584949586022695
2023-11-30 16:00:00+00:00,0.0398451741068625
2023-11-30 17:00:00+00:00,0.03921578626289197
2023-11-30 18:00:00+00:00,0.03560148197398014
2023-11-30 19:00:00+00:00,0.03297725728679036
2023-11-30 20:00:00+00:00,0.03103192554135
2023-11-30 21:00:00+00:00,0.027956542075743662
2023-11-30 22:00:00+00:00,0.02134354359900346
2023-11-30 23:00:00+00:00,0.005725158765483486
2023-12-01 00:00:00+00:00,1.96115241893862e-06
2023-12-01 01:00:00+00:00,0.0
2023-12-01 02:00:00+00:00,0.0
2023-12-01 03:00:00+00:00,0.0
2023-12-01 04:00:00+00:00,0.0
2023-12-01 05:00:00+00:00,0.0
2023-12-01 06:00:00+00:00,0.0
2023-12-01 07:00:00+00:00,0.0
2023-12-01 08:00:00+00:00,0.0
2023-12-01 09:00:00+00:00,0.0
2023-12-01 10:00:00+00:00,0.0
2023-12-01 11:00:00+00:00,0.0
2023-12-01 12:00:00+00:00,0.0
2023-12-01 13:00:00+00:00,0.0
2023-12-01 14:00:00+00:00,0.001414786620884838
2023-12-01 15:00:00+00:00,0.037107869454845274
2023-12-01 16:00:00+00:00,0.042233549183970154
2023-12-01 17:00:00+00:00,0.03936567833200724
2023-12-01 18:00:00+00:00,0.035776620126725965
2023-12-01 19:00:00+00:00,0.033209133201643204
2023-12-01 20:00:00+00:00,0.030897743854855247
2023-12-01 21:00:00+00:00,0.027924539271883337
2023-12-01 22:00:00+00:00,0.021080814542942465
2023-12-01 23:00:00+00:00,0.005614149364726524
2023-12-02 00:00:00+00:00,2.185882908612314e-06
2023-12-02 01:00:00+00:00,0.0
2023-12-02 02:00:00+00:00,0.0
2023-12-02 03:00:00+00:00,0.0
2023-12-02 04:00:00+00:00,0.0
2023-12-02 05:00:00+00:00,0.0
2023-12-02 06:00:00+00:00,0.0
2023-12-02 07:00:00+00:00,0.0
2023-12-02 08:00:00+00:00,0.0
2023-12-02 09:00:00+00:00,0.0
2023-12-02 10:00:00+00:00,0.0
2023-12-02 11:00:00+00:00,0.0
2023-12-02 12:00:00+00:00,0.0
2023-12-02 13:00:00+00:00,0.0
2023-12-02 14:00:00+00:00,0.001198134954745758
2023-12-02 15:00:00+00:00,0.03288181073328836
2023-12-02 16:00:00+00:00,0.03822130920562349
2023-12-02 17:00:00+00:00,0.03648857058517944
2023-12-02 18:00:00+00:00,0.03344378280434938
2023-12-02 19:00:00+00:00,0.031056326062784755
2023-12-02 20:00:00+00:00,0.029102689438222844
2023-12-02 21:00:00+00:00,0.0262455093435429
2023-12-02 22:00:00+00:00,0.01930064132520299
2023-12-02 23:00:00+00:00,0.005177869680513954
2023-12-03 00:00:00+00:00,2.0468265952367026e-06
2023-12-03 01:00:00+00:00,0.0
2023-12-03 02:00:00+00:00,0.0
2023-12-03 03:00:00+00:00,0.0
2023-12-03 04:00:00+00:00,0.0
2023-12-03 05:00:00+00:00,0.0
2023-12-03 06:00:00+00:00,0.0
2023-12-03 07:00:00+00:00,0.0
2023-12-03 08:00:00+00:00,0.0
2023-12-03 09:00:00+00:00,0.0
2023-12-03 10:00:00+00:00,0.0
2023-12-03 11:00:00+00:00,0.0
2023-12-03 12:00:00+00:00,0.0
2023-12-03 13:00:00+00:00,0.0
2023-12-03 14:00:00+00:00,0.0009720778017070543
2023-12-03 15:00:00+00:00,0.033093515836406746
2023-12-03 16:00:00+00:00,0.04008621495116946
2023-12-03 17:00:00+00:00,0.03783434469364919
2023-12-03 18:00:00+00:00,0.033849102951395
2023-12-03 19:00:00+00:00,0.031559523051291866
2023-12-03 20:00:00+00:00,0.029242443721185153
2023-12-03 21:00:00+00:00,0.02688593896821912
2023-12-03 22:00:00+00:00,0.020056123348707027
2023-12-03 23:00:00+00:00,0.0052543385275895015
2023-12-04 00:00:00+00:00,2.067430193316295e-06
2023-12-04 01:00:00+00:00,0.0
2023-12-04 02:00:00+00:00,0.0
2023-12-04 03:00:00+00:00,0.0
2023-12-04 04:00:00+00:00,0.0
2023-12-04 05:00:00+00:00,0.0
2023-12-04 06:00:00+00:00,0.0
2023-12-04 07:00:00+00:00,0.0
2023-12-04 08:00:00+00:00,0.0
2023-12-04 09:00:00+00:00,0.0
2023-12-04 10:00:00+00:00,0.0
2023-12-04 11:00:00+00:00,0.0
2023-12-04 12:00:00+00:00,0.0
2023-12-04 13:00:00+00:00,0.0
2023-12-04 14:00:00+00:00,0.0009296436393393572
2023-12-04 15:00:00+00:00,0.032402462751384094
2023-12-04 16:00:00+00:00,0.03906440111352697
2023-12-04 17:00:00+00:00,0.03647363450895133
2023-12-04 18:00:00+00:00,0.032624682064641045
2023-12-04 19:00:00+00:00,0.030085221473832056
2023-12-04 20:00:00+00:00,0.028208877976729815
2023-12-04 21:00:00+00:00,0.025536693959782576
2023-12-04 22:00:00+00:00,0.01898307234955177
2023-12-04 23:00:00+00:00,0.004962191483361014
2023-12-05 00:00:00+00:00,1.9329917283420256e-06
2023-12-05 01:00:00+00:00,0.0
2023-12-05 02:00:00+00:00,0.0
2023-12-05 03:00:00+00:00,0.0
2023-12-05 04:00:00+00:00,0.0
2023-12-05 05:00:00+00:00,0.0
2023-12-05 06:00:00+00:00,0.0
2023-12-05 07:00:00+00:00,0.0
2023-12-05 08:00:00+00:00,0.0
2023-12-05 09:00:00+00:00,0.0
2023-12-05 10:00:00+00:00,0.0
2023-12-05 11:00:00+00:00,0.0
2023-12-05 12:00:00+00:00,0.0
2023-12-05 13:00:00+00:00,0.0
2023-12-05 14:00:00+00:00,0.0008525334645581492
2023-12-05 15:00:00+00:00,0.028953039129279937
2023-12-05 16:00:00+00:00,0.0361485715599947
2023-12-05 17:00:00+00:00,0.03538771072404096
2023-12-05 18:00:00+00:00,0.03303921340680891
2023-12-05 19:00:00+00:00,0.030815284185724462
2023-12-05 20:00:00+00:00,0.029422351326893345
2023-12-05 21:00:00+00:00,0.026618487769127307
2023-12-05 22:00:00+00:00,0.020393492676601357
2023-12-05 23:00:00+00:00,0.005437198537747201
2023-12-06 00:00:00+00:00,2.087434203814722e-06
2023-12-06 01:00:00+00:00,0.0
2023-12-06 02:00:00+00:00,0.0
2023-12-06 03:00:00+00:00,0.0
2023-12-06 04:00:00+00:00,0.0
2023-12-06 05:00:00+00:00,0.0
2023-12-06 06:00:00+00:00,0.0
2023-12-06 07:00:00+00:00,0.0
2023-12-06 08:00:00+00:00,0.0
2023-12-06 09:00:00+00:00,0.0
2023-12-06 10:00:00+00:00,0.0
2023-12-06 11:00:00+00:00,0.0
2023-12-06 12:00:00+00:00,0.0
2023-12-06 13:00:00+00:00,0.0
2023-12-06 14:00:00+00:00,0.0007362302160156159
2023-12-06 15:00:00+00:00,0.0306853059887317
2023-12-06 16:00:00+00:00,0.0380532631593897
2023-12-06 17:00:00+00:00,0.03608902016714126
2023-12-06 18:00:00+00:00,0.03312650872813134
2023-12-06 19:00:00+00:00,0.030581147265813038
2023-12-06 20:00:00+00:00,0.028684665604017875
2023-12-06 21:00:00+00:00,0.02615070751164513
2023-12-06 22:00:00+00:00,0.019487477480641443
2023-12-06 23:00:00+00:00,0.005327063821492684
2023-12-07 00:00:00+00:00,1.9826848812699246e-06
2023-12-07 01:00:00+00:00,0.0
2023-12-07 02:00:00+00:00,0.0
2023-12-07 03:00:00+00:00,0.0
2023-12-07 04:00:00+00:00,0.0
2023-12-07 05:00:00+00:00,0.0
2023-12-07 06:00:00+00:00,0.0
2023-12-07 07:00:00+00:00,0.0
2023-12-07 08:00:00+00:00,0.0
2023-12-07 09:00:00+00:00,0.0
2023-12-07 10:00:00+00:00,0.0
2023-12-07 11:00:00+00:00,0.0
2023-12-07 12:00:00+00:00,0.0
2023-12-07 13:00:00+00:00,0.0
2023-12-07 14:00:00+00:00,0.0006986448621456865
2023-12-07 15:00:00+00:00,0.028003725472365935
2023-12-07 16:00:00+00:00,0.03663662890858013
2023-12-07 17:00:00+00:00,0.03537131350446882
2023-12-07 18:00:00+00:00,0.03251762551632246
2023-12-07 19:00:00+00:00,0.030446231640365435
2023-12-07 20:00:00+00:00,0.0287111755930103
2023-12-07 21:00:00+00:00,0.025820885447212078
2023-12-07 22:00:00+00:00,0.018402854944841746
2023-12-07 23:00:00+00:00,0.0048530332409801695
2023-12-08 00:00:00+00:00,2.215313614812754e-06
2023-12-08 01:00:00+00:00,0.0
2023-12-08 02:00:00+00:00,0.0
2023-12-08 03:00:00+00:00,0.0
2023-12-08 04:00:00+00:00,0.0
2023-12-08 05:00:00+00:00,0.0
2023-12-08 06:00:00+00:00,0.0
2023-12-08 07:00:00+00:00,0.0
2023-12-08 08:00:00+00:00,0.0
2023-12-08 09:00:00+00:00,0.0
2023-12-08 10:00:00+00:00,0.0
2023-12-08 11:00:00+00:00,0.0
2023-12-08 12:00:00+00:00,0.0
2023-12-08 13:00:00+00:00,0.0
2023-12-08 14:00:00+00:00,0.0005470932090830869
2023-12-08 15:00:00+00:00,0.030815013973215125
2023-12-08 16:00:00+00:00,0.04024513281950994
2023-12-08 17:00:00+00:00,0.037788103416146995
2023-12-08 18:00:00+00:00,0.035035244961009515
2023-12-08 19:00:00+00:00,0.032469720640429106
2023-12-08 20:00:00+00:00,0.030997895888661402
2023-12-08 21:00:00+00:00,0.029080520554793786
2023-12-08 22:00:00+00:00,0.022516040402935172
2023-12-08 23:00:00+00:00,0.006236182670694095
2023-12-09 00:00:00+00:00,2.3473893573019202e-06
2023-12-09 01:00:00+00:00,0.0
2023-12-09 02:00:00+00:00,0.0
2023-12-09 03:00:00+00:00,0.0
2023-12-09 04:00:00+00:00,0.0
2023-12-09 05:00:00+00:00,0.0
2023-12-09 06:00:00+00:00,0.0
2023-12-09 07:00:00+00:00,0.0
2023-12-09 08:00:00+00:00,0.0
2023-12-09 09:00:00+00:00,0.0
2023-12-09 10:00:00+00:00,0.0
2023-12-09 11:00:00+00:00,0.0
2023-12-09 12:00:00+00:00,0.0
2023-12-09 13:00:00+00:00,0.0
2023-12-09 14:00:00+00:00,0.0004602297551096499
2023-12-09 15:00:00+00:00,0.03204539026030354
2023-12-09 16:00:00+00:00,0.041771130116366136
2023-12-09 17:00:00+00:00,0.039322936344962936
2023-12-09 18:00:00+00:00,0.0360480463370626
2023-12-09 19:00:00+00:00,0.033089380931366215
2023-12-09 20:00:00+00:00,0.031841249760685794
2023-12-09 21:00:00+00:00,0.029695845933395956
2023-12-09 22:00:00+00:00,0.022764541304009484
2023-12-09 23:00:00+00:00,0.006250789077965366
2023-12-10 00:00:00+00:00,2.6305202173283583e-06
2023-12-10 01:00:00+00:00,0.0
2023-12-10 02:00:00+00:00,0.0
2023-12-10 03:00:00+00:00,0.0
2023-12-10 04:00:00+00:00,0.0
2023-12-10 05:00:00+00:00,0.0
2023-12-10 06:00:00+00:00,0.0
2023-12-10 07:00:00+00:00,0.0
2023-12-10 08:00:00+00:00,0.0
2023-12-10 09:00:00+00:00,0.0
2023-12-10 10:00:00+00:00,0.0
2023-12-10 11:00:00+00:00,0.0
2023-12-10 12:00:00+00:00,0.0
2023-12-10 13:00:00+00:00,0.0
2023-12-10 14:00:00+00:00,0.0003889420783952496
2023-12-10 15:00:00+00:00,0.03400665379447612
2023-12-10 16:00:00+00:00,0.04364024442786716
2023-12-10 17:00:00+00:00,0.040072457737262014
2023-12-10 18:00:00+00:00,0.03545116412926273
2023-12-10 19:00:00+00:00,0.0327191858622198
2023-12-10 20:00:00+00:00,0.03164278853141222
2023-12-10 21:00:00+00:00,0.029795260579339223
2023-12-10 22:00:00+00:00,0.022866559151117717
2023-12-10 23:00:00+00:00,0.006016725590408766
2023-12-11 00:00:00+00:00,2.816316321790905e-06
2023-12-11 01:00:00+00:00,0.0
2023-12-11 02:00:00+00:00,0.0
2023-12-11 03:00:00+00:00,0.0
2023-12-11 04:00:00+00:00,0.0
2023-12-11 05:00:00+00:00,0.0
2023-12-11 06:00:00+00:00,0.0
2023-12-11 07:00:00+00:00,0.0
2023-12-11 08:00:00+00:00,0.0
2023-12-11 09:00:00+00:00,0.0
2023-12-11 10:00:00+00:00,0.0
2023-12-11 11:00:00+00:00,0.0
2023-12-11 12:00:00+00:00,0.0
2023-12-11 13:00:00+00:00,0.0
2023-12-11 14:00:00+00:00,0.00034596480254532147
2023-12-11 15:00:00+00:00,0.02902349182688462
2023-12-11 16:00:00+00:00,0.039048020093775525
2023-12-11 17:00:00+00:00,0.03706974545226104
2023-12-11 18:00:00+00:00,0.03392339937322617
2023-12-11 19:00:00+00:00,0.03115420891429261
2023-12-11 20:00:00+00:00,0.02939641585169461
2023-12-11 21:00:00+00:00,0.02701103502576186
2023-12-11 22:00:00+00:00,0.020269977619169155
2023-12-11 23:00:00+00:00,0.005505969915506023
2023-12-12 00:00:00+00:00,3.2262165338829894e-06
2023-12-12 01:00:00+00:00,0.0
2023-12-12 02:00:00+00:00,0.0
2023-12-12 03:00:00+00:00,0.0
2023-12-12 04:00:00+00:00,0.0
2023-12-12 05:00:00+00:00,0.0
2023-12-12 06:00:00+00:00,0.0
2023-12-12 07:00:00+00:00,0.0
2023-12-12 08:00:00+00:00,0.0
2023-12-12 09:00:00+00:00,0.0
2023-12-12 10:00:00+00:00,0.0
2023-12-12 11:00:00+00:00,0.0
2023-12-12 12:00:00+00:00,0.0
2023-12-12 13:00:00+00:00,0.0
2023-12-12 14:00:00+00:00,0.00023252379520013745
2023-12-12 15:00:00+00:00,0.02673998097548148
2023-12-12 16:00:00+00:00,0.03438953405943853
2023-12-12 17:00:00+00:00,0.03268551549535608
2023-12-12 18:00:00+00:00,0.030558770303634356
2023-12-12 19:00:00+00:00,0.027495154944420553
2023-12-12 20:00:00+00:00,0.025924138847127114
2023-12-12 21:00:00+00:00,0.023487203647752954
2023-12-12 22:00:00+00:00,0.017800931978972832
2023-12-12 23:00:00+00:00,0.005245084033211859
2023-12-13 00:00:00+00:00,3.139005791786929e-06
2023-12-13 01:00:00+00:00,0.0
2023-12-13 02:00:00+00:00,0.0
2023-12-13 03:00:00+00:00,0.0
2023-12-13 04:00:00+00:00,0.0
2023-12-13 05:00:00+00:00,0.0
2023-12-13 06:00:00+00:00,0.0
2023-12-13 07:00:00+00:00,0.0
2023-12-13 08:00:00+00:00,0.0
2023-12-13 09:00:00+00:00,0.0
2023-12-13 10:00:00+00:00,0.0
2023-12-13 11:00:00+00:00,0.0
2023-12-13 12:00:00+00:00,0.0
2023-12-13 13:00:00+00:00,0.0
2023-12-13 14:00:00+00:00,0.00021557318945340453
2023-12-13 15:00:00+00:00,0.02523610172832195
2023-12-13 16:00:00+00:00,0.03602278950884863
2023-12-13 17:00:00+00:00,0.036053943568167525
2023-12-13 18:00:00+00:00,0.03298594769295338
2023-12-13 19:00:00+00:00,0.03050737911445298
2023-12-13 20:00:00+00:00,0.029216668704243384
2023-12-13 21:00:00+00:00,0.027112311085714394
2023-12-13 22:00:00+00:00,0.02076203778813215
2023-12-13 23:00:00+00:00,0.0059725572562445645
2023-12-14 00:00:00+00:00,3.1023230285579267e-06
2023-12-14 01:00:00+00:00,0.0
2023-12-14 02:00:00+00:00,0.0
2023-12-14 03:00:00+00:00,0.0
2023-12-14 04:00:00+00:00,0.0
2023-12-14 05:00:00+00:00,0.0
2023-12-14 06:00:00+00:00,0.0
2023-12-14 07:00:00+00:00,0.0
2023-12-14 08:00:00+00:00,0.0
2023-12-14 09:00:00+00:00,0.0
2023-12-14 10:00:00+00:00,0.0
2023-12-14 11:00:00+00:00,0.0
2023-12-14 12:00:00+00:00,0.0
2023-12-14 13:00:00+00:00,0.0
2023-12-14 14:00:00+00:00,0.00013501550954928384
2023-12-14 15:00:00+00:00,0.029437374540908702
2023-12-14 16:00:00+00:00,0.04080706824939411
2023-12-14 17:00:00+00:00,0.03855467411844406
2023-12-14 18:00:00+00:00,0.035381897095851156
2023-12-14 19:00:00+00:00,0.032193138756545316
2023-12-14 20:00:00+00:00,0.030502489276145663
2023-12-14 21:00:00+00:00,0.028355916233805355
2023-12-14 22:00:00+00:00,0.02206900632911822
2023-12-14 23:00:00+00:00,0.00627730121802152
2023-12-15 00:00:00+00:00,4.223444882118103e-06
2023-12-15 01:00:00+00:00,0.0
2023-12-15 02:00:00+00:00,0.0
2023-12-15 03:00:00+00:00,0.0
2023-12-15 04:00:00+00:00,0.0
2023-12-15 05:00:00+00:00,0.0
2023-12-15 06:00:00+00:00,0.0
2023-12-15 07:00:00+00:00,0.0
2023-12-15 08:00:00+00:00,0.0
2023-12-15 09:00:00+00:00,0.0
2023-12-15 10:00:00+00:00,0.0
2023-12-15 11:00:00+00:00,0.0
2023-12-15 12:00:00+00:00,0.0
2023-12-15 13:00:00+00:00,0.0
2023-12-15 14:00:00+00:00,7.713050660055315e-05
2023-12-15 15:00:00+00:00,0.03171215326323116
2023-12-15 16:00:00+00:00,0.04336657689877719
2023-12-15 17:00:00+00:00,0.04142029592401076
2023-12-15 18:00:00+00:00,0.03650586637358929
2023-12-15 19:00:00+00:00,0.033284360669301634
2023-12-15 20:00:00+00:00,0.03152828738164498
2023-12-15 21:00:00+00:00,0.028899878761599808
2023-12-15 22:00:00+00:00,0.02204998553797444
2023-12-15 23:00:00+00:00,0.0062389268840836
2023-12-16 00:00:00+00:00,4.772084491811805e-06
2023-12-16 01:00:00+00:00,0.0
2023-12-16 02:00:00+00:00,0.0
2023-12-16 03:00:00+00:00,0.0
2023-12-16 04:00:00+00:00,0.0
2023-12-16 05:00:00+00:00,0.0
2023-12-16 06:00:00+00:00,0.0
2023-12-16 07:00:00+00:00,0.0
2023-12-16 08:00:00+00:00,0.0
2023-12-16 09:00:00+00:00,0.0
2023-12-16 10:00:00+00:00,0.0
2023-12-16 11:00:00+00:00,0.0
2023-12-16 12:00:00+00:00,0.0
2023-12-16 13:00:00+00:00,0.0
2023-12-16 14:00:00+00:00,3.760343006442446e-05
2023-12-16 15:00:00+00:00,0.02818941272310849
2023-12-16 16:00:00+00:00,0.03989833995508865
2023-12-16 17:00:00+00:00,0.0392513553728681
2023-12-16 18:00:00+00:00,0.03535513019944947
2023-12-16 19:00:00+00:00,0.03234804360452885
2023-12-16 20:00:00+00:00,0.03088070769291244
2023-12-16 21:00:00+00:00,0.028748266816829904
2023-12-16 22:00:00+00:00,0.02193834683431778
2023-12-16 23:00:00+00:00,0.00619394620053518
2023-12-17 00:00:00+00:00,4.749753744145509e-06
2023-12-17 01:00:00+00:00,0.0
2023-12-17 02:00:00+00:00,0.0
2023-12-17 03:00:00+00:00,0.0
2023-12-17 04:00:00+00:00,0.0
2023-12-17 05:00:00+00:00,0.0
2023-12-17 06:00:00+00:00,0.0
2023-12-17 07:00:00+00:00,0.0
2023-12-17 08:00:00+00:00,0.0
2023-12-17 09:00:00+00:00,0.0
2023-12-17 10:00:00+00:00,0.0
2023-12-17 11:00:00+00:00,0.0
2023-12-17 12:00:00+00:00,0.0
2023-12-17 13:00:00+00:00,0.0
2023-12-17 14:00:00+00:00,1.775394871281504e-05
2023-12-17 15:00:00+00:00,0.025695599475659532
2023-12-17 16:00:00+00:00,0.03639625419694938
2023-12-17 17:00:00+00:00,0.03524019663958366
2023-12-17 18:00:00+00:00,0.032110366930448976
2023-12-17 19:00:00+00:00,0.03004756050768469
2023-12-17 20:00:00+00:00,0.029411144078773193
2023-12-17 21:00:00+00:00,0.02773373208813913
2023-12-17 22:00:00+00:00,0.021501609657630694
2023-12-17 23:00:00+00:00,0.006456106561462894
2023-12-18 00:00:00+00:00,5.158815938155091e-06
2023-12-18 01:00:00+00:00,0.0
2023-12-18 02:00:00+00:00,0.0
2023-12-18 03:00:00+00:00,0.0
2023-12-18 04:00:00+00:00,0.0
2023-12-18 05:00:00+00:00,0.0
2023-12-18 06:00:00+00:00,0.0
2023-12-18 07:00:00+00:00,0.0
2023-12-18 08:00:00+00:00,0.0
2023-12-18 09:00:00+00:00,0.0
2023-12-18 10:00:00+00:00,0.0
2023-12-18 11:00:00+00:00,0.0
2023-12-18 12:00:00+00:00,0.0
2023-12-18 13:00:00+00:00,0.0
2023-12-18 14:00:00+00:00,0.0
2023-12-18 15:00:00+00:00,0.026657934648588157
2023-12-18 16:00:00+00:00,0.03738198972845383
2023-12-18 17:00:00+00:00,0.03586496737234243
2023-12-18 18:00:00+00:00,0.032913034528729956
2023-12-18 19:00:00+00:00,0.030245530524960217
2023-12-18 20:00:00+00:00,0.028720397207431452
2023-12-18 21:00:00+00:00,0.026134323386260257
2023-12-18 22:00:00+00:00,0.019713706887853916
2023-12-18 23:00:00+00:00,0.005674392111508761
2023-12-19 00:00:00+00:00,5.582946531286569e-06
2023-12-19 01:00:00+00:00,0.0
2023-12-19 02:00:00+00:00,0.0
2023-12-19 03:00:00+00:00,0.0
2023-12-19 04:00:00+00:00,0.0
2023-12-19 05:00:00+00:00,0.0
2023-12-19 06:00:00+00:00,0.0
2023-12-19 07:00:00+00:00,0.0
2023-12-19 08:00:00+00:00,0.0
2023-12-19 09:00:00+00:00,0.0
2023-12-19 10:00:00+00:00,0.0
2023-12-19 11:00:00+00:00,0.0
2023-12-19 12:00:00+00:00,0.0
2023-12-19 13:00:00+00:00,0.0
2023-12-19 14:00:00+00:00,0.0
2023-12-19 15:00:00+00:00,0.024798329362265767
2023-12-19 16:00:00+00:00,0.036020260496045974
2023-12-19 17:00:00+00:00,0.03497594935656003
2023-12-19 18:00:00+00:00,0.032646983955966775
2023-12-19 19:00:00+00:00,0.030366808893296682
2023-12-19 20:00:00+00:00,0.028827533975664406
2023-12-19 21:00:00+00:00,0.026741602103913555
2023-12-19 22:00:00+00:00,0.020759079542460444
2023-12-19 23:00:00+00:00,0.006358734375389532
2023-12-20 00:00:00+00:00,6.565116327908237e-06
2023-12-20 01:00:00+00:00,0.0
2023-12-20 02:00:00+00:00,0.0
2023-12-20 03:00:00+00:00,0.0
2023-12-20 04:00:00+00:00,0.0
2023-12-20 05:00:00+00:00,0.0
2023-12-20 06:00:00+00:00,0.0
2023-12-20 07:00:00+00:00,0.0
2023-12-20 08:00:00+00:00,0.0
2023-12-20 09:00:00+00:00,0.0
2023-12-20 10:00:00+00:00,0.0
2023-12-20 11:00:00+00:00,0.0
2023-12-20 12:00:00+00:00,0.0
2023-12-20 13:00:00+00:00,0.0
2023-12-20 14:00:00+00:00,0.0
2023-12-20 15:00:00+00:00,0.02599680941850437
2023-12-20 16:00:00+00:00,0.038847442425335534
2023-12-20 17:00:00+00:00,0.03739641248790965
2023-12-20 18:00:00+00:00,0.034697613576654754
2023-12-20 19:00:00+00:00,0.031566205802588294
2023-12-20 20:00:00+00:00,0.02947082026356907
2023-12-20 21:00:00+00:00,0.02703855768005788
2023-12-20 22:00:00+00:00,0.020965189383879174
2023-12-20 23:00:00+00:00,0.0064058391913981655
2023-12-21 00:00:00+00:00,8.08309851519599e-06
2023-12-21 01:00:00+00:00,0.0
2023-12-21 02:00:00+00:00,0.0
2023-12-21 03:00:00+00:00,0.0
2023-12-21 04:00:00+00:00,0.0
2023-12-21 05:00:00+00:00,0.0
2023-12-21 06:00:00+00:00,0.0
2023-12-21 07:00:00+00:00,0.0
2023-12-21 08:00:00+00:00,0.0
2023-12-21 09:00:00+00:00,0.0
2023-12-21 10:00:00+00:00,0.0
2023-12-21 11:00:00+00:00,0.0
2023-12-21 12:00:00+00:00,0.0
2023-12-21 13:00:00+00:00,0.0
2023-12-21 14:00:00+00:00,0.0
2023-12-21 15:00:00+00:00,0.02531027054104518
2023-12-21 16:00:00+00:00,0.03799557337084092
2023-12-21 17:00:00+00:00,0.03694277455803285
2023-12-21 18:00:00+00:00,0.034097574564190505
2023-12-21 19:00:00+00:00,0.03145967633813307
2023-12-21 20:00:00+00:00,0.02963697975520132
2023-12-21 21:00:00+00:00,0.027028037982104017
2023-12-21 22:00:00+00:00,0.020693579909379714
2023-12-21 23:00:00+00:00,0.0064281632951910745
2023-12-22 00:00:00+00:00,8.698815536318541e-06
2023-12-22 01:00:00+00:00,0.0
2023-12-22 02:00:00+00:00,0.0
2023-12-22 03:00:00+00:00,0.0
2023-12-22 04:00:00+00:00,0.0
2023-12-22 05:00:00+00:00,0.0
2023-12-22 06:00:00+00:00,0.0
2023-12-22 07:00:00+00:00,0.0
2023-12-22 08:00:00+00:00,0.0
2023-12-22 09:00:00+00:00,0.0
2023-12-22 10:00:00+00:00,0.0
2023-12-22 11:00:00+00:00,0.0
2023-12-22 12:00:00+00:00,0.0
2023-12-22 13:00:00+00:00,0.0
2023-12-22 14:00:00+00:00,0.0
2023-12-22 15:00:00+00:00,0.023267077648241877
2023-12-22 16:00:00+00:00,0.03440780928828238
2023-12-22 17:00:00+00:00,0.033607561640584434
2023-12-22 18:00:00+00:00,0.029894400175423358
2023-12-22 19:00:00+00:00,0.02794332417024732
2023-12-22 20:00:00+00:00,0.025957805265534345
2023-12-22 21:00:00+00:00,0.022942382375146488
2023-12-22 22:00:00+00:00,0.018447249015568906
2023-12-22 23:00:00+00:00,0.006008095699763482
2023-12-23 00:00:00+00:00,9.272206501517278e-06
2023-12-23 01:00:00+00:00,0.0
2023-12-23 02:00:00+00:00,0.0
2023-12-23 03:00:00+00:00,0.0
2023-12-23 04:00:00+00:00,0.0
2023-12-23 05:00:00+00:00,0.0
2023-12-23 06:00:00+00:00,0.0
2023-12-23 07:00:00+00:00,0.0
2023-12-23 08:00:00+00:00,0.0
2023-12-23 09:00:00+00:00,0.0
2023-12-23 10:00:00+00:00,0.0
2023-12-23 11:00:00+00:00,0.0
2023-12-23 12:00:00+00:00,0.0
2023-12-23 13:00:00+00:00,0.0
2023-12-23 14:00:00+00:00,0.0
2023-12-23 15:00:00+00:00,0.02285372365058492
2023-12-23 16:00:00+00:00,0.034620129246245024
2023-12-23 17:00:00+00:00,0.03362562717604397
2023-12-23 18:00:00+00:00,0.030930797639825102
2023-12-23 19:00:00+00:00,0.028624186905302808
2023-12-23 20:00:00+00:00,0.02705815902726785
2023-12-23 21:00:00+00:00,0.02605410944030659
2023-12-23 22:00:00+00:00,0.020590120144247114
2023-12-23 23:00:00+00:00,0.006931138337296445
2023-12-24 00:00:00+00:00,1.111395980958606e-05
2023-12-24 01:00:00+00:00,0.0
2023-12-24 02:00:00+00:00,0.0
2023-12-24 03:00:00+00:00,0.0
2023-12-24 04:00:00+00:00,0.0
2023-12-24 05:00:00+00:00,0.0
2023-12-24 06:00:00+00:00,0.0
2023-12-24 07:00:00+00:00,0.0
2023-12-24 08:00:00+00:00,0.0
2023-12-24 09:00:00+00:00,0.0
2023-12-24 10:00:00+00:00,0.0
2023-12-24 11:00:00+00:00,0.0
2023-12-24 12:00:00+00:00,0.0
2023-12-24 13:00:00+00:00,0.0
2023-12-24 14:00:00+00:00,0.0
2023-12-24 15:00:00+00:00,0.02740678058774222
2023-12-24 16:00:00+00:00,0.04009308330986015
2023-12-24 17:00:00+00:00,0.037922227807268685
2023-12-24 18:00:00+00:00,0.0344972572823543
2023-12-24 19:00:00+00:00,0.03155714488316775
2023-12-24 20:00:00+00:00,0.02991788146678608
2023-12-24 21:00:00+00:00,0.028692934890225875
2023-12-24 22:00:00+00:00,0.023301256058916222
2023-12-24 23:00:00+00:00,0.008115996599699265
2023-12-25 00:00:00+00:00,1.3631687506867571e-05
2023-12-25 01:00:00+00:00,0.0
2023-12-25 02:00:00+00:00,0.0
2023-12-25 03:00:00+00:00,0.0
2023-12-25 04:00:00+00:00,0.0
2023-12-25 05:00:00+00:00,0.0
2023-12-25 06:00:00+00:00,0.0
2023-12-25 07:00:00+00:00,0.0
2023-12-25 08:00:00+00:00,0.0
2023-12-25 09:00:00+00:00,0.0
2023-12-25 10:00:00+00:00,0.0
2023-12-25 11:00:00+00:00,0.0
2023-12-25 12:00:00+00:00,0.0
2023-12-25 13:00:00+00:00,0.0
2023-12-25 14:00:00+00:00,0.0
2023-12-25 15:00:00+00:00,0.027422956002593295
2023-12-25 16:00:00+00:00,0.041311124128512726
2023-12-25 17:00:00+00:00,0.03948405126097537
2023-12-25 18:00:00+00:00,0.035539130205711145
2023-12-25 19:00:00+00:00,0.03294592186471231
2023-12-25 20:00:00+00:00,0.03126523377293005
2023-12-25 21:00:00+00:00,0.029225448697092333
2023-12-25 22:00:00+00:00,0.023545404402596656
2023-12-25 23:00:00+00:00,0.007940043248255854
2023-12-26 00:00:00+00:00,1.5558444187482032e-05
2023-12-26 01:00:00+00:00,0.0
2023-12-26 02:00:00+00:00,0.0
2023-12-26 03:00:00+00:00,0.0
2023-12-26 04:00:00+00:00,0.0
2023-12-26 05:00:00+00:00,0.0
2023-12-26 06:00:00+00:00,0.0
2023-12-26 07:00:00+00:00,0.0
2023-12-26 08:00:00+00:00,0.0
2023-12-26 09:00:00+00:00,0.0
2023-12-26 10:00:00+00:00,0.0
2023-12-26 11:00:00+00:00,0.0
2023-12-26 12:00:00+00:00,0.0
2023-12-26 13:00:00+00:00,0.0
2023-12-26 14:00:00+00:00,0.0
2023-12-26 15:00:00+00:00,0.024377394023822684
2023-12-26 16:00:00+00:00,0.037327536789042964
2023-12-26 17:00:00+00:00,0.03594221323623532
2023-12-26 18:00:00+00:00,0.03221637642546005
2023-12-26 19:00:00+00:00,0.02985467222390055
2023-12-26 20:00:00+00:00,0.028588630638651094
2023-12-26 21:00:00+00:00,0.025883027957048194
2023-12-26 22:00:00+00:00,0.020564708908020896
2023-12-26 23:00:00+00:00,0.007354915591915176
2023-12-27 00:00:00+00:00,1.9004062891769225e-05
2023-12-27 01:00:00+00:00,0.0
2023-12-27 02:00:00+00:00,0.0
2023-12-27 03:00:00+00:00,0.0
2023-12-27 04:00:00+00:00,0.0
2023-12-27 05:00:00+00:00,0.0
2023-12-27 06:00:00+00:00,0.0
2023-12-27 07:00:00+00:00,0.0
2023-12-27 08:00:00+00:00,0.0
2023-12-27 09:00:00+00:00,0.0
2023-12-27 10:00:00+00:00,0.0
2023-12-27 11:00:00+00:00,0.0
2023-12-27 12:00:00+00:00,0.0
2023-12-27 13:00:00+00:00,0.0
2023-12-27 14:00:00+00:00,0.0
2023-12-27 15:00:00+00:00,0.024628516857286203
2023-12-27 16:00:00+00:00,0.03916560804570344
2023-12-27 17:00:00+00:00,0.03773223733711761
2023-12-27 18:00:00+00:00,0.03470681791442594
2023-12-27 19:00:00+00:00,0.03161111068072508
2023-12-27 20:00:00+00:00,0.02952280575928159
2023-12-27 21:00:00+00:00,0.026793454122079802
2023-12-27 22:00:00+00:00,0.02034906947536385
2023-12-27 23:00:00+00:00,0.007089565188476672
2023-12-28 00:00:00+00:00,2.2199183761246558e-05
2023-12-28 01:00:00+00:00,0.0
2023-12-28 02:00:00+00:00,0.0
2023-12-28 03:00:00+00:00,0.0
2023-12-28 04:00:00+00:00,0.0
2023-12-28 05:00:00+00:00,0.0
2023-12-28 06:00:00+00:00,0.0
2023-12-28 07:00:00+00:00,0.0
2023-12-28 08:00:00+00:00,0.0
2023-12-28 09:00:00+00:00,0.0
2023-12-28 10:00:00+00:00,0.0
2023-12-28 11:00:00+00:00,0.0
2023-12-28 12:00:00+00:00,0.0
2023-12-28 13:00:00+00:00,0.0
2023-12-28 14:00:00+00:00,0.0
2023-12-28 15:00:00+00:00,0.023208478178178227
2023-12-28 16:00:00+00:00,0.03606802600824846
2023-12-28 17:00:00+00:00,0.035069048422274776
2023-12-28 18:00:00+00:00,0.0332388370407122
2023-12-28 19:00:00+00:00,0.031063730304203445
2023-12-28 20:00:00+00:00,0.02959902454514941
2023-12-28 21:00:00+00:00,0.027178287476042964
2023-12-28 22:00:00+00:00,0.021142017222080294
2023-12-28 23:00:00+00:00,0.007371772229865341
2023-12-29 00:00:00+00:00,2.710319965292289e-05
2023-12-29 01:00:00+00:00,0.0
2023-12-29 02:00:00+00:00,0.0
2023-12-29 03:00:00+00:00,0.0
2023-12-29 04:00:00+00:00,0.0
2023-12-29 05:00:00+00:00,0.0
2023-12-29 06:00:00+00:00,0.0
2023-12-29 07:00:00+00:00,0.0
2023-12-29 08:00:00+00:00,0.0
2023-12-29 09:00:00+00:00,0.0
2023-12-29 10:00:00+00:00,0.0
2023-12-29 11:00:00+00:00,0.0
2023-12-29 12:00:00+00:00,0.0
2023-12-29 13:00:00+00:00,0.0
2023-12-29 14:00:00+00:00,0.0
2023-12-29 15:00:00+00:00,0.02379336412724091
2023-12-29 16:00:00+00:00,0.03806989267524646
2023-12-29 17:00:00+00:00,0.03742728838158913
2023-12-29 18:00:00+00:00,0.03470487919675675
2023-12-29 19:00:00+00:00,0.03164898058648917
2023-12-29 20:00:00+00:00,0.029568553308896826
2023-12-29 21:00:00+00:00,0.026840675464437736
2023-12-29 22:00:00+00:00,0.02088865277687682
2023-12-29 23:00:00+00:00,0.008118128352783534
2023-12-30 00:00:00+00:00,3.2321095228392e-05
2023-12-30 01:00:00+00:00,0.0
2023-12-30 02:00:00+00:00,0.0
2023-12-30 03:00:00+00:00,0.0
2023-12-30 04:00:00+00:00,0.0
2023-12-30 05:00:00+00:00,0.0
2023-12-30 06:00:00+00:00,0.0
2023-12-30 07:00:00+00:00,0.0
2023-12-30 08:00:00+00:00,0.0
2023-12-30 09:00:00+00:00,0.0
2023-12-30 10:00:00+00:00,0.0
2023-12-30 11:00:00+00:00,0.0
2023-12-30 12:00:00+00:00,0.0
2023-12-30 13:00:00+00:00,0.0
2023-12-30 14:00:00+00:00,0.0
2023-12-30 15:00:00+00:00,0.02301879003900125
2023-12-30 16:00:00+00:00,0.036031507627084416
2023-12-30 17:00:00+00:00,0.036213286988147096
2023-12-30 18:00:00+00:00,0.03310891027429381
2023-12-30 19:00:00+00:00,0.03134397767051061
2023-12-30 20:00:00+00:00,0.030003487437212303
2023-12-30 21:00:00+00:00,0.028008559165676458
2023-12-30 22:00:00+00:00,0.022560031010517963
2023-12-30 23:00:00+00:00,0.008946731362111446
2023-12-31 00:00:00+00:00,4.296304980545085e-05
2023-12-31 01:00:00+00:00,0.0
2023-12-31 02:00:00+00:00,0.0
2023-12-31 03:00:00+00:00,0.0
2023-12-31 04:00:00+00:00,0.0
2023-12-31 05:00:00+00:00,0.0
2023-12-31 06:00:00+00:00,0.0
2023-12-31 07:00:00+00:00,0.0
2023-12-31 08:00:00+00:00,0.0
2023-12-31 09:00:00+00:00,0.0
2023-12-31 10:00:00+00:00,0.0
2023-12-31 11:00:00+00:00,0.0
2023-12-31 12:00:00+00:00,0.0
2023-12-31 13:00:00+00:00,0.0
2023-12-31 14:00:00+00:00,0.0
2023-12-31 15:00:00+00:00,0.022526261754063952
2023-12-31 16:00:00+00:00,0.03491808612397178
2023-12-31 17:00:00+00:00,0.03544160359595283
2023-12-31 18:00:00+00:00,0.03323633406214411
2023-12-31 19:00:00+00:00,0.031054167372962647
2023-12-31 20:00:00+00:00,0.028643134473826378
2023-12-31 21:00:00+00:00,0.026099622836911765
2023-12-31 22:00:00+00:00,0.021763573185574665
2023-12-31 23:00:00+00:00,0.006940691400383322
